listing_id,address,area_m2,rooms,parking,storage,elevator,price_toman,ppm2,link,slug_2024,city_slug,lat,lon,district,location_type
D21-00001,Shahran,63,1,1,1,1,1850000000.0,29365079.365079366,author_assigned,north-shahran,,35.7661018371582,51.288944244384766,5.0,tehran_district
D21-00002,Shahran,60,1,1,1,1,1850000000.0,30833333.333333332,author_assigned,north-shahran,,35.7661018371582,51.288944244384766,5.0,tehran_district
D21-00003,Pardis,79,2,1,1,1,550000000.0,6962025.316455696,author_assigned,,pardis-city,,,,satellite_town
D21-00004,Shahrake Qods,95,2,1,1,1,902500000.0,9500000.0,author_assigned,,qods-city,,,,satellite_town
D21-00005,Shahrake Gharb,123,2,1,1,1,7000000000.0,56910569.10569106,name_match,shahrak-e-gharb,,35.76015853881836,51.371429443359375,2.0,tehran_district
D21-00006,North Program Organization,70,2,1,1,0,2050000000.0,29285714.285714287,author_assigned,sazamn-barnameh,,35.72991752624512,51.30108451843262,5.0,tehran_district
D21-00007,Pardis,87,2,1,1,1,600000000.0,6896551.724137931,author_assigned,,pardis-city,,,,satellite_town
D21-00008,Shahran,59,1,1,1,1,2150000000.0,36440677.9661017,author_assigned,north-shahran,,35.7661018371582,51.288944244384766,5.0,tehran_district
D21-00009,Andisheh,54,2,1,1,0,493000000.0,9129629.629629629,author_assigned,,andisheh-new-town,,,,satellite_town
D21-00010,West Ferdows Boulevard,71,1,1,1,1,2370000000.0,33380281.690140843,author_assigned,kooy-e-ferdos,,35.72373008728027,51.3161506652832,5.0,tehran_district
D21-00011,West Ferdows Boulevard,68,2,1,1,1,2450000000.0,36029411.76470588,author_assigned,kooy-e-ferdos,,35.72373008728027,51.3161506652832,5.0,tehran_district
D21-00012,Narmak,64,1,1,1,1,2100000000.0,32812500.0,name_match,narmak,,35.736019134521484,51.49953079223633,4.0,tehran_district
D21-00013,Narmak,54,1,0,1,1,1690000000.0,31296296.296296295,name_match,narmak,,35.736019134521484,51.49953079223633,4.0,tehran_district
D21-00014,Saadat Abad,136,3,1,1,1,11000000000.0,80882352.94117647,name_match,saadat-abad,,35.78205490112305,51.37488555908203,2.0,tehran_district
D21-00015,Zafar,95,2,1,1,1,5000000000.0,52631578.94736842,name_match,zafar,,35.76667404174805,51.43242645263672,3.0,tehran_district
D21-00016,Islamshahr,63,1,0,1,0,570000000.0,9047619.047619049,author_assigned,,eslamshahr,,,,satellite_town
D21-00017,Narmak,155,3,1,1,1,6700000000.0,43225806.451612905,name_match,narmak,,35.736019134521484,51.49953079223633,4.0,tehran_district
D21-00018,Pirouzi,64,2,0,1,0,1450000000.0,22656250.0,name_match,pirouzi,,35.692726135253906,51.48339080810547,13.0,tehran_district
D21-00019,West Ferdows Boulevard,140,3,1,1,1,6400000000.0,45714285.71428572,author_assigned,kooy-e-ferdos,,35.72373008728027,51.3161506652832,5.0,tehran_district
D21-00020,Pirouzi,42,1,0,1,0,1390000000.0,33095238.095238097,name_match,pirouzi,,35.692726135253906,51.48339080810547,13.0,tehran_district
D21-00021,Shahrake Gharb,93,2,1,1,1,7000000000.0,75268817.20430107,name_match,shahrak-e-gharb,,35.76015853881836,51.371429443359375,2.0,tehran_district
D21-00022,Shahrake Shahid Bagheri,87,2,1,1,1,2500000000.0,28735632.183908045,author_assigned,shahrak-shahid-bagheri,,35.7615852355957,51.20418167114258,22.0,tehran_district
D21-00023,Shahran,65,1,1,1,1,1880000000.0,28923076.923076924,author_assigned,north-shahran,,35.7661018371582,51.288944244384766,5.0,tehran_district
D21-00024,Moniriyeh,99,2,1,1,1,2277000000.0,23000000.0,name_match,moniriyeh,,35.68195724487305,51.40165138244629,11.0,tehran_district
D21-00025,Saadat Abad,105,2,1,1,1,7150000000.0,68095238.09523809,name_match,saadat-abad,,35.78205490112305,51.37488555908203,2.0,tehran_district
D21-00026,Velenjak,160,3,1,1,1,14945000000.0,93406250.0,name_match,velenjak,,35.806060791015625,51.40216255187988,1.0,tehran_district
D21-00027,Amirieh,77,2,1,1,1,1771000000.0,23000000.0,name_match,amiriyeh,,35.6776237487793,51.40111541748047,11.0,tehran_district
D21-00028,Pirouzi,123,2,1,1,1,4059000000.0,33000000.0,name_match,pirouzi,,35.692726135253906,51.48339080810547,13.0,tehran_district
D21-00029,Southern Janatabad,110,2,1,1,1,630000000.0,5727272.7272727275,author_assigned,south-janat-abad,,35.74760437011719,51.30598068237305,5.0,tehran_district
D21-00030,West Ferdows Boulevard,100,2,1,1,1,3200000000.0,32000000.0,author_assigned,kooy-e-ferdos,,35.72373008728027,51.3161506652832,5.0,tehran_district
D21-00031,Salsabil,90,2,0,1,0,1500000000.0,16666666.666666666,author_assigned,sarsabil,,35.68894577026367,51.37411117553711,10.0,tehran_district
D21-00032,West Ferdows Boulevard,49,1,1,1,1,2200000000.0,44897959.18367347,author_assigned,kooy-e-ferdos,,35.72373008728027,51.3161506652832,5.0,tehran_district
D21-00033,Zargandeh,96,2,1,1,1,7872000000.0,82000000.0,name_match,zargandeh,,35.7764835357666,51.43245315551758,3.0,tehran_district
D21-00034,Feiz Garden,67,2,1,1,0,2350000000.0,35074626.86567164,author_assigned,bagh-feyz,,35.744869232177734,51.32010269165039,5.0,tehran_district
D21-00035,West Ferdows Boulevard,68,2,1,1,1,2500000000.0,36764705.88235294,author_assigned,kooy-e-ferdos,,35.72373008728027,51.3161506652832,5.0,tehran_district
D21-00036,Water Organization,62,1,1,0,1,2150000000.0,34677419.35483871,author_assigned,sazman-ab,,35.73834800720215,51.28927040100098,5.0,tehran_district
D21-00037,West Ferdows Boulevard,55,1,1,1,1,2150000000.0,39090909.09090909,author_assigned,kooy-e-ferdos,,35.72373008728027,51.3161506652832,5.0,tehran_district
D21-00038,West Ferdows Boulevard,110,2,1,1,1,3750000000.0,34090909.09090909,author_assigned,kooy-e-ferdos,,35.72373008728027,51.3161506652832,5.0,tehran_district
D21-00039,West Ferdows Boulevard,129,2,1,1,1,5250000000.0,40697674.41860465,author_assigned,kooy-e-ferdos,,35.72373008728027,51.3161506652832,5.0,tehran_district
D21-00040,West Ferdows Boulevard,109,2,1,1,1,4830000000.0,44311926.60550459,author_assigned,kooy-e-ferdos,,35.72373008728027,51.3161506652832,5.0,tehran_district
D21-00041,Saadat Abad,58,1,1,1,1,3400000000.0,58620689.655172415,name_match,saadat-abad,,35.78205490112305,51.37488555908203,2.0,tehran_district
D21-00042,Saadat Abad,55,1,1,1,1,3850000000.0,70000000.0,name_match,saadat-abad,,35.78205490112305,51.37488555908203,2.0,tehran_district
D21-00043,Shahrake Qods,150,2,0,1,1,1200000000.0,8000000.0,author_assigned,,qods-city,,,,satellite_town
D21-00044,ShahrAra,130,3,1,1,0,5000000000.0,38461538.461538464,author_assigned,sharara,,35.72113800048828,51.37224197387695,2.0,tehran_district
D21-00045,Gisha,88,2,1,1,1,4750000000.0,53977272.72727273,name_match,gisha,,35.7353458404541,51.37760925292969,2.0,tehran_district
D21-00046,Gisha,51,1,1,1,1,2980000000.0,58431372.549019605,name_match,gisha,,35.7353458404541,51.37760925292969,2.0,tehran_district
D21-00047,Shahrake Gharb,113,3,1,1,0,7000000000.0,61946902.654867254,name_match,shahrak-e-gharb,,35.76015853881836,51.371429443359375,2.0,tehran_district
D21-00048,Ray,110,2,1,1,1,2035000000.0,18500000.0,author_assigned,,,,,20.0,tehran_district
D21-00049,Abbasabad,60,1,1,1,1,2460000000.0,41000000.0,name_match,abbas-abad,,35.72870635986328,51.43783378601074,7.0,tehran_district
D21-00050,Pardis,98,2,1,1,1,540000000.0,5510204.081632653,author_assigned,,pardis-city,,,,satellite_town
D21-00051,Ostad Moein,62,2,0,0,1,1450000000.0,23387096.774193548,name_match,ostad-moein,,35.693721771240234,51.34459686279297,9.0,tehran_district
D21-00052,Farmanieh,150,3,1,1,1,10000000000.0,66666666.666666664,name_match,farmaniyeh,,35.79709053039551,51.46924209594727,1.0,tehran_district
D21-00053,Parand,75,2,0,0,0,635000000.0,8466666.666666666,author_assigned,,parand-city,,,,satellite_town
D21-00054,Punak,61,1,1,1,0,2030000000.0,33278688.524590164,author_assigned,poonak,,35.76210975646973,51.33013343811035,5.0,tehran_district
D21-00055,Punak,61,1,1,1,0,2030000000.0,33278688.524590164,author_assigned,poonak,,35.76210975646973,51.33013343811035,5.0,tehran_district
D21-00056,Shahran,72,2,1,1,1,2350000000.0,32638888.888888888,author_assigned,north-shahran,,35.7661018371582,51.288944244384766,5.0,tehran_district
D21-00057,Qasr-od-Dasht,100,2,1,1,1,3000000000.0,30000000.0,unlinked,,,,,,unlocated
D21-00058,Aqdasieh,122,3,1,1,1,7200000000.0,59016393.44262295,name_match,aghdasieh,,35.805532455444336,51.47702217102051,1.0,tehran_district
D21-00059,Pakdasht,215,3,1,1,1,1750000000.0,8139534.883720931,author_assigned,,pakdasht-city,,,,satellite_town
D21-00060,Railway,101,2,1,1,1,3300000000.0,32673267.326732673,unlinked,,,,,,unlocated
D21-00061,Punak,67,2,1,1,1,2800000000.0,41791044.7761194,author_assigned,poonak,,35.76210975646973,51.33013343811035,5.0,tehran_district
D21-00062,Punak,72,2,1,1,0,2200000000.0,30555555.555555556,author_assigned,poonak,,35.76210975646973,51.33013343811035,5.0,tehran_district
D21-00063,Punak,63,1,1,1,0,2200000000.0,34920634.92063492,author_assigned,poonak,,35.76210975646973,51.33013343811035,5.0,tehran_district
D21-00064,Punak,75,2,1,1,0,2200000000.0,29333333.333333332,author_assigned,poonak,,35.76210975646973,51.33013343811035,5.0,tehran_district
D21-00065,Shahran,109,2,1,1,1,3500000000.0,32110091.743119266,author_assigned,north-shahran,,35.7661018371582,51.288944244384766,5.0,tehran_district
D21-00066,Aqdasieh,122,2,1,1,1,7000000000.0,57377049.18032787,name_match,aghdasieh,,35.805532455444336,51.47702217102051,1.0,tehran_district
D21-00067,Central Janatabad,70,1,1,1,1,3100000000.0,44285714.28571428,name_match,central-janat-abad,,35.75911331176758,51.30409622192383,5.0,tehran_district
D21-00068,West Ferdows Boulevard,60,1,1,1,1,2450000000.0,40833333.333333336,author_assigned,kooy-e-ferdos,,35.72373008728027,51.3161506652832,5.0,tehran_district
D21-00069,East Ferdows Boulevard,53,1,1,1,0,1920000000.0,36226415.094339624,author_assigned,kooy-e-ferdos,,35.72373008728027,51.3161506652832,5.0,tehran_district
D21-00070,Pakdasht KhatunAbad,90,1,0,1,0,850000000.0,9444444.444444444,author_assigned,,pakdasht-city,,,,satellite_town
D21-00071,Amirieh,72,2,1,1,1,1650000000.0,22916666.666666668,name_match,amiriyeh,,35.6776237487793,51.40111541748047,11.0,tehran_district
D21-00072,Amirieh,74,2,1,1,1,1700000000.0,22972972.972972974,name_match,amiriyeh,,35.6776237487793,51.40111541748047,11.0,tehran_district
D21-00073,Parand,88,3,0,0,1,560000000.0,6363636.363636363,author_assigned,,parand-city,,,,satellite_town
D21-00074,Punak,63,1,1,1,1,2150000000.0,34126984.12698413,author_assigned,poonak,,35.76210975646973,51.33013343811035,5.0,tehran_district
D21-00075,Sattarkhan,114,3,1,1,1,5500000000.0,48245614.03508772,name_match,sattarkhan,,35.72103309631348,51.35769271850586,2.0,tehran_district
D21-00076,Saadat Abad,151,3,1,1,1,10200000000.0,67549668.87417218,name_match,saadat-abad,,35.78205490112305,51.37488555908203,2.0,tehran_district
D21-00077,Shahran,42,1,1,0,1,1760000000.0,41904761.9047619,author_assigned,north-shahran,,35.7661018371582,51.288944244384766,5.0,tehran_district
D21-00078,Amirieh,74,2,1,1,1,1700000000.0,22972972.972972974,name_match,amiriyeh,,35.6776237487793,51.40111541748047,11.0,tehran_district
D21-00079,Parand,88,3,0,0,1,560000000.0,6363636.363636363,author_assigned,,parand-city,,,,satellite_town
D21-00080,Punak,63,1,1,1,1,2150000000.0,34126984.12698413,author_assigned,poonak,,35.76210975646973,51.33013343811035,5.0,tehran_district
D21-00081,Sattarkhan,114,3,1,1,1,5500000000.0,48245614.03508772,name_match,sattarkhan,,35.72103309631348,51.35769271850586,2.0,tehran_district
D21-00082,Saadat Abad,151,3,1,1,1,10200000000.0,67549668.87417218,name_match,saadat-abad,,35.78205490112305,51.37488555908203,2.0,tehran_district
D21-00083,Shahran,42,1,1,0,1,1760000000.0,41904761.9047619,author_assigned,north-shahran,,35.7661018371582,51.288944244384766,5.0,tehran_district
D21-00084,Baghestan,300,3,1,1,0,1500000000.0,5000000.0,unlinked,,,,,,unlocated
D21-00085,West Ferdows Boulevard,110,2,1,1,1,3730000000.0,33909090.90909091,author_assigned,kooy-e-ferdos,,35.72373008728027,51.3161506652832,5.0,tehran_district
D21-00086,Shahrake Qods,100,2,0,0,0,620000000.0,6200000.0,author_assigned,,qods-city,,,,satellite_town
D21-00087,Shahryar,140,1,0,0,0,580000000.0,4142857.1428571427,author_assigned,,shahriar-city,,,,satellite_town
D21-00088,Northern Janatabad,70,2,1,1,1,3050000000.0,43571428.571428575,author_assigned,north-janat-abad,,35.770896911621094,51.30755615234375,5.0,tehran_district
D21-00089,West Ferdows Boulevard,60,2,1,1,0,2000000000.0,33333333.333333332,author_assigned,kooy-e-ferdos,,35.72373008728027,51.3161506652832,5.0,tehran_district
D21-00090,North Program Organization,76,2,1,1,1,2600000000.0,34210526.315789476,author_assigned,sazamn-barnameh,,35.72991752624512,51.30108451843262,5.0,tehran_district
D21-00091,Daryan No,148,3,1,1,1,5990000000.0,40472972.972972974,name_match,daryan-no,,35.714054107666016,51.36056900024414,2.0,tehran_district
D21-00092,North Program Organization,75,2,1,1,1,2300000000.0,30666666.666666668,author_assigned,sazamn-barnameh,,35.72991752624512,51.30108451843262,5.0,tehran_district
D21-00093,Pirouzi,40,1,1,1,0,1300000000.0,32500000.0,name_match,pirouzi,,35.692726135253906,51.48339080810547,13.0,tehran_district
D21-00094,Southern Program Organization,65,2,1,1,1,2270000000.0,34923076.92307692,author_assigned,sazamn-barnameh,,35.72991752624512,51.30108451843262,5.0,tehran_district
D21-00095,Rudhen,140,3,1,1,1,4000000000.0,28571428.57142857,author_assigned,,rudehen,,,,satellite_town
D21-00096,West Pars,110,2,1,1,1,4000000000.0,36363636.36363637,author_assigned,west-tehranpars,,35.73899841308594,51.52931213378906,4.0,tehran_district
D21-00097,Afsarieh,70,2,1,0,1,1650000000.0,23571428.57142857,name_match,afsariyeh,,35.649417877197266,51.49230194091797,15.0,tehran_district
D21-00098,Marzdaran,128,3,1,1,1,6700000000.0,52343750.0,name_match,marzdaran,,35.73454475402832,51.33983612060547,2.0,tehran_district
D21-00099,Parand,94,2,1,1,1,580000000.0,6170212.765957447,author_assigned,,parand-city,,,,satellite_town
D21-00100,Punak,67,1,1,1,1,2300000000.0,34328358.20895522,author_assigned,poonak,,35.76210975646973,51.33013343811035,5.0,tehran_district
D21-00101,Shahrake Qods,75,1,1,1,1,650000000.0,8666666.666666666,author_assigned,,qods-city,,,,satellite_town
D21-00102,Dorous,130,2,1,1,1,16900000000.0,130000000.0,author_assigned,darrous,,35.77359199523926,51.45492362976074,3.0,tehran_district
D21-00103,Shahrake Qods,40,0,0,0,0,248000000.0,6200000.0,author_assigned,,qods-city,,,,satellite_town
D21-00104,Pardis,97,2,1,1,1,510000000.0,5257731.958762887,author_assigned,,pardis-city,,,,satellite_town
D21-00105,Shahran,110,2,1,1,1,3850000000.0,35000000.0,author_assigned,north-shahran,,35.7661018371582,51.288944244384766,5.0,tehran_district
D21-00106,Sadeghieh,150,3,1,1,1,6000000000.0,40000000.0,name_match,sadeghiyeh,,35.72065734863281,51.34082221984863,2.0,tehran_district
D21-00107,Chahardangeh,75,2,0,0,0,780000000.0,10400000.0,author_assigned,,chahar-dangeh,,,,satellite_town
D21-00108,ShahrAra,137,3,1,1,1,7200000000.0,52554744.525547445,author_assigned,sharara,,35.72113800048828,51.37224197387695,2.0,tehran_district
D21-00109,Parand,85,2,1,1,1,410000000.0,4823529.411764706,author_assigned,,parand-city,,,,satellite_town
D21-00110,Pakdasht,68,2,0,1,0,430000000.0,6323529.411764706,author_assigned,,pakdasht-city,,,,satellite_town
D21-00111,Baqershahr,78,2,0,1,0,800000000.0,10256410.256410256,author_assigned,,baghershahr,,,,satellite_town
D21-00112,Parand,85,2,1,1,1,545000000.0,6411764.705882353,author_assigned,,parand-city,,,,satellite_town
D21-00113,Parand,100,2,1,1,0,1280000000.0,12800000.0,author_assigned,,parand-city,,,,satellite_town
D21-00114,Punak,71,2,1,1,1,2800000000.0,39436619.71830986,author_assigned,poonak,,35.76210975646973,51.33013343811035,5.0,tehran_district
D21-00115,Gisha,140,3,1,1,1,11200000000.0,80000000.0,name_match,gisha,,35.7353458404541,51.37760925292969,2.0,tehran_district
D21-00116,Parand,136,3,1,1,0,750000000.0,5514705.882352941,author_assigned,,parand-city,,,,satellite_town
D21-00117,Jeyhoon,48,1,0,0,0,850000000.0,17708333.333333332,name_match,jeyhoun,,35.68763732910156,51.36460494995117,10.0,tehran_district
D21-00118,Lavizan,100,2,1,1,1,3300000000.0,33000000.0,name_match,lavizan,,35.77014350891113,51.51229476928711,4.0,tehran_district
D21-00119,Shams Abad,82,2,1,0,1,3280000000.0,40000000.0,name_match,shams-abad,,35.74838066101074,51.47891616821289,4.0,tehran_district
D21-00120,Fatemi,120,3,1,1,1,4800000000.0,40000000.0,unlinked,,,,,,unlocated
D21-00121,Gisha,139,3,1,1,1,7300000000.0,52517985.61151079,name_match,gisha,,35.7353458404541,51.37760925292969,2.0,tehran_district
D21-00122,Keshavarz Boulevard,110,3,1,1,1,3950000000.0,35909090.90909091,author_assigned,bolvar-e-keshavarz,,35.71397972106934,51.401174545288086,6.0,tehran_district
D21-00123,Parand,78,2,0,0,1,370000000.0,4743589.743589744,author_assigned,,parand-city,,,,satellite_town
D21-00124,Baghestan,79,2,0,0,0,750000000.0,9493670.88607595,unlinked,,,,,,unlocated
D21-00125,Salsabil,66,2,1,1,1,1725000000.0,26136363.636363637,author_assigned,sarsabil,,35.68894577026367,51.37411117553711,10.0,tehran_district
D21-00126,Kahrizak,78,2,1,1,1,780000000.0,10000000.0,author_assigned,,kahrizak,,,,satellite_town
D21-00127,Shahryar,85,2,1,1,1,1419000000.0,16694117.647058824,author_assigned,,shahriar-city,,,,satellite_town
D21-00128,Qarchak,100,2,1,1,0,1200000000.0,12000000.0,author_assigned,,qarchak-city,,,,satellite_town
D21-00129,Northren Jamalzadeh,80,2,1,1,1,3600000000.0,45000000.0,author_assigned,jamalzadeh,,35.69633483886719,51.38865280151367,11.0,tehran_district
D21-00130,Salsabil,44,1,1,1,0,1050000000.0,23863636.363636363,author_assigned,sarsabil,,35.68894577026367,51.37411117553711,10.0,tehran_district
D21-00131,Shahryar,120,2,1,1,0,1200000000.0,10000000.0,author_assigned,,shahriar-city,,,,satellite_town
D21-00132,Shahrake Qods,50,1,0,1,0,340000000.0,6800000.0,author_assigned,,qods-city,,,,satellite_town
D21-00133,Ostad Moein,121,3,1,1,0,3300000000.0,27272727.272727273,name_match,ostad-moein,,35.693721771240234,51.34459686279297,9.0,tehran_district
D21-00134,Azarbaijan,80,2,1,1,1,2800000000.0,35000000.0,name_match,azarbaijan,,35.698368072509766,51.36988830566406,10.0,tehran_district
D21-00135,Bahar,70,2,0,1,1,1200000000.0,17142857.14285714,name_match,bahar,,35.71185302734375,51.43248748779297,7.0,tehran_district
D21-00136,Pakdasht,40,0,0,0,0,165000000.0,4125000.0,author_assigned,,pakdasht-city,,,,satellite_town
D21-00137,Railway,88,2,1,1,1,2860000000.0,32500000.0,unlinked,,,,,,unlocated
D21-00138,Persian Gulf Martyrs Lake,141,3,1,1,1,3810000000.0,27021276.59574468,author_assigned,chitgar-lake,,35.749732971191406,51.210039138793945,22.0,tehran_district
D21-00139,Persian Gulf Martyrs Lake,140,3,1,1,1,1790000000.0,12785714.285714285,author_assigned,chitgar-lake,,35.749732971191406,51.210039138793945,22.0,tehran_district
D21-00140,Persian Gulf Martyrs Lake,120,2,1,1,1,1530000000.0,12750000.0,author_assigned,chitgar-lake,,35.749732971191406,51.210039138793945,22.0,tehran_district
D21-00141,Beryanak,66,2,0,1,0,1000000000.0,15151515.151515152,name_match,beryanak,,35.67388916015625,51.37664222717285,10.0,tehran_district
D21-00142,Punak,70,2,1,1,1,3500000000.0,50000000.0,author_assigned,poonak,,35.76210975646973,51.33013343811035,5.0,tehran_district
D21-00143,Heshmatieh,75,2,1,0,1,3000000000.0,40000000.0,author_assigned,heshamatiyeh,,35.726993560791016,51.45331573486328,7.0,tehran_district
D21-00144,Elm-o-Sanat,70,2,0,1,1,1800000000.0,25714285.714285713,name_match,elm-o-sanat,,35.741071701049805,51.51243209838867,4.0,tehran_district
D21-00145,Saadat Abad,150,3,1,1,1,20000000000.0,133333333.33333333,name_match,saadat-abad,,35.78205490112305,51.37488555908203,2.0,tehran_district
D21-00146,Golestan,95,2,1,1,1,950000000.0,10000000.0,author_assigned,,golestan-baharestan,,,,satellite_town
D21-00147,Southern Janatabad,127,2,1,1,1,6000000000.0,47244094.488188975,author_assigned,south-janat-abad,,35.74760437011719,51.30598068237305,5.0,tehran_district
D21-00148,Shahr-e-Ziba,123,3,1,1,1,3700000000.0,30081300.81300813,name_match,shahr-e-ziba,,35.7481575012207,51.291460037231445,5.0,tehran_district
D21-00149,Southern Janatabad,63,2,1,1,1,2000000000.0,31746031.746031746,author_assigned,south-janat-abad,,35.74760437011719,51.30598068237305,5.0,tehran_district
D21-00150,Punak,90,2,1,1,1,3050000000.0,33888888.88888889,author_assigned,poonak,,35.76210975646973,51.33013343811035,5.0,tehran_district
D21-00151,Pardis,105,2,1,1,1,605000000.0,5761904.761904762,author_assigned,,pardis-city,,,,satellite_town
D21-00152,Pasdaran,180,3,1,1,1,9900000000.0,55000000.0,name_match,pasdaran,,35.76714897155762,51.46321868896485,4.0,tehran_district
D21-00153,Pirouzi,120,3,1,0,1,3700000000.0,30833333.333333332,name_match,pirouzi,,35.692726135253906,51.48339080810547,13.0,tehran_district
D21-00154,Feiz Garden,65,2,1,1,1,2500000000.0,38461538.461538464,author_assigned,bagh-feyz,,35.744869232177734,51.32010269165039,5.0,tehran_district
D21-00155,Farmanieh,158,3,1,1,1,10480000000.0,66329113.92405064,name_match,farmaniyeh,,35.79709053039551,51.46924209594727,1.0,tehran_district
D21-00156,Chardivari,144,3,1,1,1,7632000000.0,53000000.0,unlinked,,,,,,unlocated
D21-00157,Punak,144,3,1,1,1,7632000000.0,53000000.0,author_assigned,poonak,,35.76210975646973,51.33013343811035,5.0,tehran_district
D21-00158,Gheitarieh,130,3,1,1,1,12300000000.0,94615384.61538461,author_assigned,qeytariyeh,,35.79129219055176,51.4472541809082,1.0,tehran_district
D21-00159,Farmanieh,245,3,1,1,1,26950000000.0,110000000.0,name_match,farmaniyeh,,35.79709053039551,51.46924209594727,1.0,tehran_district
D21-00160,Kamranieh,190,3,1,1,1,24300000000.0,127894736.84210527,name_match,kamraniyeh,,35.806640625,51.46280670166016,1.0,tehran_district
D21-00161,Central Janatabad,63,2,1,1,1,3000000000.0,47619047.61904762,name_match,central-janat-abad,,35.75911331176758,51.30409622192383,5.0,tehran_district
D21-00162,East Ferdows Boulevard,75,2,1,1,1,2100000000.0,28000000.0,author_assigned,kooy-e-ferdos,,35.72373008728027,51.3161506652832,5.0,tehran_district
D21-00163,Gholhak,88,2,1,0,1,4700000000.0,53409090.90909091,name_match,gholhak,,35.77467346191406,51.44390869140625,3.0,tehran_district
D21-00164,Pasdaran,108,2,1,1,1,9180000000.0,85000000.0,name_match,pasdaran,,35.76714897155762,51.46321868896485,4.0,tehran_district
D21-00165,Islamshahr,117,2,1,1,1,1579500000.0,13500000.0,author_assigned,,eslamshahr,,,,satellite_town
D21-00166,Pasdaran,200,3,1,1,1,12000000000.0,60000000.0,name_match,pasdaran,,35.76714897155762,51.46321868896485,4.0,tehran_district
D21-00167,Pirouzi,65,1,1,1,0,1750000000.0,26923076.923076924,name_match,pirouzi,,35.692726135253906,51.48339080810547,13.0,tehran_district
D21-00168,Central Janatabad,90,2,1,1,1,3780000000.0,42000000.0,name_match,central-janat-abad,,35.75911331176758,51.30409622192383,5.0,tehran_district
D21-00169,Heravi,125,2,1,1,1,8100000000.0,64800000.0,name_match,heravi,,35.76724433898926,51.47656440734863,4.0,tehran_district
D21-00170,Heravi,140,3,1,1,1,9100000000.0,65000000.0,name_match,heravi,,35.76724433898926,51.47656440734863,4.0,tehran_district
D21-00171,Hashemi,71,2,0,1,1,1550000000.0,21830985.91549296,name_match,hashemi,,35.68504333496094,51.360145568847656,10.0,tehran_district
D21-00172,Jeyhoon,71,2,0,1,1,1640000000.0,23098591.549295776,name_match,jeyhoun,,35.68763732910156,51.36460494995117,10.0,tehran_district
D21-00173,Gheitarieh,236,4,1,1,1,20000000000.0,84745762.71186441,author_assigned,qeytariyeh,,35.79129219055176,51.4472541809082,1.0,tehran_district
D21-00174,Central Janatabad,67,2,1,1,1,2750000000.0,41044776.11940298,name_match,central-janat-abad,,35.75911331176758,51.30409622192383,5.0,tehran_district
D21-00175,Punak,60,1,1,1,1,1750000000.0,29166666.666666668,author_assigned,poonak,,35.76210975646973,51.33013343811035,5.0,tehran_district
D21-00176,Heravi,220,3,1,1,1,15400000000.0,70000000.0,name_match,heravi,,35.76724433898926,51.47656440734863,4.0,tehran_district
D21-00177,Andisheh,44,1,1,1,0,350000000.0,7954545.454545454,author_assigned,,andisheh-new-town,,,,satellite_town
D21-00178,Heravi,68,1,1,1,1,4115000000.0,60514705.88235294,name_match,heravi,,35.76724433898926,51.47656440734863,4.0,tehran_district
D21-00179,Pasdaran,100,2,1,1,1,8000000000.0,80000000.0,name_match,pasdaran,,35.76714897155762,51.46321868896485,4.0,tehran_district
D21-00180,Pardis,86,2,1,1,1,580000000.0,6744186.046511628,author_assigned,,pardis-city,,,,satellite_town
D21-00181,Pardis,84,2,1,1,1,560000000.0,6666666.666666667,author_assigned,,pardis-city,,,,satellite_town
D21-00182,Heravi,94,2,1,1,1,4800000000.0,51063829.787234046,name_match,heravi,,35.76724433898926,51.47656440734863,4.0,tehran_district
D21-00183,West Ferdows Boulevard,55,1,0,1,0,1550000000.0,28181818.181818184,author_assigned,kooy-e-ferdos,,35.72373008728027,51.3161506652832,5.0,tehran_district
D21-00184,Saadat Abad,113,2,1,1,1,7500000000.0,66371681.415929206,name_match,saadat-abad,,35.78205490112305,51.37488555908203,2.0,tehran_district
D21-00185,Islamshahr,71,2,1,1,1,630000000.0,8873239.436619718,author_assigned,,eslamshahr,,,,satellite_town
D21-00186,Dehkade Olampic,70,2,1,1,0,2000000000.0,28571428.57142857,author_assigned,dehkade-olympic,,35.76129913330078,51.25746154785156,22.0,tehran_district
D21-00187,Golestan,200,3,1,1,1,2400000000.0,12000000.0,author_assigned,,golestan-baharestan,,,,satellite_town
D21-00188,Golestan,106,2,1,1,1,1100000000.0,10377358.490566038,author_assigned,,golestan-baharestan,,,,satellite_town
D21-00189,Saadat Abad,320,4,1,1,1,24000000000.0,75000000.0,name_match,saadat-abad,,35.78205490112305,51.37488555908203,2.0,tehran_district
D21-00190,West Pars,114,2,1,1,1,3820000000.0,33508771.92982456,author_assigned,west-tehranpars,,35.73899841308594,51.52931213378906,4.0,tehran_district
D21-00191,Punak,100,2,1,1,1,6000000000.0,60000000.0,author_assigned,poonak,,35.76210975646973,51.33013343811035,5.0,tehran_district
D21-00192,Saadat Abad,122,2,1,1,1,5800000000.0,47540983.60655738,name_match,saadat-abad,,35.78205490112305,51.37488555908203,2.0,tehran_district
D21-00193,Damavand,200,2,1,1,0,3500000000.0,17500000.0,author_assigned,,damavand,,,,satellite_town
D21-00194,Saadat Abad,154,3,1,1,1,12300000000.0,79870129.87012987,name_match,saadat-abad,,35.78205490112305,51.37488555908203,2.0,tehran_district
D21-00195,Pasdaran,210,3,1,1,1,15750000000.0,75000000.0,name_match,pasdaran,,35.76714897155762,51.46321868896485,4.0,tehran_district
D21-00196,East Ferdows Boulevard,200,3,1,1,1,11000000000.0,55000000.0,author_assigned,kooy-e-ferdos,,35.72373008728027,51.3161506652832,5.0,tehran_district
D21-00197,Southern Janatabad,65,1,1,1,1,3000000000.0,46153846.15384615,author_assigned,south-janat-abad,,35.74760437011719,51.30598068237305,5.0,tehran_district
D21-00198,Pirouzi,124,3,1,1,1,3968000000.0,32000000.0,name_match,pirouzi,,35.692726135253906,51.48339080810547,13.0,tehran_district
D21-00199,Republic,83,2,1,1,1,1909000000.0,23000000.0,author_assigned,jomhouri,,35.696685791015625,51.38128662109375,11.0,tehran_district
D21-00200,Farmanieh,270,4,1,1,1,37800000000.0,140000000.0,name_match,farmaniyeh,,35.79709053039551,51.46924209594727,1.0,tehran_district
D21-00201,East Ferdows Boulevard,104,2,1,1,1,5700000000.0,54807692.307692304,author_assigned,kooy-e-ferdos,,35.72373008728027,51.3161506652832,5.0,tehran_district
D21-00202,Zaferanieh,150,3,1,1,1,10490000000.0,69933333.33333333,author_assigned,zafaraniyeh,,35.807945251464844,51.41414260864258,1.0,tehran_district
D21-00203,West Ferdows Boulevard,103,3,1,1,1,3200000000.0,31067961.165048543,author_assigned,kooy-e-ferdos,,35.72373008728027,51.3161506652832,5.0,tehran_district
D21-00204,West Ferdows Boulevard,48,1,1,1,1,1920000000.0,40000000.0,author_assigned,kooy-e-ferdos,,35.72373008728027,51.3161506652832,5.0,tehran_district
D21-00205,Gheitarieh,165,3,1,1,1,12300000000.0,74545454.54545455,author_assigned,qeytariyeh,,35.79129219055176,51.4472541809082,1.0,tehran_district
D21-00206,Gheitarieh,135,2,1,1,0,7400000000.0,54814814.81481481,author_assigned,qeytariyeh,,35.79129219055176,51.4472541809082,1.0,tehran_district
D21-00207,Saadat Abad,86,2,1,1,1,6200000000.0,72093023.25581396,name_match,saadat-abad,,35.78205490112305,51.37488555908203,2.0,tehran_district
D21-00208,East Ferdows Boulevard,75,2,1,1,1,2350000000.0,31333333.333333332,author_assigned,kooy-e-ferdos,,35.72373008728027,51.3161506652832,5.0,tehran_district
D21-00209,East Ferdows Boulevard,58,1,1,1,1,1850000000.0,31896551.724137932,author_assigned,kooy-e-ferdos,,35.72373008728027,51.3161506652832,5.0,tehran_district
D21-00210,Shahrake Gharb,125,2,1,1,1,21500000000.0,172000000.0,name_match,shahrak-e-gharb,,35.76015853881836,51.371429443359375,2.0,tehran_district
D21-00211,Qazvin Imamzadeh Hassan,82,2,1,1,1,1886000000.0,23000000.0,author_assigned,imamzadeh-hasan,,35.66447830200195,51.36205673217773,17.0,tehran_district
D21-00212,Shahran,58,2,1,1,1,2200000000.0,37931034.48275862,author_assigned,north-shahran,,35.7661018371582,51.288944244384766,5.0,tehran_district
D21-00213,Beryanak,101,2,1,1,1,2323000000.0,23000000.0,name_match,beryanak,,35.67388916015625,51.37664222717285,10.0,tehran_district
D21-00214,Niavaran,90,2,1,1,1,6800000000.0,75555555.55555555,name_match,niavaran,,35.81520462036133,51.4692611694336,1.0,tehran_district
D21-00215,Farmanieh,180,3,1,1,1,20700000000.0,115000000.0,name_match,farmaniyeh,,35.79709053039551,51.46924209594727,1.0,tehran_district
D21-00216,Gheitarieh,132,3,1,1,1,6250000000.0,47348484.84848485,author_assigned,qeytariyeh,,35.79129219055176,51.4472541809082,1.0,tehran_district
D21-00217,Valiasr,81,2,1,1,1,1863000000.0,23000000.0,name_match,valiasr,,35.70859146118164,51.40704727172852,6.0,tehran_district
D21-00218,Pasdaran,153,3,1,1,1,13000000000.0,84967320.26143791,name_match,pasdaran,,35.76714897155762,51.46321868896485,4.0,tehran_district
D21-00219,Qalandari,166,3,1,1,1,12500000000.0,75301204.81927711,unlinked,,,,,,unlocated
D21-00220,Pasdaran,200,3,1,1,1,17000000000.0,85000000.0,name_match,pasdaran,,35.76714897155762,51.46321868896485,4.0,tehran_district
D21-00221,Pasdaran,113,2,1,1,1,8500000000.0,75221238.9380531,name_match,pasdaran,,35.76714897155762,51.46321868896485,4.0,tehran_district
D21-00222,Valiasr,100,2,1,1,1,2300000000.0,23000000.0,name_match,valiasr,,35.70859146118164,51.40704727172852,6.0,tehran_district
D21-00223,Central Janatabad,80,2,1,1,1,3350000000.0,41875000.0,name_match,central-janat-abad,,35.75911331176758,51.30409622192383,5.0,tehran_district
D21-00224,Jeyhoon,76,2,1,1,1,2000000000.0,26315789.47368421,name_match,jeyhoun,,35.68763732910156,51.36460494995117,10.0,tehran_district
D21-00225,Punak,128,3,1,1,1,5700000000.0,44531250.0,author_assigned,poonak,,35.76210975646973,51.33013343811035,5.0,tehran_district
D21-00226,Shahrake Gharb,210,3,1,1,1,27000000000.0,128571428.57142857,name_match,shahrak-e-gharb,,35.76015853881836,51.371429443359375,2.0,tehran_district
D21-00227,Shahrake Gharb,140,2,1,1,1,12600000000.0,90000000.0,name_match,shahrak-e-gharb,,35.76015853881836,51.371429443359375,2.0,tehran_district
D21-00228,Amir Bahador,74,2,1,1,1,1702000000.0,23000000.0,name_match,amir-bahador,,35.67104148864746,51.40328788757324,11.0,tehran_district
D21-00229,Central Janatabad,75,1,1,1,1,3000000000.0,40000000.0,name_match,central-janat-abad,,35.75911331176758,51.30409622192383,5.0,tehran_district
D21-00230,Pasdaran,120,2,1,1,1,7500000000.0,62500000.0,name_match,pasdaran,,35.76714897155762,51.46321868896485,4.0,tehran_district
D21-00231,Pasdaran,120,2,1,1,1,7500000000.0,62500000.0,name_match,pasdaran,,35.76714897155762,51.46321868896485,4.0,tehran_district
D21-00232,Ekhtiarieh,85,2,1,1,1,5000000000.0,58823529.4117647,name_match,ekhtiyariyeh,,35.78642272949219,51.459720611572266,3.0,tehran_district
D21-00233,Pardis,105,2,1,1,1,700000000.0,6666666.666666667,author_assigned,,pardis-city,,,,satellite_town
D21-00234,Farmanieh,175,3,1,1,1,15600000000.0,89142857.14285715,name_match,farmaniyeh,,35.79709053039551,51.46924209594727,1.0,tehran_district
D21-00235,Farmanieh,170,3,1,1,1,15350000000.0,90294117.64705883,name_match,farmaniyeh,,35.79709053039551,51.46924209594727,1.0,tehran_district
D21-00236,Ekbatan,58,1,1,1,1,2810000000.0,48448275.862068966,name_match,ekbatan,,35.708160400390625,51.306427001953125,5.0,tehran_district
D21-00237,Parand,75,2,1,1,1,395000000.0,5266666.666666667,author_assigned,,parand-city,,,,satellite_town
D21-00238,Gheitarieh,160,3,1,1,1,15100000000.0,94375000.0,author_assigned,qeytariyeh,,35.79129219055176,51.4472541809082,1.0,tehran_district
D21-00239,Shahran,62,1,1,1,1,1850000000.0,29838709.677419353,author_assigned,north-shahran,,35.7661018371582,51.288944244384766,5.0,tehran_district
D21-00240,Rudhen,93,2,1,1,1,1450000000.0,15591397.849462366,author_assigned,,rudehen,,,,satellite_town
D21-00241,Islamshahr,75,2,1,1,1,715000000.0,9533333.333333334,author_assigned,,eslamshahr,,,,satellite_town
D21-00242,Islamshahr,86,2,1,1,0,1200000000.0,13953488.372093024,author_assigned,,eslamshahr,,,,satellite_town
D21-00243,Southern Program Organization,120,2,1,1,1,4260000000.0,35500000.0,author_assigned,sazamn-barnameh,,35.72991752624512,51.30108451843262,5.0,tehran_district
D21-00244,Andisheh,95,2,1,1,1,1500000000.0,15789473.684210526,author_assigned,,andisheh-new-town,,,,satellite_town
D21-00245,West Ferdows Boulevard,70,2,1,1,0,2120000000.0,30285714.285714287,author_assigned,kooy-e-ferdos,,35.72373008728027,51.3161506652832,5.0,tehran_district
D21-00246,East Ferdows Boulevard,75,2,1,1,0,2000000000.0,26666666.666666668,author_assigned,kooy-e-ferdos,,35.72373008728027,51.3161506652832,5.0,tehran_district
D21-00247,Pardis,81,2,1,0,1,590000000.0,7283950.617283951,author_assigned,,pardis-city,,,,satellite_town
D21-00248,West Ferdows Boulevard,65,1,1,1,0,1930000000.0,29692307.692307692,author_assigned,kooy-e-ferdos,,35.72373008728027,51.3161506652832,5.0,tehran_district
D21-00249,East Ferdows Boulevard,75,2,1,1,1,2730000000.0,36400000.0,author_assigned,kooy-e-ferdos,,35.72373008728027,51.3161506652832,5.0,tehran_district
D21-00250,East Ferdows Boulevard,106,2,1,1,0,3150000000.0,29716981.13207547,author_assigned,kooy-e-ferdos,,35.72373008728027,51.3161506652832,5.0,tehran_district
D21-00251,East Ferdows Boulevard,115,2,1,1,1,4600000000.0,40000000.0,author_assigned,kooy-e-ferdos,,35.72373008728027,51.3161506652832,5.0,tehran_district
D21-00252,Shahr-e-Ziba,100,2,1,1,1,3000000000.0,30000000.0,name_match,shahr-e-ziba,,35.7481575012207,51.291460037231445,5.0,tehran_district
D21-00253,East Ferdows Boulevard,118,2,1,1,1,4500000000.0,38135593.220338985,author_assigned,kooy-e-ferdos,,35.72373008728027,51.3161506652832,5.0,tehran_district
D21-00254,East Ferdows Boulevard,116,2,1,1,1,5100000000.0,43965517.24137931,author_assigned,kooy-e-ferdos,,35.72373008728027,51.3161506652832,5.0,tehran_district
D21-00255,Shahr-e-Ziba,76,2,1,1,1,2200000000.0,28947368.42105263,name_match,shahr-e-ziba,,35.7481575012207,51.291460037231445,5.0,tehran_district
D21-00256,East Ferdows Boulevard,74,2,1,1,0,2300000000.0,31081081.08108108,author_assigned,kooy-e-ferdos,,35.72373008728027,51.3161506652832,5.0,tehran_district
D21-00257,Saadat Abad,96,2,1,1,1,4500000000.0,46875000.0,name_match,saadat-abad,,35.78205490112305,51.37488555908203,2.0,tehran_district
D21-00258,Pardis,87,2,1,1,1,625000000.0,7183908.045977011,author_assigned,,pardis-city,,,,satellite_town
D21-00259,Northern Janatabad,43,1,1,1,0,1620000000.0,37674418.60465116,author_assigned,north-janat-abad,,35.770896911621094,51.30755615234375,5.0,tehran_district
D21-00260,Niavaran,155,3,1,1,1,17050000000.0,110000000.0,name_match,niavaran,,35.81520462036133,51.4692611694336,1.0,tehran_district
D21-00261,East Ferdows Boulevard,53,1,1,1,1,1920000000.0,36226415.094339624,author_assigned,kooy-e-ferdos,,35.72373008728027,51.3161506652832,5.0,tehran_district
D21-00262,Farmanieh,160,3,1,1,1,17600000000.0,110000000.0,name_match,farmaniyeh,,35.79709053039551,51.46924209594727,1.0,tehran_district
D21-00263,Shahr-e-Ziba,78,2,1,1,1,2250000000.0,28846153.846153848,name_match,shahr-e-ziba,,35.7481575012207,51.291460037231445,5.0,tehran_district
D21-00264,Niavaran,230,3,1,1,1,25300000000.0,110000000.0,name_match,niavaran,,35.81520462036133,51.4692611694336,1.0,tehran_district
D21-00265,West Ferdows Boulevard,55,1,1,1,1,1850000000.0,33636363.63636363,author_assigned,kooy-e-ferdos,,35.72373008728027,51.3161506652832,5.0,tehran_district
D21-00266,Saadat Abad,120,2,1,1,0,11700000000.0,97500000.0,name_match,saadat-abad,,35.78205490112305,51.37488555908203,2.0,tehran_district
D21-00267,Southern Janatabad,78,2,1,1,1,3600000000.0,46153846.15384615,author_assigned,south-janat-abad,,35.74760437011719,51.30598068237305,5.0,tehran_district
D21-00268,Southern Janatabad,95,2,1,1,1,4400000000.0,46315789.473684214,author_assigned,south-janat-abad,,35.74760437011719,51.30598068237305,5.0,tehran_district
D21-00269,Gheitarieh,170,3,1,1,1,15400000000.0,90588235.29411764,author_assigned,qeytariyeh,,35.79129219055176,51.4472541809082,1.0,tehran_district
D21-00270,Shahrake Gharb,175,3,1,1,1,22750000000.0,130000000.0,name_match,shahrak-e-gharb,,35.76015853881836,51.371429443359375,2.0,tehran_district
D21-00271,Punak,115,3,1,1,1,4500000000.0,39130434.782608695,author_assigned,poonak,,35.76210975646973,51.33013343811035,5.0,tehran_district
D21-00272,Punak,113,2,1,1,1,4300000000.0,38053097.345132746,author_assigned,poonak,,35.76210975646973,51.33013343811035,5.0,tehran_district
D21-00273,Punak,85,2,1,1,1,3380000000.0,39764705.88235294,author_assigned,poonak,,35.76210975646973,51.33013343811035,5.0,tehran_district
D21-00274,Saadat Abad,140,3,1,1,1,10000000000.0,71428571.42857143,name_match,saadat-abad,,35.78205490112305,51.37488555908203,2.0,tehran_district
D21-00275,Saadat Abad,90,2,1,1,1,6500000000.0,72222222.22222222,name_match,saadat-abad,,35.78205490112305,51.37488555908203,2.0,tehran_district
D21-00276,Punak,63,1,1,0,0,2200000000.0,34920634.92063492,author_assigned,poonak,,35.76210975646973,51.33013343811035,5.0,tehran_district
D21-00277,Central Janatabad,75,2,1,1,1,3220000000.0,42933333.333333336,name_match,central-janat-abad,,35.75911331176758,51.30409622192383,5.0,tehran_district
D21-00278,Punak,130,3,1,1,1,6240000000.0,48000000.0,author_assigned,poonak,,35.76210975646973,51.33013343811035,5.0,tehran_district
D21-00279,Punak,91,2,1,1,1,3350000000.0,36813186.81318682,author_assigned,poonak,,35.76210975646973,51.33013343811035,5.0,tehran_district
D21-00280,Persian Gulf Martyrs Lake,121,3,1,1,1,3650000000.0,30165289.256198347,author_assigned,chitgar-lake,,35.749732971191406,51.210039138793945,22.0,tehran_district
D21-00281,Saadat Abad,140,3,1,1,1,15500000000.0,110714285.71428572,name_match,saadat-abad,,35.78205490112305,51.37488555908203,2.0,tehran_district
D21-00282,East Ferdows Boulevard,126,2,1,1,1,5500000000.0,43650793.65079365,author_assigned,kooy-e-ferdos,,35.72373008728027,51.3161506652832,5.0,tehran_district
D21-00283,Absard,450,2,1,1,0,4200000000.0,9333333.333333334,author_assigned,,absard,,,,satellite_town
D21-00284,Absard,500,2,1,1,0,3900000000.0,7800000.0,author_assigned,,absard,,,,satellite_town
D21-00285,Pasdaran,110,1,1,1,1,6600000000.0,60000000.0,name_match,pasdaran,,35.76714897155762,51.46321868896485,4.0,tehran_district
D21-00286,Haft Tir,145,3,1,1,1,4700000000.0,32413793.103448275,unlinked,,,,,,unlocated
D21-00287,Shahrake Qods,81,2,1,1,1,810000000.0,10000000.0,author_assigned,,qods-city,,,,satellite_town
D21-00288,Shahr-e-Ziba,64,2,1,1,1,2200000000.0,34375000.0,name_match,shahr-e-ziba,,35.7481575012207,51.291460037231445,5.0,tehran_district
D21-00289,Shahr-e-Ziba,112,2,1,1,1,3680000000.0,32857142.85714286,name_match,shahr-e-ziba,,35.7481575012207,51.291460037231445,5.0,tehran_district
D21-00290,Marzdaran,192,3,1,1,1,12670000000.0,65989583.333333336,name_match,marzdaran,,35.73454475402832,51.33983612060547,2.0,tehran_district
D21-00291,Marzdaran,164,3,1,1,1,10000000000.0,60975609.75609756,name_match,marzdaran,,35.73454475402832,51.33983612060547,2.0,tehran_district
D21-00292,Pasdaran,135,3,1,1,1,8100000000.0,60000000.0,name_match,pasdaran,,35.76714897155762,51.46321868896485,4.0,tehran_district
D21-00293,Mahallati,170,3,1,1,1,9200000000.0,54117647.058823526,author_assigned,shahrak-e-mahalati,,35.80434036254883,51.517839431762695,1.0,tehran_district
D21-00294,Mahallati,130,3,1,1,1,5200000000.0,40000000.0,author_assigned,shahrak-e-mahalati,,35.80434036254883,51.517839431762695,1.0,tehran_district
D21-00295,Shahran,84,2,1,1,1,3400000000.0,40476190.47619048,author_assigned,north-shahran,,35.7661018371582,51.288944244384766,5.0,tehran_district
D21-00296,Shahran,82,2,1,1,1,3550000000.0,43292682.92682927,author_assigned,north-shahran,,35.7661018371582,51.288944244384766,5.0,tehran_district
D21-00297,Farmanieh,265,3,1,1,1,20000000000.0,75471698.11320755,name_match,farmaniyeh,,35.79709053039551,51.46924209594727,1.0,tehran_district
D21-00298,Southern Janatabad,60,1,1,1,1,1950000000.0,32500000.0,author_assigned,south-janat-abad,,35.74760437011719,51.30598068237305,5.0,tehran_district
D21-00299,Pasdaran,145,3,1,1,1,15500000000.0,106896551.72413793,name_match,pasdaran,,35.76714897155762,51.46321868896485,4.0,tehran_district
D21-00300,Southern Janatabad,65,1,0,1,1,2000000000.0,30769230.769230768,author_assigned,south-janat-abad,,35.74760437011719,51.30598068237305,5.0,tehran_district
D21-00301,Southern Janatabad,60,1,1,1,0,2280000000.0,38000000.0,author_assigned,south-janat-abad,,35.74760437011719,51.30598068237305,5.0,tehran_district
D21-00302,Southern Janatabad,63,2,1,1,1,2000000000.0,31746031.746031746,author_assigned,south-janat-abad,,35.74760437011719,51.30598068237305,5.0,tehran_district
D21-00303,Southern Janatabad,70,2,1,1,1,1950000000.0,27857142.85714286,author_assigned,south-janat-abad,,35.74760437011719,51.30598068237305,5.0,tehran_district
D21-00304,Feiz Garden,92,2,1,1,1,3900000000.0,42391304.347826086,author_assigned,bagh-feyz,,35.744869232177734,51.32010269165039,5.0,tehran_district
D21-00305,Pasdaran,98,2,1,1,1,7800000000.0,79591836.73469388,name_match,pasdaran,,35.76714897155762,51.46321868896485,4.0,tehran_district
D21-00306,Southern Janatabad,62,1,1,1,1,2280000000.0,36774193.548387095,author_assigned,south-janat-abad,,35.74760437011719,51.30598068237305,5.0,tehran_district
D21-00307,Punak,65,1,1,1,1,2900000000.0,44615384.615384616,author_assigned,poonak,,35.76210975646973,51.33013343811035,5.0,tehran_district
D21-00308,Ozgol,90,2,1,1,1,5000000000.0,55555555.55555555,name_match,ozgol,,35.79227256774902,51.49772834777832,1.0,tehran_district
D21-00309,Southern Janatabad,59,2,1,1,1,1900000000.0,32203389.830508474,author_assigned,south-janat-abad,,35.74760437011719,51.30598068237305,5.0,tehran_district
D21-00310,Southern Janatabad,63,2,1,1,1,2000000000.0,31746031.746031746,author_assigned,south-janat-abad,,35.74760437011719,51.30598068237305,5.0,tehran_district
D21-00311,Southern Janatabad,60,2,1,1,1,2200000000.0,36666666.666666664,author_assigned,south-janat-abad,,35.74760437011719,51.30598068237305,5.0,tehran_district
D21-00312,Southern Janatabad,70,2,1,1,1,2500000000.0,35714285.71428572,author_assigned,south-janat-abad,,35.74760437011719,51.30598068237305,5.0,tehran_district
D21-00313,Southern Janatabad,60,1,1,1,1,2200000000.0,36666666.666666664,author_assigned,south-janat-abad,,35.74760437011719,51.30598068237305,5.0,tehran_district
D21-00314,Pasdaran,165,3,1,1,1,10500000000.0,63636363.63636363,name_match,pasdaran,,35.76714897155762,51.46321868896485,4.0,tehran_district
D21-00315,Zaferanieh,135,2,1,1,1,17500000000.0,129629629.62962963,author_assigned,zafaraniyeh,,35.807945251464844,51.41414260864258,1.0,tehran_district
D21-00316,Southern Janatabad,65,1,1,1,1,2000000000.0,30769230.769230768,author_assigned,south-janat-abad,,35.74760437011719,51.30598068237305,5.0,tehran_district
D21-00317,Southern Janatabad,60,1,1,1,1,2250000000.0,37500000.0,author_assigned,south-janat-abad,,35.74760437011719,51.30598068237305,5.0,tehran_district
D21-00318,Southern Janatabad,60,1,1,1,1,2250000000.0,37500000.0,author_assigned,south-janat-abad,,35.74760437011719,51.30598068237305,5.0,tehran_district
D21-00319,Southern Janatabad,86,2,1,1,1,3600000000.0,41860465.11627907,author_assigned,south-janat-abad,,35.74760437011719,51.30598068237305,5.0,tehran_district
D21-00320,Heravi,109,2,1,1,1,6000000000.0,55045871.559633024,name_match,heravi,,35.76724433898926,51.47656440734863,4.0,tehran_district
D21-00321,Narmak,98,2,1,1,0,2842000000.0,29000000.0,name_match,narmak,,35.736019134521484,51.49953079223633,4.0,tehran_district
D21-00322,Central Janatabad,80,2,1,1,1,3120000000.0,39000000.0,name_match,central-janat-abad,,35.75911331176758,51.30409622192383,5.0,tehran_district
D21-00323,Gheitarieh,143,3,1,1,1,8860000000.0,61958041.95804196,author_assigned,qeytariyeh,,35.79129219055176,51.4472541809082,1.0,tehran_district
D21-00324,Saadat Abad,95,2,1,1,1,4550000000.0,47894736.84210526,name_match,saadat-abad,,35.78205490112305,51.37488555908203,2.0,tehran_district
D21-00325,Punak,86,2,1,1,1,3700000000.0,43023255.81395349,author_assigned,poonak,,35.76210975646973,51.33013343811035,5.0,tehran_district
D21-00326,Gheitarieh,160,3,1,1,1,10000000000.0,62500000.0,author_assigned,qeytariyeh,,35.79129219055176,51.4472541809082,1.0,tehran_district
D21-00327,Pasdaran,200,3,1,1,1,16580000000.0,82900000.0,name_match,pasdaran,,35.76714897155762,51.46321868896485,4.0,tehran_district
D21-00328,Punak,74,1,1,1,1,3250000000.0,43918918.91891892,author_assigned,poonak,,35.76210975646973,51.33013343811035,5.0,tehran_district
D21-00329,Zaferanieh,350,3,1,1,1,52500000000.0,150000000.0,author_assigned,zafaraniyeh,,35.807945251464844,51.41414260864258,1.0,tehran_district
D21-00330,Northern Janatabad,87,2,1,1,1,3550000000.0,40804597.70114943,author_assigned,north-janat-abad,,35.770896911621094,51.30755615234375,5.0,tehran_district
D21-00331,West Ferdows Boulevard,82,2,1,1,1,3450000000.0,42073170.73170732,author_assigned,kooy-e-ferdos,,35.72373008728027,51.3161506652832,5.0,tehran_district
D21-00332,Shahr-e-Ziba,55,1,1,1,1,2490000000.0,45272727.27272727,name_match,shahr-e-ziba,,35.7481575012207,51.291460037231445,5.0,tehran_district
D21-00333,Ekhtiarieh,148,3,1,1,1,8400000000.0,56756756.75675676,name_match,ekhtiyariyeh,,35.78642272949219,51.459720611572266,3.0,tehran_district
D21-00334,Shahr-e-Ziba,55,1,1,0,1,2020000000.0,36727272.72727273,name_match,shahr-e-ziba,,35.7481575012207,51.291460037231445,5.0,tehran_district
D21-00335,Southern Janatabad,100,2,1,1,0,3800000000.0,38000000.0,author_assigned,south-janat-abad,,35.74760437011719,51.30598068237305,5.0,tehran_district
D21-00336,West Ferdows Boulevard,55,1,0,1,0,1550000000.0,28181818.181818184,author_assigned,kooy-e-ferdos,,35.72373008728027,51.3161506652832,5.0,tehran_district
D21-00337,Central Janatabad,130,3,1,1,1,5300000000.0,40769230.76923077,name_match,central-janat-abad,,35.75911331176758,51.30409622192383,5.0,tehran_district
D21-00338,Saadat Abad,335,4,1,1,1,33500000000.0,100000000.0,name_match,saadat-abad,,35.78205490112305,51.37488555908203,2.0,tehran_district
D21-00339,Saadat Abad,320,4,1,1,1,40000000000.0,125000000.0,name_match,saadat-abad,,35.78205490112305,51.37488555908203,2.0,tehran_district
D21-00340,Saadat Abad,192,3,1,1,1,19500000000.0,101562500.0,name_match,saadat-abad,,35.78205490112305,51.37488555908203,2.0,tehran_district
D21-00341,Gheitarieh,100,2,1,1,1,8000000000.0,80000000.0,author_assigned,qeytariyeh,,35.79129219055176,51.4472541809082,1.0,tehran_district
D21-00342,Saadat Abad,148,3,1,1,1,14800000000.0,100000000.0,name_match,saadat-abad,,35.78205490112305,51.37488555908203,2.0,tehran_district
D21-00343,Shahrake Gharb,145,2,1,1,1,14700000000.0,101379310.34482759,name_match,shahrak-e-gharb,,35.76015853881836,51.371429443359375,2.0,tehran_district
D21-00344,Saadat Abad,192,4,1,1,1,22000000000.0,114583333.33333333,name_match,saadat-abad,,35.78205490112305,51.37488555908203,2.0,tehran_district
D21-00345,North Program Organization,235,3,1,1,1,16450000000.0,70000000.0,author_assigned,sazamn-barnameh,,35.72991752624512,51.30108451843262,5.0,tehran_district
D21-00346,Heravi,225,3,1,1,1,15750000000.0,70000000.0,name_match,heravi,,35.76724433898926,51.47656440734863,4.0,tehran_district
D21-00347,Saadat Abad,221,4,1,1,1,25000000000.0,113122171.94570136,name_match,saadat-abad,,35.78205490112305,51.37488555908203,2.0,tehran_district
D21-00348,Farmanieh,312,4,1,1,1,45000000000.0,144230769.23076922,name_match,farmaniyeh,,35.79709053039551,51.46924209594727,1.0,tehran_district
D21-00349,Ozgol,188,3,1,1,1,17672000000.0,94000000.0,name_match,ozgol,,35.79227256774902,51.49772834777832,1.0,tehran_district
D21-00350,Farmanieh,170,2,1,1,1,12400000000.0,72941176.47058824,name_match,farmaniyeh,,35.79709053039551,51.46924209594727,1.0,tehran_district
D21-00351,Farmanieh,198,3,1,1,1,27720000000.0,140000000.0,name_match,farmaniyeh,,35.79709053039551,51.46924209594727,1.0,tehran_district
D21-00352,North Program Organization,80,2,1,1,1,3100000000.0,38750000.0,author_assigned,sazamn-barnameh,,35.72991752624512,51.30108451843262,5.0,tehran_district
D21-00353,Niavaran,170,3,1,1,1,18700000000.0,110000000.0,name_match,niavaran,,35.81520462036133,51.4692611694336,1.0,tehran_district
D21-00354,Tajrish,110,2,1,1,1,6600000000.0,60000000.0,name_match,tajrish,,35.804771423339844,51.43100357055664,1.0,tehran_district
D21-00355,Absard,650,2,1,1,0,5200000000.0,8000000.0,author_assigned,,absard,,,,satellite_town
D21-00356,Saadat Abad,200,3,1,1,1,12000000000.0,60000000.0,name_match,saadat-abad,,35.78205490112305,51.37488555908203,2.0,tehran_district
D21-00357,Ekhtiarieh,101,3,1,1,1,6500000000.0,64356435.64356436,name_match,ekhtiyariyeh,,35.78642272949219,51.459720611572266,3.0,tehran_district
D21-00358,Feiz Garden,104,2,1,1,1,3850000000.0,37019230.76923077,author_assigned,bagh-feyz,,35.744869232177734,51.32010269165039,5.0,tehran_district
D21-00359,Northern Janatabad,70,2,1,1,1,3200000000.0,45714285.71428572,author_assigned,north-janat-abad,,35.770896911621094,51.30755615234375,5.0,tehran_district
D21-00360,Shahr-e-Ziba,76,2,1,1,0,2570000000.0,33815789.473684214,name_match,shahr-e-ziba,,35.7481575012207,51.291460037231445,5.0,tehran_district
D21-00361,Feiz Garden,110,2,1,1,1,4300000000.0,39090909.09090909,author_assigned,bagh-feyz,,35.744869232177734,51.32010269165039,5.0,tehran_district
D21-00362,Pasdaran,160,2,1,1,1,16200000000.0,101250000.0,name_match,pasdaran,,35.76714897155762,51.46321868896485,4.0,tehran_district
D21-00363,Dorous,179,3,1,1,1,13800000000.0,77094972.0670391,author_assigned,darrous,,35.77359199523926,51.45492362976074,3.0,tehran_district
D21-00364,Dorous,256,3,1,1,1,18500000000.0,72265625.0,author_assigned,darrous,,35.77359199523926,51.45492362976074,3.0,tehran_district
D21-00365,Feiz Garden,90,2,1,1,1,3850000000.0,42777777.777777776,author_assigned,bagh-feyz,,35.744869232177734,51.32010269165039,5.0,tehran_district
D21-00366,Shahr-e-Ziba,77,2,1,1,1,2570000000.0,33376623.376623377,name_match,shahr-e-ziba,,35.7481575012207,51.291460037231445,5.0,tehran_district
D21-00367,Pasdaran,96,2,1,1,1,5600000000.0,58333333.333333336,name_match,pasdaran,,35.76714897155762,51.46321868896485,4.0,tehran_district
D21-00368,Central Janatabad,75,1,1,1,1,3250000000.0,43333333.333333336,name_match,central-janat-abad,,35.75911331176758,51.30409622192383,5.0,tehran_district
D21-00369,Abazar,79,2,1,1,1,3000000000.0,37974683.5443038,author_assigned,aboozar,,35.73118209838867,51.32947540283203,5.0,tehran_district
D21-00370,Saadat Abad,67,1,1,1,1,3400000000.0,50746268.65671642,name_match,saadat-abad,,35.78205490112305,51.37488555908203,2.0,tehran_district
D21-00371,Shahr-e-Ziba,125,2,1,1,1,6400000000.0,51200000.0,name_match,shahr-e-ziba,,35.7481575012207,51.291460037231445,5.0,tehran_district
D21-00372,Shahr-e-Ziba,75,2,1,1,0,1890000000.0,25200000.0,name_match,shahr-e-ziba,,35.7481575012207,51.291460037231445,5.0,tehran_district
D21-00373,Shahr-e-Ziba,75,2,1,1,0,1890000000.0,25200000.0,name_match,shahr-e-ziba,,35.7481575012207,51.291460037231445,5.0,tehran_district
D21-00374,Saadat Abad,91,2,1,1,1,5400000000.0,59340659.34065934,name_match,saadat-abad,,35.78205490112305,51.37488555908203,2.0,tehran_district
D21-00375,Parand,105,2,1,1,1,1417500000.0,13500000.0,author_assigned,,parand-city,,,,satellite_town
D21-00376,Ostad Moein,66,2,1,1,1,1585000000.0,24015151.515151516,name_match,ostad-moein,,35.693721771240234,51.34459686279297,9.0,tehran_district
D21-00377,Southern Janatabad,86,2,1,1,1,3270000000.0,38023255.81395349,author_assigned,south-janat-abad,,35.74760437011719,51.30598068237305,5.0,tehran_district
D21-00378,Northern Janatabad,72,2,1,1,0,2380000000.0,33055555.555555556,author_assigned,north-janat-abad,,35.770896911621094,51.30755615234375,5.0,tehran_district
D21-00379,Koohsar,148,2,1,0,1,4500000000.0,30405405.405405406,author_assigned,shahrak-e-koohsar,,35.781354904174805,51.33292198181152,5.0,tehran_district
D21-00380,Saadat Abad,84,2,1,1,1,4600000000.0,54761904.76190476,name_match,saadat-abad,,35.78205490112305,51.37488555908203,2.0,tehran_district
D21-00381,Niavaran,128,2,1,1,1,12800000000.0,100000000.0,name_match,niavaran,,35.81520462036133,51.4692611694336,1.0,tehran_district
D21-00382,West Ferdows Boulevard,65,1,1,1,1,3900000000.0,60000000.0,author_assigned,kooy-e-ferdos,,35.72373008728027,51.3161506652832,5.0,tehran_district
D21-00383,Pasdaran,140,3,1,1,1,11800000000.0,84285714.28571428,name_match,pasdaran,,35.76714897155762,51.46321868896485,4.0,tehran_district
D21-00384,Ekhtiarieh,115,2,1,1,1,7400000000.0,64347826.08695652,name_match,ekhtiyariyeh,,35.78642272949219,51.459720611572266,3.0,tehran_district
D21-00385,Saadat Abad,105,2,1,1,1,5700000000.0,54285714.28571428,name_match,saadat-abad,,35.78205490112305,51.37488555908203,2.0,tehran_district
D21-00386,Pardis,87,2,1,1,1,650000000.0,7471264.3678160915,author_assigned,,pardis-city,,,,satellite_town
D21-00387,Shahr-e-Ziba,75,2,1,1,0,1890000000.0,25200000.0,name_match,shahr-e-ziba,,35.7481575012207,51.291460037231445,5.0,tehran_district
D21-00388,Persian Gulf Martyrs Lake,60,1,1,1,1,875000000.0,14583333.333333334,author_assigned,chitgar-lake,,35.749732971191406,51.210039138793945,22.0,tehran_district
D21-00389,Southern Program Organization,68,1,1,1,1,2630000000.0,38676470.5882353,author_assigned,sazamn-barnameh,,35.72991752624512,51.30108451843262,5.0,tehran_district
D21-00390,West Ferdows Boulevard,49,1,1,1,1,2200000000.0,44897959.18367347,author_assigned,kooy-e-ferdos,,35.72373008728027,51.3161506652832,5.0,tehran_district
D21-00391,Hekmat,103,2,1,1,1,9270000000.0,90000000.0,name_match,hekmat,,35.80030059814453,51.442665100097656,1.0,tehran_district
D21-00392,West Ferdows Boulevard,55,1,1,1,1,2200000000.0,40000000.0,author_assigned,kooy-e-ferdos,,35.72373008728027,51.3161506652832,5.0,tehran_district
D21-00393,Punak,140,3,1,1,1,7700000000.0,55000000.0,author_assigned,poonak,,35.76210975646973,51.33013343811035,5.0,tehran_district
D21-00394,Persian Gulf Martyrs Lake,257,4,1,1,1,12850000000.0,50000000.0,author_assigned,chitgar-lake,,35.749732971191406,51.210039138793945,22.0,tehran_district
D21-00395,Punak,82,2,1,1,1,4018000000.0,49000000.0,author_assigned,poonak,,35.76210975646973,51.33013343811035,5.0,tehran_district
D21-00396,Punak,167,3,1,1,1,10688000000.0,64000000.0,author_assigned,poonak,,35.76210975646973,51.33013343811035,5.0,tehran_district
D21-00397,West Ferdows Boulevard,53,1,0,1,0,1640000000.0,30943396.226415094,author_assigned,kooy-e-ferdos,,35.72373008728027,51.3161506652832,5.0,tehran_district
D21-00398,West Ferdows Boulevard,51,1,0,1,0,1550000000.0,30392156.8627451,author_assigned,kooy-e-ferdos,,35.72373008728027,51.3161506652832,5.0,tehran_district
D21-00399,West Ferdows Boulevard,54,1,1,1,0,2130000000.0,39444444.44444445,author_assigned,kooy-e-ferdos,,35.72373008728027,51.3161506652832,5.0,tehran_district
D21-00400,Sattarkhan,82,2,1,1,1,4100000000.0,50000000.0,name_match,sattarkhan,,35.72103309631348,51.35769271850586,2.0,tehran_district
D21-00401,West Ferdows Boulevard,75,2,1,1,1,2800000000.0,37333333.333333336,author_assigned,kooy-e-ferdos,,35.72373008728027,51.3161506652832,5.0,tehran_district
D21-00402,West Ferdows Boulevard,98,2,1,1,1,4520000000.0,46122448.97959184,author_assigned,kooy-e-ferdos,,35.72373008728027,51.3161506652832,5.0,tehran_district
D21-00403,Shahr-e-Ziba,75,2,1,1,0,1890000000.0,25200000.0,name_match,shahr-e-ziba,,35.7481575012207,51.291460037231445,5.0,tehran_district
D21-00404,Niavaran,70,1,1,1,1,5600000000.0,80000000.0,name_match,niavaran,,35.81520462036133,51.4692611694336,1.0,tehran_district
D21-00405,Shahr-e-Ziba,75,2,1,1,0,1890000000.0,25200000.0,name_match,shahr-e-ziba,,35.7481575012207,51.291460037231445,5.0,tehran_district
D21-00406,Ekbatan,64,1,1,1,1,3700000000.0,57812500.0,name_match,ekbatan,,35.708160400390625,51.306427001953125,5.0,tehran_district
D21-00407,Jeyhoon,85,2,1,1,1,2100000000.0,24705882.352941178,name_match,jeyhoun,,35.68763732910156,51.36460494995117,10.0,tehran_district
D21-00408,Parastar,48,1,0,1,0,980000000.0,20416666.666666668,name_match,parastar,,35.687538146972656,51.48453903198242,14.0,tehran_district
D21-00409,Shahr-e-Ziba,75,2,1,1,0,1890000000.0,25200000.0,name_match,shahr-e-ziba,,35.7481575012207,51.291460037231445,5.0,tehran_district
D21-00410,Ekhtiarieh,246,3,1,1,1,22500000000.0,91463414.63414635,name_match,ekhtiyariyeh,,35.78642272949219,51.459720611572266,3.0,tehran_district
D21-00411,Gheitarieh,168,3,1,1,1,14000000000.0,83333333.33333333,author_assigned,qeytariyeh,,35.79129219055176,51.4472541809082,1.0,tehran_district
D21-00412,Saadat Abad,280,4,1,1,1,38500000000.0,137500000.0,name_match,saadat-abad,,35.78205490112305,51.37488555908203,2.0,tehran_district
D21-00413,Shahr-e-Ziba,75,2,1,1,0,1890000000.0,25200000.0,name_match,shahr-e-ziba,,35.7481575012207,51.291460037231445,5.0,tehran_district
D21-00414,Pardis,84,2,1,1,1,680000000.0,8095238.095238095,author_assigned,,pardis-city,,,,satellite_town
D21-00415,Shahr-e-Ziba,75,2,1,1,0,1890000000.0,25200000.0,name_match,shahr-e-ziba,,35.7481575012207,51.291460037231445,5.0,tehran_district
D21-00416,Gisha,108,2,1,1,1,5180000000.0,47962962.96296296,name_match,gisha,,35.7353458404541,51.37760925292969,2.0,tehran_district
D21-00417,Shahr-e-Ziba,62,1,1,1,1,2580000000.0,41612903.22580645,name_match,shahr-e-ziba,,35.7481575012207,51.291460037231445,5.0,tehran_district
D21-00418,Southern Janatabad,70,2,1,1,1,3370000000.0,48142857.14285714,author_assigned,south-janat-abad,,35.74760437011719,51.30598068237305,5.0,tehran_district
D21-00419,Pasdaran,180,3,1,1,1,9900000000.0,55000000.0,name_match,pasdaran,,35.76714897155762,51.46321868896485,4.0,tehran_district
D21-00420,Abazar,135,3,1,1,1,6480000000.0,48000000.0,author_assigned,aboozar,,35.73118209838867,51.32947540283203,5.0,tehran_district
D21-00421,Shahr-e-Ziba,75,2,1,1,0,1890000000.0,25200000.0,name_match,shahr-e-ziba,,35.7481575012207,51.291460037231445,5.0,tehran_district
D21-00422,Farmanieh,108,2,1,1,1,6200000000.0,57407407.40740741,name_match,farmaniyeh,,35.79709053039551,51.46924209594727,1.0,tehran_district
D21-00423,Ekhtiarieh,91,2,1,1,1,5180000000.0,56923076.92307692,name_match,ekhtiyariyeh,,35.78642272949219,51.459720611572266,3.0,tehran_district
D21-00424,Gheitarieh,120,2,1,1,1,8900000000.0,74166666.66666667,author_assigned,qeytariyeh,,35.79129219055176,51.4472541809082,1.0,tehran_district
D21-00425,Gheitarieh,112,2,1,1,0,7500000000.0,66964285.71428572,author_assigned,qeytariyeh,,35.79129219055176,51.4472541809082,1.0,tehran_district
D21-00426,Shahr-e-Ziba,75,2,1,1,0,1890000000.0,25200000.0,name_match,shahr-e-ziba,,35.7481575012207,51.291460037231445,5.0,tehran_district
D21-00427,Pirouzi,123,2,1,1,1,4059000000.0,33000000.0,name_match,pirouzi,,35.692726135253906,51.48339080810547,13.0,tehran_district
D21-00428,Pirouzi,69,2,1,1,1,1800000000.0,26086956.52173913,name_match,pirouzi,,35.692726135253906,51.48339080810547,13.0,tehran_district
D21-00429,Lavasan,400,5,1,1,0,85000000000.0,212500000.0,author_assigned,,lavasan-city,,,,satellite_town
D21-00430,Lavasan,660,5,1,1,0,55000000000.0,83333333.33333333,author_assigned,,lavasan-city,,,,satellite_town
D21-00431,Pirouzi,66,1,1,0,1,1850000000.0,28030303.03030303,name_match,pirouzi,,35.692726135253906,51.48339080810547,13.0,tehran_district
D21-00432,Ostad Moein,80,2,1,1,1,2150000000.0,26875000.0,name_match,ostad-moein,,35.693721771240234,51.34459686279297,9.0,tehran_district
D21-00433,Pirouzi,44,1,1,1,0,880000000.0,20000000.0,name_match,pirouzi,,35.692726135253906,51.48339080810547,13.0,tehran_district
D21-00434,East Ferdows Boulevard,180,3,1,1,1,9360000000.0,52000000.0,author_assigned,kooy-e-ferdos,,35.72373008728027,51.3161506652832,5.0,tehran_district
D21-00435,East Ferdows Boulevard,164,3,1,1,1,9840000000.0,60000000.0,author_assigned,kooy-e-ferdos,,35.72373008728027,51.3161506652832,5.0,tehran_district
D21-00436,East Ferdows Boulevard,213,3,1,1,1,14484000000.0,68000000.0,author_assigned,kooy-e-ferdos,,35.72373008728027,51.3161506652832,5.0,tehran_district
D21-00437,Shahr-e-Ziba,100,2,1,1,1,3400000000.0,34000000.0,name_match,shahr-e-ziba,,35.7481575012207,51.291460037231445,5.0,tehran_district
D21-00438,Shahr-e-Ziba,75,2,1,1,0,1890000000.0,25200000.0,name_match,shahr-e-ziba,,35.7481575012207,51.291460037231445,5.0,tehran_district
D21-00439,Niavaran,300,3,1,1,1,55500000000.0,185000000.0,name_match,niavaran,,35.81520462036133,51.4692611694336,1.0,tehran_district
D21-00440,Ostad Moein,126,3,1,1,1,3000000000.0,23809523.80952381,name_match,ostad-moein,,35.693721771240234,51.34459686279297,9.0,tehran_district
D21-00441,Majidieh,85,2,1,1,1,2500000000.0,29411764.70588235,name_match,majidiyeh,,35.736013412475586,51.46651077270508,8.0,tehran_district
D21-00442,Shahr-e-Ziba,75,2,1,1,0,1890000000.0,25200000.0,name_match,shahr-e-ziba,,35.7481575012207,51.291460037231445,5.0,tehran_district
D21-00443,Parastar,57,1,0,1,1,1270000000.0,22280701.754385963,name_match,parastar,,35.687538146972656,51.48453903198242,14.0,tehran_district
D21-00444,Shahr-e-Ziba,61,1,0,1,0,1990000000.0,32622950.81967213,name_match,shahr-e-ziba,,35.7481575012207,51.291460037231445,5.0,tehran_district
D21-00445,Jeyhoon,79,2,1,1,1,1817000000.0,23000000.0,name_match,jeyhoun,,35.68763732910156,51.36460494995117,10.0,tehran_district
D21-00446,Pirouzi,68,1,1,1,1,2450000000.0,36029411.76470588,name_match,pirouzi,,35.692726135253906,51.48339080810547,13.0,tehran_district
D21-00447,Pardis,105,2,1,1,1,1000000000.0,9523809.523809524,author_assigned,,pardis-city,,,,satellite_town
D21-00448,Saadat Abad,105,2,1,1,1,7700000000.0,73333333.33333333,name_match,saadat-abad,,35.78205490112305,51.37488555908203,2.0,tehran_district
D21-00449,Pardis,160,2,1,1,1,1930000000.0,12062500.0,author_assigned,,pardis-city,,,,satellite_town
D21-00450,Pardis,100,2,1,1,1,585000000.0,5850000.0,author_assigned,,pardis-city,,,,satellite_town
D21-00451,Saadat Abad,125,3,1,1,1,12500000000.0,100000000.0,name_match,saadat-abad,,35.78205490112305,51.37488555908203,2.0,tehran_district
D21-00452,Pardis,94,2,1,0,1,990000000.0,10531914.89361702,author_assigned,,pardis-city,,,,satellite_town
D21-00453,Northern Janatabad,80,2,0,1,0,2200000000.0,27500000.0,author_assigned,north-janat-abad,,35.770896911621094,51.30755615234375,5.0,tehran_district
D21-00454,Parastar,75,2,1,0,1,2300000000.0,30666666.666666668,name_match,parastar,,35.687538146972656,51.48453903198242,14.0,tehran_district
D21-00455,North Program Organization,99,3,1,1,1,4190000000.0,42323232.32323232,author_assigned,sazamn-barnameh,,35.72991752624512,51.30108451843262,5.0,tehran_district
D21-00456,Shahr-e-Ziba,90,2,1,1,1,4099000000.0,45544444.44444445,name_match,shahr-e-ziba,,35.7481575012207,51.291460037231445,5.0,tehran_district
D21-00457,Shahr-e-Ziba,129,3,1,1,1,4500000000.0,34883720.930232555,name_match,shahr-e-ziba,,35.7481575012207,51.291460037231445,5.0,tehran_district
D21-00458,Aqdasieh,245,3,1,1,1,36500000000.0,148979591.83673468,name_match,aghdasieh,,35.805532455444336,51.47702217102051,1.0,tehran_district
D21-00459,Parastar,102,2,1,1,0,2030000000.0,19901960.784313727,name_match,parastar,,35.687538146972656,51.48453903198242,14.0,tehran_district
D21-00460,Pakdasht,141,3,1,1,1,1225000000.0,8687943.262411347,author_assigned,,pakdasht-city,,,,satellite_town
D21-00461,Shahr-e-Ziba,96,2,1,1,1,3840000000.0,40000000.0,name_match,shahr-e-ziba,,35.7481575012207,51.291460037231445,5.0,tehran_district
D21-00462,Heravi,155,3,1,1,1,8600000000.0,55483870.96774194,name_match,heravi,,35.76724433898926,51.47656440734863,4.0,tehran_district
D21-00463,Farmanieh,300,3,1,1,1,55500000000.0,185000000.0,name_match,farmaniyeh,,35.79709053039551,51.46924209594727,1.0,tehran_district
D21-00464,Gheitarieh,87,2,1,1,1,6264000000.0,72000000.0,author_assigned,qeytariyeh,,35.79129219055176,51.4472541809082,1.0,tehran_district
D21-00465,Gheitarieh,87,2,1,1,1,6264000000.0,72000000.0,author_assigned,qeytariyeh,,35.79129219055176,51.4472541809082,1.0,tehran_district
D21-00466,Gheitarieh,105,2,1,1,1,6200000000.0,59047619.047619045,author_assigned,qeytariyeh,,35.79129219055176,51.4472541809082,1.0,tehran_district
D21-00467,Shahran,61,1,1,1,1,1850000000.0,30327868.852459017,author_assigned,north-shahran,,35.7661018371582,51.288944244384766,5.0,tehran_district
D21-00468,East Ferdows Boulevard,88,2,1,1,1,3700000000.0,42045454.54545455,author_assigned,kooy-e-ferdos,,35.72373008728027,51.3161506652832,5.0,tehran_district
D21-00469,West Ferdows Boulevard,101,2,1,1,1,3700000000.0,36633663.366336636,author_assigned,kooy-e-ferdos,,35.72373008728027,51.3161506652832,5.0,tehran_district
D21-00470,Pardis,160,2,1,1,1,1930000000.0,12062500.0,author_assigned,,pardis-city,,,,satellite_town
D21-00471,Southern Chitgar,130,2,1,1,1,3250000000.0,25000000.0,author_assigned,chitgar,,35.72515106201172,51.18548202514648,21.0,tehran_district
D21-00472,Karimkhan,150,3,1,1,1,7800000000.0,52000000.0,unlinked,,,,,,unlocated
D21-00473,Railway,144,2,1,1,1,6600000000.0,45833333.333333336,unlinked,,,,,,unlocated
D21-00474,Southern Janatabad,91,2,1,1,1,4500000000.0,49450549.45054945,author_assigned,south-janat-abad,,35.74760437011719,51.30598068237305,5.0,tehran_district
D21-00475,West Ferdows Boulevard,68,2,1,1,1,2200000000.0,32352941.17647059,author_assigned,kooy-e-ferdos,,35.72373008728027,51.3161506652832,5.0,tehran_district
D21-00476,Rudhen,133,3,1,1,1,2260000000.0,16992481.20300752,author_assigned,,rudehen,,,,satellite_town
D21-00477,Si Metri Ji,71,2,1,1,1,1633000000.0,23000000.0,author_assigned,jey,,35.67786407470703,51.35260581970215,9.0,tehran_district
D21-00478,Pardis,64,1,1,1,1,680000000.0,10625000.0,author_assigned,,pardis-city,,,,satellite_town
D21-00479,Rudhen,132,2,1,1,1,2244000000.0,17000000.0,author_assigned,,rudehen,,,,satellite_town
D21-00480,Abazar,95,2,1,1,1,5600000000.0,58947368.421052635,author_assigned,aboozar,,35.73118209838867,51.32947540283203,5.0,tehran_district
D21-00481,Abazar,95,2,1,1,1,4500000000.0,47368421.05263158,author_assigned,aboozar,,35.73118209838867,51.32947540283203,5.0,tehran_district
D21-00482,Abazar,102,2,1,1,1,5200000000.0,50980392.15686274,author_assigned,aboozar,,35.73118209838867,51.32947540283203,5.0,tehran_district
D21-00483,Abazar,120,2,1,1,1,6250000000.0,52083333.333333336,author_assigned,aboozar,,35.73118209838867,51.32947540283203,5.0,tehran_district
D21-00484,East Ferdows Boulevard,117,3,1,1,1,4600000000.0,39316239.31623932,author_assigned,kooy-e-ferdos,,35.72373008728027,51.3161506652832,5.0,tehran_district
D21-00485,Karoon,55,1,1,1,1,1570000000.0,28545454.545454547,unlinked,,,,,,unlocated
D21-00486,Northern Chitgar,60,1,1,1,1,295000000.0,4916666.666666667,author_assigned,chitgar,,35.72515106201172,51.18548202514648,21.0,tehran_district
D21-00487,Jeyhoon,85,2,1,1,1,1900000000.0,22352941.17647059,name_match,jeyhoun,,35.68763732910156,51.36460494995117,10.0,tehran_district
D21-00488,Jeyhoon,80,2,0,1,1,1750000000.0,21875000.0,name_match,jeyhoun,,35.68763732910156,51.36460494995117,10.0,tehran_district
D21-00489,Jeyhoon,54,1,1,1,1,1500000000.0,27777777.777777776,name_match,jeyhoun,,35.68763732910156,51.36460494995117,10.0,tehran_district
D21-00490,Feiz Garden,57,1,1,1,1,1880000000.0,32982456.14035088,author_assigned,bagh-feyz,,35.744869232177734,51.32010269165039,5.0,tehran_district
D21-00491,Pirouzi,101,2,1,0,1,3130000000.0,30990099.00990099,name_match,pirouzi,,35.692726135253906,51.48339080810547,13.0,tehran_district
D21-00492,Feiz Garden,65,2,1,1,0,1960000000.0,30153846.153846152,author_assigned,bagh-feyz,,35.744869232177734,51.32010269165039,5.0,tehran_district
D21-00493,Punak,91,2,1,1,1,3230000000.0,35494505.494505495,author_assigned,poonak,,35.76210975646973,51.33013343811035,5.0,tehran_district
D21-00494,Pardis,105,2,1,1,1,690000000.0,6571428.571428572,author_assigned,,pardis-city,,,,satellite_town
D21-00495,Central Janatabad,86,2,1,1,1,3480000000.0,40465116.27906977,name_match,central-janat-abad,,35.75911331176758,51.30409622192383,5.0,tehran_district
D21-00496,Farmanieh,200,3,1,1,1,35000000000.0,175000000.0,name_match,farmaniyeh,,35.79709053039551,51.46924209594727,1.0,tehran_district
D21-00497,Pardis,87,2,1,1,1,760000000.0,8735632.183908045,author_assigned,,pardis-city,,,,satellite_town
D21-00498,Shahran,103,2,1,1,1,3550000000.0,34466019.41747573,author_assigned,north-shahran,,35.7661018371582,51.288944244384766,5.0,tehran_district
D21-00499,East Pars,81,2,1,1,1,2891700000.0,35700000.0,author_assigned,east-tehranpars,,35.741506576538086,51.54642105102539,4.0,tehran_district
D21-00500,Feiz Garden,73,2,1,1,1,2600000000.0,35616438.35616438,author_assigned,bagh-feyz,,35.744869232177734,51.32010269165039,5.0,tehran_district
D21-00501,Northern Chitgar,90,2,1,1,1,455000000.0,5055555.555555556,author_assigned,chitgar,,35.72515106201172,51.18548202514648,21.0,tehran_district
D21-00502,Andisheh,134,3,1,1,1,1600000000.0,11940298.507462686,author_assigned,,andisheh-new-town,,,,satellite_town
D21-00503,Shahran,60,1,1,1,1,1850000000.0,30833333.333333332,author_assigned,north-shahran,,35.7661018371582,51.288944244384766,5.0,tehran_district
D21-00504,Shahran,51,1,1,1,0,2020000000.0,39607843.1372549,author_assigned,north-shahran,,35.7661018371582,51.288944244384766,5.0,tehran_district
D21-00505,Pardis,108,2,1,1,0,1300000000.0,12037037.037037037,author_assigned,,pardis-city,,,,satellite_town
D21-00506,Pardis,86,2,1,1,1,610000000.0,7093023.2558139535,author_assigned,,pardis-city,,,,satellite_town
D21-00507,Pardis,110,2,1,1,0,1870000000.0,17000000.0,author_assigned,,pardis-city,,,,satellite_town
D21-00508,Pardis,88,2,1,1,1,740000000.0,8409090.909090908,author_assigned,,pardis-city,,,,satellite_town
D21-00509,Pardis,85,2,1,1,1,780000000.0,9176470.588235294,author_assigned,,pardis-city,,,,satellite_town
D21-00510,Pirouzi,100,2,1,1,1,3000000000.0,30000000.0,name_match,pirouzi,,35.692726135253906,51.48339080810547,13.0,tehran_district
D21-00511,Pardis,87,2,1,1,1,715000000.0,8218390.804597701,author_assigned,,pardis-city,,,,satellite_town
D21-00512,Farmanieh,191,3,1,1,1,18145000000.0,95000000.0,name_match,farmaniyeh,,35.79709053039551,51.46924209594727,1.0,tehran_district
D21-00513,Salsabil,91,2,1,1,1,2093000000.0,23000000.0,author_assigned,sarsabil,,35.68894577026367,51.37411117553711,10.0,tehran_district
D21-00514,Farmanieh,282,3,1,1,1,36660000000.0,130000000.0,name_match,farmaniyeh,,35.79709053039551,51.46924209594727,1.0,tehran_district
D21-00515,Niavaran,282,2,1,1,1,30000000000.0,106382978.72340426,name_match,niavaran,,35.81520462036133,51.4692611694336,1.0,tehran_district
D21-00516,Farmanieh,210,3,1,1,1,23100000000.0,110000000.0,name_match,farmaniyeh,,35.79709053039551,51.46924209594727,1.0,tehran_district
D21-00517,Pardis,87,2,1,1,1,650000000.0,7471264.3678160915,author_assigned,,pardis-city,,,,satellite_town
D21-00518,Kook,170,2,1,1,1,7140000000.0,42000000.0,unlinked,,,,,,unlocated
D21-00519,Moniriyeh,89,2,1,1,1,2047000000.0,23000000.0,name_match,moniriyeh,,35.68195724487305,51.40165138244629,11.0,tehran_district
D21-00520,Saadat Abad,64,2,1,1,1,3200000000.0,50000000.0,name_match,saadat-abad,,35.78205490112305,51.37488555908203,2.0,tehran_district
D21-00521,Northern Janatabad,89,2,1,1,1,3100000000.0,34831460.67415731,author_assigned,north-janat-abad,,35.770896911621094,51.30755615234375,5.0,tehran_district
D21-00522,Zaferanieh,135,3,1,1,1,11800000000.0,87407407.4074074,author_assigned,zafaraniyeh,,35.807945251464844,51.41414260864258,1.0,tehran_district
D21-00523,Air force,75,2,0,0,0,1650000000.0,22000000.0,author_assigned,niroo-havayi,,35.70080757141113,51.484256744384766,13.0,tehran_district
D21-00524,Air force,105,2,1,1,1,3990000000.0,38000000.0,author_assigned,niroo-havayi,,35.70080757141113,51.484256744384766,13.0,tehran_district
D21-00525,Saadat Abad,320,4,1,1,1,40000000000.0,125000000.0,name_match,saadat-abad,,35.78205490112305,51.37488555908203,2.0,tehran_district
D21-00526,Saadat Abad,111,2,1,1,1,6800000000.0,61261261.26126126,name_match,saadat-abad,,35.78205490112305,51.37488555908203,2.0,tehran_district
D21-00527,Sohanak,133,3,1,1,1,7448000000.0,56000000.0,name_match,sohanak,,35.79722785949707,51.53304862976074,1.0,tehran_district
D21-00528,Saadat Abad,65,1,1,1,0,3250000000.0,50000000.0,name_match,saadat-abad,,35.78205490112305,51.37488555908203,2.0,tehran_district
D21-00529,Lavizan,65,1,0,1,1,2650000000.0,40769230.76923077,name_match,lavizan,,35.77014350891113,51.51229476928711,4.0,tehran_district
D21-00530,Gheitarieh,112,2,1,1,1,8200000000.0,73214285.71428572,author_assigned,qeytariyeh,,35.79129219055176,51.4472541809082,1.0,tehran_district
D21-00531,Ekhtiarieh,147,3,1,1,1,8400000000.0,57142857.14285714,name_match,ekhtiyariyeh,,35.78642272949219,51.459720611572266,3.0,tehran_district
D21-00532,Saadat Abad,150,3,1,1,1,12000000000.0,80000000.0,name_match,saadat-abad,,35.78205490112305,51.37488555908203,2.0,tehran_district
D21-00533,Southern Janatabad,67,1,1,1,1,3450000000.0,51492537.313432835,author_assigned,south-janat-abad,,35.74760437011719,51.30598068237305,5.0,tehran_district
D21-00534,Ekhtiarieh,220,3,1,1,1,15000000000.0,68181818.18181819,name_match,ekhtiyariyeh,,35.78642272949219,51.459720611572266,3.0,tehran_district
D21-00535,Narmak,66,2,1,1,1,2510000000.0,38030303.03030303,name_match,narmak,,35.736019134521484,51.49953079223633,4.0,tehran_district
D21-00536,Shahr-e-Ziba,75,2,1,1,0,1880000000.0,25066666.666666668,name_match,shahr-e-ziba,,35.7481575012207,51.291460037231445,5.0,tehran_district
D21-00537,Aqdasieh,180,3,1,1,1,12600000000.0,70000000.0,name_match,aghdasieh,,35.805532455444336,51.47702217102051,1.0,tehran_district
D21-00538,Saadat Abad,103,2,1,1,1,5200000000.0,50485436.893203884,name_match,saadat-abad,,35.78205490112305,51.37488555908203,2.0,tehran_district
D21-00539,West Ferdows Boulevard,68,1,1,1,1,3570000000.0,52500000.0,author_assigned,kooy-e-ferdos,,35.72373008728027,51.3161506652832,5.0,tehran_district
D21-00540,Pasdaran,115,2,1,1,1,11000000000.0,95652173.91304348,name_match,pasdaran,,35.76714897155762,51.46321868896485,4.0,tehran_district
D21-00541,Andisheh,115,2,1,1,1,1900000000.0,16521739.130434783,author_assigned,,andisheh-new-town,,,,satellite_town
D21-00542,Narmak,150,3,1,1,1,8400000000.0,56000000.0,name_match,narmak,,35.736019134521484,51.49953079223633,4.0,tehran_district
D21-00543,Qasr-od-Dasht,78,2,1,1,1,2000000000.0,25641025.64102564,unlinked,,,,,,unlocated
D21-00544,Persian Gulf Martyrs Lake,100,2,1,1,1,1000000000.0,10000000.0,author_assigned,chitgar-lake,,35.749732971191406,51.210039138793945,22.0,tehran_district
D21-00545,Punak,58,1,1,1,1,2650000000.0,45689655.172413796,author_assigned,poonak,,35.76210975646973,51.33013343811035,5.0,tehran_district
D21-00546,Punak,90,2,1,1,1,4200000000.0,46666666.666666664,author_assigned,poonak,,35.76210975646973,51.33013343811035,5.0,tehran_district
D21-00547,Gheitarieh,235,3,1,1,1,24000000000.0,102127659.57446809,author_assigned,qeytariyeh,,35.79129219055176,51.4472541809082,1.0,tehran_district
D21-00548,Punak,48,1,1,1,1,2250000000.0,46875000.0,author_assigned,poonak,,35.76210975646973,51.33013343811035,5.0,tehran_district
D21-00549,Punak,70,2,1,1,1,2800000000.0,40000000.0,author_assigned,poonak,,35.76210975646973,51.33013343811035,5.0,tehran_district
D21-00550,Punak,86,2,1,1,1,4200000000.0,48837209.302325584,author_assigned,poonak,,35.76210975646973,51.33013343811035,5.0,tehran_district
D21-00551,Pardis,79,2,1,1,1,550000000.0,6962025.316455696,author_assigned,,pardis-city,,,,satellite_town
D21-00552,Central Janatabad,88,2,1,1,1,3600000000.0,40909090.90909091,name_match,central-janat-abad,,35.75911331176758,51.30409622192383,5.0,tehran_district
D21-00553,Qalandari,145,3,1,1,1,13000000000.0,89655172.4137931,unlinked,,,,,,unlocated
D21-00554,Jeyhoon,64,2,1,1,0,1500000000.0,23437500.0,name_match,jeyhoun,,35.68763732910156,51.36460494995117,10.0,tehran_district
D21-00555,Saadat Abad,135,3,1,1,1,11475000000.0,85000000.0,name_match,saadat-abad,,35.78205490112305,51.37488555908203,2.0,tehran_district
D21-00556,Pirouzi,50,1,0,1,0,1260000000.0,25200000.0,name_match,pirouzi,,35.692726135253906,51.48339080810547,13.0,tehran_district
D21-00557,Pardis,87,2,1,1,1,540000000.0,6206896.551724138,author_assigned,,pardis-city,,,,satellite_town
D21-00558,Pardis,84,2,1,1,1,550000000.0,6547619.047619048,author_assigned,,pardis-city,,,,satellite_town
D21-00559,Zaferanieh,300,4,1,1,1,42000000000.0,140000000.0,author_assigned,zafaraniyeh,,35.807945251464844,51.41414260864258,1.0,tehran_district
D21-00560,Zaferanieh,137,3,1,1,1,10000000000.0,72992700.729927,author_assigned,zafaraniyeh,,35.807945251464844,51.41414260864258,1.0,tehran_district
D21-00561,Velenjak,105,2,1,1,1,9500000000.0,90476190.47619048,name_match,velenjak,,35.806060791015625,51.40216255187988,1.0,tehran_district
D21-00562,Zaferanieh,145,2,1,1,1,11000000000.0,75862068.96551724,author_assigned,zafaraniyeh,,35.807945251464844,51.41414260864258,1.0,tehran_district
D21-00563,Pardis,84,2,1,1,1,560000000.0,6666666.666666667,author_assigned,,pardis-city,,,,satellite_town
D21-00564,Zaferanieh,170,2,1,1,1,32000000000.0,188235294.11764705,author_assigned,zafaraniyeh,,35.807945251464844,51.41414260864258,1.0,tehran_district
D21-00565,Zaferanieh,157,3,1,1,1,14800000000.0,94267515.92356688,author_assigned,zafaraniyeh,,35.807945251464844,51.41414260864258,1.0,tehran_district
D21-00566,Zaferanieh,170,3,1,1,1,19000000000.0,111764705.88235295,author_assigned,zafaraniyeh,,35.807945251464844,51.41414260864258,1.0,tehran_district
D21-00567,Zaferanieh,283,3,1,1,1,29700000000.0,104946996.4664311,author_assigned,zafaraniyeh,,35.807945251464844,51.41414260864258,1.0,tehran_district
D21-00568,Pardis,84,2,1,1,1,540000000.0,6428571.428571428,author_assigned,,pardis-city,,,,satellite_town
D21-00569,Pardis,84,2,1,1,1,550000000.0,6547619.047619048,author_assigned,,pardis-city,,,,satellite_town
D21-00570,Northern Janatabad,80,2,1,1,0,3250000000.0,40625000.0,author_assigned,north-janat-abad,,35.770896911621094,51.30755615234375,5.0,tehran_district
D21-00571,Gheitarieh,863,2,1,1,1,7830000000.0,9073001.158748552,author_assigned,qeytariyeh,,35.79129219055176,51.4472541809082,1.0,tehran_district
D21-00572,Kamranieh,125,2,1,1,1,8700000000.0,69600000.0,name_match,kamraniyeh,,35.806640625,51.46280670166016,1.0,tehran_district
D21-00573,Punak,65,2,1,1,1,2350000000.0,36153846.15384615,author_assigned,poonak,,35.76210975646973,51.33013343811035,5.0,tehran_district
D21-00574,Southern Janatabad,105,2,1,1,1,5300000000.0,50476190.47619048,author_assigned,south-janat-abad,,35.74760437011719,51.30598068237305,5.0,tehran_district
D21-00575,Farmanieh,170,3,1,1,1,18700000000.0,110000000.0,name_match,farmaniyeh,,35.79709053039551,51.46924209594727,1.0,tehran_district
D21-00576,Ekhtiarieh,230,3,1,1,1,19300000000.0,83913043.47826087,name_match,ekhtiyariyeh,,35.78642272949219,51.459720611572266,3.0,tehran_district
D21-00577,Pasdaran,200,3,1,1,1,22000000000.0,110000000.0,name_match,pasdaran,,35.76714897155762,51.46321868896485,4.0,tehran_district
D21-00578,Pasdaran,150,3,1,1,1,13000000000.0,86666666.66666667,name_match,pasdaran,,35.76714897155762,51.46321868896485,4.0,tehran_district
D21-00579,Central Janatabad,93,2,1,1,1,4650000000.0,50000000.0,name_match,central-janat-abad,,35.75911331176758,51.30409622192383,5.0,tehran_district
D21-00580,Central Janatabad,110,2,1,1,1,4500000000.0,40909090.90909091,name_match,central-janat-abad,,35.75911331176758,51.30409622192383,5.0,tehran_district
D21-00581,Niavaran,415,5,1,1,1,53950000000.0,130000000.0,name_match,niavaran,,35.81520462036133,51.4692611694336,1.0,tehran_district
D21-00582,Saadat Abad,95,2,1,1,1,5700000000.0,60000000.0,name_match,saadat-abad,,35.78205490112305,51.37488555908203,2.0,tehran_district
D21-00583,Ekhtiarieh,128,3,1,1,1,8960000000.0,70000000.0,name_match,ekhtiyariyeh,,35.78642272949219,51.459720611572266,3.0,tehran_district
D21-00584,Saadat Abad,140,2,1,1,1,8400000000.0,60000000.0,name_match,saadat-abad,,35.78205490112305,51.37488555908203,2.0,tehran_district
D21-00585,Southern Janatabad,86,2,1,1,1,3200000000.0,37209302.325581394,author_assigned,south-janat-abad,,35.74760437011719,51.30598068237305,5.0,tehran_district
D21-00586,Saadat Abad,70,2,1,1,1,3900000000.0,55714285.71428572,name_match,saadat-abad,,35.78205490112305,51.37488555908203,2.0,tehran_district
D21-00587,East Ferdows Boulevard,173,3,1,1,1,9515000000.0,55000000.0,author_assigned,kooy-e-ferdos,,35.72373008728027,51.3161506652832,5.0,tehran_district
D21-00588,Southern Janatabad,72,2,1,1,1,3150000000.0,43750000.0,author_assigned,south-janat-abad,,35.74760437011719,51.30598068237305,5.0,tehran_district
D21-00589,Saadat Abad,73,2,1,1,1,3900000000.0,53424657.53424658,name_match,saadat-abad,,35.78205490112305,51.37488555908203,2.0,tehran_district
D21-00590,Central Janatabad,75,1,1,1,1,3200000000.0,42666666.666666664,name_match,central-janat-abad,,35.75911331176758,51.30409622192383,5.0,tehran_district
D21-00591,West Ferdows Boulevard,67,2,1,1,1,2200000000.0,32835820.89552239,author_assigned,kooy-e-ferdos,,35.72373008728027,51.3161506652832,5.0,tehran_district
D21-00592,East Ferdows Boulevard,68,2,1,1,1,2700000000.0,39705882.35294118,author_assigned,kooy-e-ferdos,,35.72373008728027,51.3161506652832,5.0,tehran_district
D21-00593,Pardis,88,2,1,1,1,1900000000.0,21590909.09090909,author_assigned,,pardis-city,,,,satellite_town
D21-00594,Saadat Abad,111,2,1,1,1,5661000000.0,51000000.0,name_match,saadat-abad,,35.78205490112305,51.37488555908203,2.0,tehran_district
D21-00595,West Ferdows Boulevard,98,2,1,1,0,3750000000.0,38265306.12244898,author_assigned,kooy-e-ferdos,,35.72373008728027,51.3161506652832,5.0,tehran_district
D21-00596,West Ferdows Boulevard,62,2,1,1,1,2750000000.0,44354838.70967742,author_assigned,kooy-e-ferdos,,35.72373008728027,51.3161506652832,5.0,tehran_district
D21-00597,Central Janatabad,80,2,1,1,1,4240000000.0,53000000.0,name_match,central-janat-abad,,35.75911331176758,51.30409622192383,5.0,tehran_district
D21-00598,Saadat Abad,200,4,1,1,1,15000000000.0,75000000.0,name_match,saadat-abad,,35.78205490112305,51.37488555908203,2.0,tehran_district
D21-00599,Saadat Abad,210,4,1,1,1,15500000000.0,73809523.8095238,name_match,saadat-abad,,35.78205490112305,51.37488555908203,2.0,tehran_district
D21-00600,Shahrake Gharb,162,3,1,1,1,12150000000.0,75000000.0,name_match,shahrak-e-gharb,,35.76015853881836,51.371429443359375,2.0,tehran_district
D21-00601,Ekhtiarieh,150,3,1,1,1,12000000000.0,80000000.0,name_match,ekhtiyariyeh,,35.78642272949219,51.459720611572266,3.0,tehran_district
D21-00602,Pardis,82,2,1,1,1,1100000000.0,13414634.146341464,author_assigned,,pardis-city,,,,satellite_town
D21-00603,Pasdaran,130,3,1,1,1,11100000000.0,85384615.38461539,name_match,pasdaran,,35.76714897155762,51.46321868896485,4.0,tehran_district
D21-00604,Saadat Abad,76,2,1,1,1,4000000000.0,52631578.94736842,name_match,saadat-abad,,35.78205490112305,51.37488555908203,2.0,tehran_district
D21-00605,Shahrake Gharb,96,2,1,1,1,4800000000.0,50000000.0,name_match,shahrak-e-gharb,,35.76015853881836,51.371429443359375,2.0,tehran_district
D21-00606,Saadat Abad,103,2,1,1,1,5200000000.0,50485436.893203884,name_match,saadat-abad,,35.78205490112305,51.37488555908203,2.0,tehran_district
D21-00607,Saadat Abad,135,3,1,0,1,8700000000.0,64444444.44444445,name_match,saadat-abad,,35.78205490112305,51.37488555908203,2.0,tehran_district
D21-00608,Shahrake Gharb,140,2,1,1,1,12600000000.0,90000000.0,name_match,shahrak-e-gharb,,35.76015853881836,51.371429443359375,2.0,tehran_district
D21-00609,Shahrake Gharb,165,3,1,1,1,14800000000.0,89696969.6969697,name_match,shahrak-e-gharb,,35.76015853881836,51.371429443359375,2.0,tehran_district
D21-00610,Shahrake Qods,120,2,1,1,1,1050000000.0,8750000.0,author_assigned,,qods-city,,,,satellite_town
D21-00611,Pardis,160,2,1,1,1,2000000000.0,12500000.0,author_assigned,,pardis-city,,,,satellite_town
D21-00612,Gheitarieh,150,3,1,1,1,9000000000.0,60000000.0,author_assigned,qeytariyeh,,35.79129219055176,51.4472541809082,1.0,tehran_district
D21-00613,Pirouzi,51,1,0,1,1,1300000000.0,25490196.07843137,name_match,pirouzi,,35.692726135253906,51.48339080810547,13.0,tehran_district
D21-00614,Ekhtiarieh,75,1,1,1,1,3900000000.0,52000000.0,name_match,ekhtiyariyeh,,35.78642272949219,51.459720611572266,3.0,tehran_district
D21-00615,East Ferdows Boulevard,180,3,1,1,1,9900000000.0,55000000.0,author_assigned,kooy-e-ferdos,,35.72373008728027,51.3161506652832,5.0,tehran_district
D21-00616,Shahrake Qods,93,2,1,1,1,1181100000.0,12700000.0,author_assigned,,qods-city,,,,satellite_town
D21-00617,Shahrake Qods,84,2,1,1,1,1150800000.0,13700000.0,author_assigned,,qods-city,,,,satellite_town
D21-00618,Shahrake Qods,92,2,0,1,1,1012000000.0,11000000.0,author_assigned,,qods-city,,,,satellite_town
D21-00619,Shahrake Qods,105,2,1,1,1,1365000000.0,13000000.0,author_assigned,,qods-city,,,,satellite_town
D21-00620,Central Janatabad,67,2,1,1,0,2400000000.0,35820895.52238806,name_match,central-janat-abad,,35.75911331176758,51.30409622192383,5.0,tehran_district
D21-00621,Ekhtiarieh,100,2,1,1,1,5500000000.0,55000000.0,name_match,ekhtiyariyeh,,35.78642272949219,51.459720611572266,3.0,tehran_district
D21-00622,Pasdaran,170,3,1,1,1,10800000000.0,63529411.76470588,name_match,pasdaran,,35.76714897155762,51.46321868896485,4.0,tehran_district
D21-00623,Pasdaran,162,3,1,1,1,7600000000.0,46913580.24691358,name_match,pasdaran,,35.76714897155762,51.46321868896485,4.0,tehran_district
D21-00624,Shahran,43,1,1,1,1,2080000000.0,48372093.02325582,author_assigned,north-shahran,,35.7661018371582,51.288944244384766,5.0,tehran_district
D21-00625,Gheitarieh,150,3,1,1,1,12500000000.0,83333333.33333333,author_assigned,qeytariyeh,,35.79129219055176,51.4472541809082,1.0,tehran_district
D21-00626,Farmanieh,245,3,1,1,1,22050000000.0,90000000.0,name_match,farmaniyeh,,35.79709053039551,51.46924209594727,1.0,tehran_district
D21-00627,Northern Janatabad,93,2,1,1,1,4140000000.0,44516129.03225806,author_assigned,north-janat-abad,,35.770896911621094,51.30755615234375,5.0,tehran_district
D21-00628,Persian Gulf Martyrs Lake,60,1,1,1,1,295000000.0,4916666.666666667,author_assigned,chitgar-lake,,35.749732971191406,51.210039138793945,22.0,tehran_district
D21-00629,Gheitarieh,128,3,1,1,1,9300000000.0,72656250.0,author_assigned,qeytariyeh,,35.79129219055176,51.4472541809082,1.0,tehran_district
D21-00630,Pardis,87,2,1,1,1,795000000.0,9137931.034482758,author_assigned,,pardis-city,,,,satellite_town
D21-00631,Heravi,100,2,1,1,1,5500000000.0,55000000.0,name_match,heravi,,35.76724433898926,51.47656440734863,4.0,tehran_district
D21-00632,Heravi,124,2,1,1,1,7040000000.0,56774193.548387095,name_match,heravi,,35.76724433898926,51.47656440734863,4.0,tehran_district
D21-00633,Abazar,156,3,1,1,1,9400000000.0,60256410.256410256,author_assigned,aboozar,,35.73118209838867,51.32947540283203,5.0,tehran_district
D21-00634,Gheitarieh,171,3,1,1,1,14000000000.0,81871345.02923976,author_assigned,qeytariyeh,,35.79129219055176,51.4472541809082,1.0,tehran_district
D21-00635,Central Janatabad,58,2,1,1,0,2080000000.0,35862068.96551724,name_match,central-janat-abad,,35.75911331176758,51.30409622192383,5.0,tehran_district
D21-00636,Amirieh,88,2,1,1,1,2024000000.0,23000000.0,name_match,amiriyeh,,35.6776237487793,51.40111541748047,11.0,tehran_district
D21-00637,Niavaran,190,3,1,1,1,24700000000.0,130000000.0,name_match,niavaran,,35.81520462036133,51.4692611694336,1.0,tehran_district
D21-00638,Central Janatabad,61,1,1,1,0,2180000000.0,35737704.91803279,name_match,central-janat-abad,,35.75911331176758,51.30409622192383,5.0,tehran_district
D21-00639,Niavaran,165,3,1,1,1,17200000000.0,104242424.24242425,name_match,niavaran,,35.81520462036133,51.4692611694336,1.0,tehran_district
D21-00640,Gheitarieh,235,3,1,1,1,26500000000.0,112765957.44680852,author_assigned,qeytariyeh,,35.79129219055176,51.4472541809082,1.0,tehran_district
D21-00641,Pardis,87,2,1,1,1,670000000.0,7701149.425287357,author_assigned,,pardis-city,,,,satellite_town
D21-00642,Pardis,121,3,1,1,1,630000000.0,5206611.570247934,author_assigned,,pardis-city,,,,satellite_town
D21-00643,Pardis,105,2,1,1,1,955000000.0,9095238.095238095,author_assigned,,pardis-city,,,,satellite_town
D21-00644,Pardis,100,3,1,1,1,500000000.0,5000000.0,author_assigned,,pardis-city,,,,satellite_town
D21-00645,Pardis,105,2,1,1,1,980000000.0,9333333.333333334,author_assigned,,pardis-city,,,,satellite_town
D21-00646,Shahr-e-Ziba,69,2,1,1,1,2050000000.0,29710144.92753623,name_match,shahr-e-ziba,,35.7481575012207,51.291460037231445,5.0,tehran_district
D21-00647,Shahrake Gharb,115,2,1,1,1,13000000000.0,113043478.26086956,name_match,shahrak-e-gharb,,35.76015853881836,51.371429443359375,2.0,tehran_district
D21-00648,Shahrake Gharb,157,3,1,1,1,18500000000.0,117834394.9044586,name_match,shahrak-e-gharb,,35.76015853881836,51.371429443359375,2.0,tehran_district
D21-00649,Heravi,145,3,1,1,1,7541000000.0,52006896.551724136,name_match,heravi,,35.76724433898926,51.47656440734863,4.0,tehran_district
D21-00650,Velenjak,160,3,1,1,1,10700000000.0,66875000.0,name_match,velenjak,,35.806060791015625,51.40216255187988,1.0,tehran_district
D21-00651,Zaferanieh,261,4,1,1,1,26000000000.0,99616858.23754789,author_assigned,zafaraniyeh,,35.807945251464844,51.41414260864258,1.0,tehran_district
D21-00652,Zaferanieh,145,3,1,1,1,11000000000.0,75862068.96551724,author_assigned,zafaraniyeh,,35.807945251464844,51.41414260864258,1.0,tehran_district
D21-00653,Pirouzi,51,1,0,1,1,1275000000.0,25000000.0,name_match,pirouzi,,35.692726135253906,51.48339080810547,13.0,tehran_district
D21-00654,Pardis,87,2,1,1,1,490000000.0,5632183.908045977,author_assigned,,pardis-city,,,,satellite_town
D21-00655,Dehkade Olampic,116,2,1,1,1,4350000000.0,37500000.0,author_assigned,dehkade-olympic,,35.76129913330078,51.25746154785156,22.0,tehran_district
D21-00656,Jeyhoon,95,2,1,1,1,2280000000.0,24000000.0,name_match,jeyhoun,,35.68763732910156,51.36460494995117,10.0,tehran_district
D21-00657,Jeyhoon,75,2,1,1,1,2250000000.0,30000000.0,name_match,jeyhoun,,35.68763732910156,51.36460494995117,10.0,tehran_district
D21-00658,Komeil,86,2,1,1,1,1978000000.0,23000000.0,unlinked,,,,,,unlocated
D21-00659,Punak,95,2,1,1,1,4200000000.0,44210526.315789476,author_assigned,poonak,,35.76210975646973,51.33013343811035,5.0,tehran_district
D21-00660,Valiasr,88,2,1,1,1,2024000000.0,23000000.0,name_match,valiasr,,35.70859146118164,51.40704727172852,6.0,tehran_district
D21-00661,Amir Bahador,93,2,1,1,1,2139000000.0,23000000.0,name_match,amir-bahador,,35.67104148864746,51.40328788757324,11.0,tehran_district
D21-00662,Amirieh,70,2,1,1,1,1630000000.0,23285714.285714287,name_match,amiriyeh,,35.6776237487793,51.40111541748047,11.0,tehran_district
D21-00663,Saadat Abad,140,3,1,1,1,9800000000.0,70000000.0,name_match,saadat-abad,,35.78205490112305,51.37488555908203,2.0,tehran_district
D21-00664,Central Janatabad,81,2,1,1,1,4000000000.0,49382716.04938272,name_match,central-janat-abad,,35.75911331176758,51.30409622192383,5.0,tehran_district
D21-00665,Shahran,109,2,1,1,1,3500000000.0,32110091.743119266,author_assigned,north-shahran,,35.7661018371582,51.288944244384766,5.0,tehran_district
D21-00666,Aqdasieh,122,2,1,1,1,7000000000.0,57377049.18032787,name_match,aghdasieh,,35.805532455444336,51.47702217102051,1.0,tehran_district
D21-00667,Central Janatabad,70,1,1,1,1,3100000000.0,44285714.28571428,name_match,central-janat-abad,,35.75911331176758,51.30409622192383,5.0,tehran_district
D21-00668,West Ferdows Boulevard,60,1,1,1,1,2450000000.0,40833333.333333336,author_assigned,kooy-e-ferdos,,35.72373008728027,51.3161506652832,5.0,tehran_district
D21-00669,East Ferdows Boulevard,53,1,1,1,0,1920000000.0,36226415.094339624,author_assigned,kooy-e-ferdos,,35.72373008728027,51.3161506652832,5.0,tehran_district
D21-00670,Ostad Moein,45,1,0,0,0,1200000000.0,26666666.666666668,name_match,ostad-moein,,35.693721771240234,51.34459686279297,9.0,tehran_district
D21-00671,Punak,58,1,1,1,0,1900000000.0,32758620.689655174,author_assigned,poonak,,35.76210975646973,51.33013343811035,5.0,tehran_district
D21-00672,Dehkade Olampic,140,3,1,1,1,4400000000.0,31428571.42857143,author_assigned,dehkade-olympic,,35.76129913330078,51.25746154785156,22.0,tehran_district
D21-00673,Kook,100,2,1,1,1,3580000000.0,35800000.0,unlinked,,,,,,unlocated
D21-00674,Azadshahr,96,2,1,1,1,3750000000.0,39062500.0,name_match,azad-shahr,,35.753475189208984,51.17460060119629,22.0,tehran_district
D21-00675,East Ferdows Boulevard,79,2,1,1,1,2850000000.0,36075949.36708861,author_assigned,kooy-e-ferdos,,35.72373008728027,51.3161506652832,5.0,tehran_district
D21-00676,Persian Gulf Martyrs Lake,125,3,1,1,1,3750000000.0,30000000.0,author_assigned,chitgar-lake,,35.749732971191406,51.210039138793945,22.0,tehran_district
D21-00677,Northern Janatabad,75,2,1,1,1,3050000000.0,40666666.666666664,author_assigned,north-janat-abad,,35.770896911621094,51.30755615234375,5.0,tehran_district
D21-00678,Azadshahr,145,2,1,1,1,4500000000.0,31034482.75862069,name_match,azad-shahr,,35.753475189208984,51.17460060119629,22.0,tehran_district
D21-00679,Railway,102,2,1,1,0,4520000000.0,44313725.49019608,unlinked,,,,,,unlocated
D21-00680,Zibadasht,115,2,1,1,1,4350000000.0,37826086.95652174,unlinked,,,,,,unlocated
D21-00681,Persian Gulf Martyrs Lake,140,3,1,1,1,8500000000.0,60714285.71428572,author_assigned,chitgar-lake,,35.749732971191406,51.210039138793945,22.0,tehran_district
D21-00682,Punak,66,1,1,1,1,3300000000.0,50000000.0,author_assigned,poonak,,35.76210975646973,51.33013343811035,5.0,tehran_district
D21-00683,Persian Gulf Martyrs Lake,161,3,1,1,1,8350000000.0,51863354.03726708,author_assigned,chitgar-lake,,35.749732971191406,51.210039138793945,22.0,tehran_district
D21-00684,Persian Gulf Martyrs Lake,102,2,1,1,1,4500000000.0,44117647.058823526,author_assigned,chitgar-lake,,35.749732971191406,51.210039138793945,22.0,tehran_district
D21-00685,Persian Gulf Martyrs Lake,145,4,1,1,1,5100000000.0,35172413.79310345,author_assigned,chitgar-lake,,35.749732971191406,51.210039138793945,22.0,tehran_district
D21-00686,Shahr-e-Ziba,95,2,1,1,1,2970000000.0,31263157.89473684,name_match,shahr-e-ziba,,35.7481575012207,51.291460037231445,5.0,tehran_district
D21-00687,Parand,78,2,1,1,1,460000000.0,5897435.897435897,author_assigned,,parand-city,,,,satellite_town
D21-00688,East Ferdows Boulevard,90,2,1,1,1,3150000000.0,35000000.0,author_assigned,kooy-e-ferdos,,35.72373008728027,51.3161506652832,5.0,tehran_district
D21-00689,Ostad Moein,66,1,1,1,0,1090000000.0,16515151.515151516,name_match,ostad-moein,,35.693721771240234,51.34459686279297,9.0,tehran_district
D21-00690,Jeyhoon,48,1,1,1,1,810000000.0,16875000.0,name_match,jeyhoun,,35.68763732910156,51.36460494995117,10.0,tehran_district
D21-00691,Shahran,85,2,1,1,1,3200000000.0,37647058.823529415,author_assigned,north-shahran,,35.7661018371582,51.288944244384766,5.0,tehran_district
D21-00692,Salsabil,63,1,1,1,1,2000000000.0,31746031.746031746,author_assigned,sarsabil,,35.68894577026367,51.37411117553711,10.0,tehran_district
D21-00693,Dehkade Olampic,105,2,1,1,1,1035000000.0,9857142.857142856,author_assigned,dehkade-olympic,,35.76129913330078,51.25746154785156,22.0,tehran_district
D21-00694,Komeil,55,1,1,1,0,1090000000.0,19818181.818181816,unlinked,,,,,,unlocated
D21-00695,Northern Chitgar,103,2,1,1,1,1035000000.0,10048543.68932039,author_assigned,chitgar,,35.72515106201172,51.18548202514648,21.0,tehran_district
D21-00696,Shahrake Gharb,155,3,1,1,1,10000000000.0,64516129.03225806,name_match,shahrak-e-gharb,,35.76015853881836,51.371429443359375,2.0,tehran_district
D21-00697,Southern Chitgar,101,2,1,1,1,1035000000.0,10247524.752475247,author_assigned,chitgar,,35.72515106201172,51.18548202514648,21.0,tehran_district
D21-00698,Islamshahr,106,2,1,1,0,1245000000.0,11745283.018867925,author_assigned,,eslamshahr,,,,satellite_town
D21-00699,Persian Gulf Martyrs Lake,100,2,1,1,1,1035000000.0,10350000.0,author_assigned,chitgar-lake,,35.749732971191406,51.210039138793945,22.0,tehran_district
D21-00700,Shahran,77,2,1,1,1,2650000000.0,34415584.415584415,author_assigned,north-shahran,,35.7661018371582,51.288944244384766,5.0,tehran_district
D21-00701,Central Janatabad,66,2,1,1,1,2700000000.0,40909090.90909091,name_match,central-janat-abad,,35.75911331176758,51.30409622192383,5.0,tehran_district
D21-00702,Shahr-e-Ziba,105,3,1,1,1,3600000000.0,34285714.28571428,name_match,shahr-e-ziba,,35.7481575012207,51.291460037231445,5.0,tehran_district
D21-00703,Shahran,118,2,1,1,1,3900000000.0,33050847.457627118,author_assigned,north-shahran,,35.7661018371582,51.288944244384766,5.0,tehran_district
D21-00704,Shahrake Qods,151,3,1,1,1,1510000000.0,10000000.0,author_assigned,,qods-city,,,,satellite_town
D21-00705,Pardis,86,2,1,1,1,500000000.0,5813953.488372093,author_assigned,,pardis-city,,,,satellite_town
D21-00706,Pardis,85,2,1,1,1,600000000.0,7058823.529411765,author_assigned,,pardis-city,,,,satellite_town
D21-00707,Pardis,86,2,1,1,1,750000000.0,8720930.232558139,author_assigned,,pardis-city,,,,satellite_town
D21-00708,Pardis,86,2,1,1,1,600000000.0,6976744.186046512,author_assigned,,pardis-city,,,,satellite_town
D21-00709,Central Janatabad,75,2,1,1,1,3300000000.0,44000000.0,name_match,central-janat-abad,,35.75911331176758,51.30409622192383,5.0,tehran_district
D21-00710,Farmanieh,200,3,1,1,1,20000000000.0,100000000.0,name_match,farmaniyeh,,35.79709053039551,51.46924209594727,1.0,tehran_district
D21-00711,Andisheh,46,1,1,1,0,450000000.0,9782608.695652174,author_assigned,,andisheh-new-town,,,,satellite_town
D21-00712,Pardis,98,2,1,1,1,570000000.0,5816326.530612245,author_assigned,,pardis-city,,,,satellite_town
D21-00713,Zaferanieh,90,2,1,1,1,6700000000.0,74444444.44444445,author_assigned,zafaraniyeh,,35.807945251464844,51.41414260864258,1.0,tehran_district
D21-00714,Southern Janatabad,70,2,1,1,1,2950000000.0,42142857.14285714,author_assigned,south-janat-abad,,35.74760437011719,51.30598068237305,5.0,tehran_district
D21-00715,Andisheh,40,1,1,1,1,350000000.0,8750000.0,author_assigned,,andisheh-new-town,,,,satellite_town
D21-00716,North Program Organization,58,1,1,1,1,2750000000.0,47413793.10344828,author_assigned,sazamn-barnameh,,35.72991752624512,51.30108451843262,5.0,tehran_district
D21-00717,Amirabad,90,2,1,1,1,4590000000.0,51000000.0,name_match,amir-abad,,35.735538482666016,51.39494323730469,6.0,tehran_district
D21-00718,East Ferdows Boulevard,78,2,1,1,1,3300000000.0,42307692.307692304,author_assigned,kooy-e-ferdos,,35.72373008728027,51.3161506652832,5.0,tehran_district
D21-00719,Niavaran,200,3,1,1,1,20000000000.0,100000000.0,name_match,niavaran,,35.81520462036133,51.4692611694336,1.0,tehran_district
D21-00720,Dorous,82,2,1,1,1,4200000000.0,51219512.19512195,author_assigned,darrous,,35.77359199523926,51.45492362976074,3.0,tehran_district
D21-00721,Gheitarieh,115,3,1,1,1,7485000000.0,65086956.52173913,author_assigned,qeytariyeh,,35.79129219055176,51.4472541809082,1.0,tehran_district
D21-00722,Dezashib,125,2,1,1,1,11250000000.0,90000000.0,name_match,dezashib,,35.8081169128418,51.45136260986328,1.0,tehran_district
D21-00723,Pasdaran,107,2,1,1,1,9200000000.0,85981308.41121495,name_match,pasdaran,,35.76714897155762,51.46321868896485,4.0,tehran_district
D21-00724,Karoon,55,1,0,1,0,850000000.0,15454545.454545455,unlinked,,,,,,unlocated
D21-00725,Salsabil,50,1,1,1,1,1500000000.0,30000000.0,author_assigned,sarsabil,,35.68894577026367,51.37411117553711,10.0,tehran_district
D21-00726,Andisheh,420,5,1,1,0,11000000000.0,26190476.19047619,author_assigned,,andisheh-new-town,,,,satellite_town
D21-00727,Andisheh,225,4,1,1,0,5500000000.0,24444444.444444444,author_assigned,,andisheh-new-town,,,,satellite_town
D21-00728,Heravi,230,3,1,1,1,13800000000.0,60000000.0,name_match,heravi,,35.76724433898926,51.47656440734863,4.0,tehran_district
D21-00729,Elahieh,147,3,1,1,1,11500000000.0,78231292.5170068,name_match,elahiyeh,,35.79115676879883,51.426809310913086,1.0,tehran_district
D21-00730,Pardis,97,2,1,1,1,900000000.0,9278350.515463918,author_assigned,,pardis-city,,,,satellite_town
D21-00731,Dezashib,145,3,1,1,1,12300000000.0,84827586.20689656,name_match,dezashib,,35.8081169128418,51.45136260986328,1.0,tehran_district
D21-00732,Narmak,50,1,1,1,0,1750000000.0,35000000.0,name_match,narmak,,35.736019134521484,51.49953079223633,4.0,tehran_district
D21-00733,Heravi,117,2,1,1,1,6100000000.0,52136752.136752136,name_match,heravi,,35.76724433898926,51.47656440734863,4.0,tehran_district
D21-00734,Andisheh,72,1,1,1,0,730000000.0,10138888.888888888,author_assigned,,andisheh-new-town,,,,satellite_town
D21-00735,Dorous,161,3,1,1,1,13000000000.0,80745341.61490683,author_assigned,darrous,,35.77359199523926,51.45492362976074,3.0,tehran_district
D21-00736,Ekhtiarieh,400,5,1,1,1,18500000000.0,46250000.0,name_match,ekhtiyariyeh,,35.78642272949219,51.459720611572266,3.0,tehran_district
D21-00737,Farmanieh,230,3,1,1,1,23000000000.0,100000000.0,name_match,farmaniyeh,,35.79709053039551,51.46924209594727,1.0,tehran_district
D21-00738,Heravi,170,3,1,1,1,7950000000.0,46764705.88235294,name_match,heravi,,35.76724433898926,51.47656440734863,4.0,tehran_district
D21-00739,West Ferdows Boulevard,58,1,1,1,1,2050000000.0,35344827.5862069,author_assigned,kooy-e-ferdos,,35.72373008728027,51.3161506652832,5.0,tehran_district
D21-00740,Shahran,57,1,1,1,1,1950000000.0,34210526.315789476,author_assigned,north-shahran,,35.7661018371582,51.288944244384766,5.0,tehran_district
D21-00741,Farmanieh,115,3,1,1,1,8100000000.0,70434782.60869566,name_match,farmaniyeh,,35.79709053039551,51.46924209594727,1.0,tehran_district
D21-00742,Pirouzi,50,1,1,1,1,1200000000.0,24000000.0,name_match,pirouzi,,35.692726135253906,51.48339080810547,13.0,tehran_district
D21-00743,Parand,84,2,1,1,0,850000000.0,10119047.61904762,author_assigned,,parand-city,,,,satellite_town
D21-00744,Shahrake Qods,78,2,0,1,0,580000000.0,7435897.435897436,author_assigned,,qods-city,,,,satellite_town
D21-00745,Andisheh,64,2,1,1,0,960000000.0,15000000.0,author_assigned,,andisheh-new-town,,,,satellite_town
D21-00746,Punak,113,2,1,1,1,6500000000.0,57522123.89380531,author_assigned,poonak,,35.76210975646973,51.33013343811035,5.0,tehran_district
D21-00747,Heravi,175,3,1,1,1,9450000000.0,54000000.0,name_match,heravi,,35.76724433898926,51.47656440734863,4.0,tehran_district
D21-00748,Heravi,111,2,1,1,1,6050000000.0,54504504.5045045,name_match,heravi,,35.76724433898926,51.47656440734863,4.0,tehran_district
D21-00749,Heravi,128,3,1,1,1,6500000000.0,50781250.0,name_match,heravi,,35.76724433898926,51.47656440734863,4.0,tehran_district
D21-00750,Gheitarieh,200,4,1,1,1,14000000000.0,70000000.0,author_assigned,qeytariyeh,,35.79129219055176,51.4472541809082,1.0,tehran_district
D21-00751,Saadat Abad,131,2,1,1,1,7980000000.0,60916030.53435115,name_match,saadat-abad,,35.78205490112305,51.37488555908203,2.0,tehran_district
D21-00752,Heravi,105,3,1,1,1,6000000000.0,57142857.14285714,name_match,heravi,,35.76724433898926,51.47656440734863,4.0,tehran_district
D21-00753,Pardis,87,2,1,1,1,650000000.0,7471264.3678160915,author_assigned,,pardis-city,,,,satellite_town
D21-00754,Salsabil,61,2,1,1,0,1100000000.0,18032786.8852459,author_assigned,sarsabil,,35.68894577026367,51.37411117553711,10.0,tehran_district
D21-00755,Ozgol,140,3,1,1,1,6300000000.0,45000000.0,name_match,ozgol,,35.79227256774902,51.49772834777832,1.0,tehran_district
D21-00756,Zargandeh,185,3,1,1,1,9000000000.0,48648648.64864865,name_match,zargandeh,,35.7764835357666,51.43245315551758,3.0,tehran_district
D21-00757,Saadat Abad,122,2,1,1,1,7900000000.0,64754098.36065574,name_match,saadat-abad,,35.78205490112305,51.37488555908203,2.0,tehran_district
D21-00758,Mirdamad,69,2,1,1,1,3795000000.0,55000000.0,name_match,mirdamad,,35.758596420288086,51.44007682800293,3.0,tehran_district
D21-00759,Punak,95,2,1,1,1,6700000000.0,70526315.78947368,author_assigned,poonak,,35.76210975646973,51.33013343811035,5.0,tehran_district
D21-00760,Abbasabad,90,2,1,1,1,4000000000.0,44444444.44444445,name_match,abbas-abad,,35.72870635986328,51.43783378601074,7.0,tehran_district
D21-00761,Ostad Moein,57,1,1,1,1,1600000000.0,28070175.43859649,name_match,ostad-moein,,35.693721771240234,51.34459686279297,9.0,tehran_district
D21-00762,Amirabad,400,3,1,1,0,2000000000.0,5000000.0,name_match,amir-abad,,35.735538482666016,51.39494323730469,6.0,tehran_district
D21-00763,Andisheh,81,2,1,1,0,1109700000.0,13700000.0,author_assigned,,andisheh-new-town,,,,satellite_town
D21-00764,Andisheh,94,2,1,1,1,1250000000.0,13297872.340425532,author_assigned,,andisheh-new-town,,,,satellite_town
D21-00765,Kahrizak,134,2,1,1,1,1608000000.0,12000000.0,author_assigned,,kahrizak,,,,satellite_town
D21-00766,Parand,74,2,0,0,1,315000000.0,4256756.756756756,author_assigned,,parand-city,,,,satellite_town
D21-00767,Andisheh,44,1,1,1,0,585000000.0,13295454.545454545,author_assigned,,andisheh-new-town,,,,satellite_town
D21-00768,Qasr-od-Dasht,100,2,1,1,1,3250000000.0,32500000.0,unlinked,,,,,,unlocated
D21-00769,Shahrake Gharb,175,3,1,1,1,9300000000.0,53142857.14285714,name_match,shahrak-e-gharb,,35.76015853881836,51.371429443359375,2.0,tehran_district
D21-00770,Shahran,54,2,1,1,0,1850000000.0,34259259.25925926,author_assigned,north-shahran,,35.7661018371582,51.288944244384766,5.0,tehran_district
D21-00771,Amirieh,96,2,1,1,1,2210000000.0,23020833.333333332,name_match,amiriyeh,,35.6776237487793,51.40111541748047,11.0,tehran_district
D21-00772,Karoon,90,2,1,1,1,2400000000.0,26666666.666666668,unlinked,,,,,,unlocated
D21-00773,Shahran,90,2,1,1,1,3170000000.0,35222222.222222224,author_assigned,north-shahran,,35.7661018371582,51.288944244384766,5.0,tehran_district
D21-00774,Karoon,68,2,0,0,0,1100000000.0,16176470.588235294,unlinked,,,,,,unlocated
D21-00775,Karoon,68,2,0,0,0,1100000000.0,16176470.588235294,unlinked,,,,,,unlocated
D21-00776,Shahran,90,2,1,1,1,3200000000.0,35555555.55555555,author_assigned,north-shahran,,35.7661018371582,51.288944244384766,5.0,tehran_district
D21-00777,Punak,97,2,1,1,1,4700000000.0,48453608.24742268,author_assigned,poonak,,35.76210975646973,51.33013343811035,5.0,tehran_district
D21-00778,Punak,78,2,1,1,0,2730000000.0,35000000.0,author_assigned,poonak,,35.76210975646973,51.33013343811035,5.0,tehran_district
D21-00779,Shahran,125,3,1,1,1,5550000000.0,44400000.0,author_assigned,north-shahran,,35.7661018371582,51.288944244384766,5.0,tehran_district
D21-00780,Farmanieh,97,2,1,1,1,5950000000.0,61340206.185567014,name_match,farmaniyeh,,35.79709053039551,51.46924209594727,1.0,tehran_district
D21-00781,Farmanieh,100,2,1,1,1,6200000000.0,62000000.0,name_match,farmaniyeh,,35.79709053039551,51.46924209594727,1.0,tehran_district
D21-00782,Feiz Garden,63,2,1,1,1,2100000000.0,33333333.333333332,author_assigned,bagh-feyz,,35.744869232177734,51.32010269165039,5.0,tehran_district
D21-00783,Punak,57,1,1,1,1,2000000000.0,35087719.298245616,author_assigned,poonak,,35.76210975646973,51.33013343811035,5.0,tehran_district
D21-00784,Razi,80,2,1,1,1,1390000000.0,17375000.0,unlinked,,,,,,unlocated
D21-00785,Razi,88,2,1,1,1,1574000000.0,17886363.636363637,unlinked,,,,,,unlocated
D21-00786,Razi,94,2,1,1,1,1712000000.0,18212765.95744681,unlinked,,,,,,unlocated
D21-00787,Feiz Garden,109,3,1,1,1,4230000000.0,38807339.449541286,author_assigned,bagh-feyz,,35.744869232177734,51.32010269165039,5.0,tehran_district
D21-00788,Heravi,78,2,1,1,1,3300000000.0,42307692.307692304,name_match,heravi,,35.76724433898926,51.47656440734863,4.0,tehran_district
D21-00789,Niavaran,250,3,1,1,1,32500000000.0,130000000.0,name_match,niavaran,,35.81520462036133,51.4692611694336,1.0,tehran_district
D21-00790,Heravi,140,3,1,1,1,6800000000.0,48571428.571428575,name_match,heravi,,35.76724433898926,51.47656440734863,4.0,tehran_district
D21-00791,Pardis,100,2,1,1,1,500000000.0,5000000.0,author_assigned,,pardis-city,,,,satellite_town
D21-00792,Shahr-e-Ziba,95,2,1,1,1,3150000000.0,33157894.736842107,name_match,shahr-e-ziba,,35.7481575012207,51.291460037231445,5.0,tehran_district
D21-00793,Parand,85,2,1,1,1,1150000000.0,13529411.764705881,author_assigned,,parand-city,,,,satellite_town
D21-00794,East Pars,83,2,1,1,1,2575000000.0,31024096.38554217,author_assigned,east-tehranpars,,35.741506576538086,51.54642105102539,4.0,tehran_district
D21-00795,Pasdaran,100,2,1,1,1,5500000000.0,55000000.0,name_match,pasdaran,,35.76714897155762,51.46321868896485,4.0,tehran_district
D21-00796,Pasdaran,60,2,1,1,1,3450000000.0,57500000.0,name_match,pasdaran,,35.76714897155762,51.46321868896485,4.0,tehran_district
D21-00797,Narmak,82,2,1,1,1,3050000000.0,37195121.951219514,name_match,narmak,,35.736019134521484,51.49953079223633,4.0,tehran_district
D21-00798,Beryanak,150,3,1,1,1,2800000000.0,18666666.666666668,name_match,beryanak,,35.67388916015625,51.37664222717285,10.0,tehran_district
D21-00799,Islamshahr,49,1,1,1,0,460000000.0,9387755.102040816,author_assigned,,eslamshahr,,,,satellite_town
D21-00800,Andisheh,216,4,1,1,0,5700000000.0,26388888.888888888,author_assigned,,andisheh-new-town,,,,satellite_town
D21-00801,Damavand,1000,2,1,1,0,7000000000.0,7000000.0,author_assigned,,damavand,,,,satellite_town
D21-00802,Parand,77,2,0,0,0,440000000.0,5714285.714285715,author_assigned,,parand-city,,,,satellite_town
D21-00803,Shahr-e-Ziba,63,1,1,1,1,2080000000.0,33015873.015873015,name_match,shahr-e-ziba,,35.7481575012207,51.291460037231445,5.0,tehran_district
D21-00804,Parand,125,3,1,1,0,1300000000.0,10400000.0,author_assigned,,parand-city,,,,satellite_town
D21-00805,East Ferdows Boulevard,45,1,1,1,1,1900000000.0,42222222.222222224,author_assigned,kooy-e-ferdos,,35.72373008728027,51.3161506652832,5.0,tehran_district
D21-00806,Qalandari,135,3,1,1,1,7500000000.0,55555555.55555555,unlinked,,,,,,unlocated
D21-00807,Qalandari,80,2,1,0,1,4700000000.0,58750000.0,unlinked,,,,,,unlocated
D21-00808,Gheitarieh,155,3,1,1,1,9800000000.0,63225806.451612905,author_assigned,qeytariyeh,,35.79129219055176,51.4472541809082,1.0,tehran_district
D21-00809,Punak,125,3,1,1,1,6300000000.0,50400000.0,author_assigned,poonak,,35.76210975646973,51.33013343811035,5.0,tehran_district
D21-00810,Qalandari,95,2,1,1,1,6250000000.0,65789473.684210524,unlinked,,,,,,unlocated
D21-00811,Qalandari,85,2,1,1,1,4500000000.0,52941176.47058824,unlinked,,,,,,unlocated
D21-00812,Qalandari,110,2,1,1,1,8100000000.0,73636363.63636364,unlinked,,,,,,unlocated
D21-00813,Ekhtiarieh,680,5,1,1,0,81600000000.0,120000000.0,name_match,ekhtiyariyeh,,35.78642272949219,51.459720611572266,3.0,tehran_district
D21-00814,Shahr-e-Ziba,63,1,1,1,1,2350000000.0,37301587.3015873,name_match,shahr-e-ziba,,35.7481575012207,51.291460037231445,5.0,tehran_district
D21-00815,Saadat Abad,60,1,1,1,1,3600000000.0,60000000.0,name_match,saadat-abad,,35.78205490112305,51.37488555908203,2.0,tehran_district
D21-00816,Gheitarieh,210,3,1,1,1,14000000000.0,66666666.666666664,author_assigned,qeytariyeh,,35.79129219055176,51.4472541809082,1.0,tehran_district
D21-00817,Gheitarieh,145,3,1,1,1,11600000000.0,80000000.0,author_assigned,qeytariyeh,,35.79129219055176,51.4472541809082,1.0,tehran_district
D21-00818,Jordan,171,3,1,1,1,8900000000.0,52046783.62573099,name_match,jordan,,35.76803779602051,51.41743850708008,3.0,tehran_district
D21-00819,East Ferdows Boulevard,55,1,1,1,1,1830000000.0,33272727.272727273,author_assigned,kooy-e-ferdos,,35.72373008728027,51.3161506652832,5.0,tehran_district
D21-00820,Jordan,140,3,1,1,1,7700000000.0,55000000.0,name_match,jordan,,35.76803779602051,51.41743850708008,3.0,tehran_district
D21-00821,Jordan,147,3,1,1,1,8700000000.0,59183673.469387755,name_match,jordan,,35.76803779602051,51.41743850708008,3.0,tehran_district
D21-00822,Shahr-e-Ziba,83,2,1,1,1,2400000000.0,28915662.65060241,name_match,shahr-e-ziba,,35.7481575012207,51.291460037231445,5.0,tehran_district
D21-00823,Pardis,105,2,1,1,1,514000000.0,4895238.095238095,author_assigned,,pardis-city,,,,satellite_town
D21-00824,East Ferdows Boulevard,55,1,1,1,1,2000000000.0,36363636.36363637,author_assigned,kooy-e-ferdos,,35.72373008728027,51.3161506652832,5.0,tehran_district
D21-00825,Mahmoudieh,750,5,1,1,1,75000000000.0,100000000.0,name_match,mahmoodiyeh,,35.795257568359375,51.412559509277344,1.0,tehran_district
D21-00826,Punak,62,2,1,1,1,2100000000.0,33870967.741935484,author_assigned,poonak,,35.76210975646973,51.33013343811035,5.0,tehran_district
D21-00827,Persian Gulf Martyrs Lake,55,1,1,1,1,1900000000.0,34545454.54545455,author_assigned,chitgar-lake,,35.749732971191406,51.210039138793945,22.0,tehran_district
D21-00828,West Ferdows Boulevard,75,2,1,1,0,1950000000.0,26000000.0,author_assigned,kooy-e-ferdos,,35.72373008728027,51.3161506652832,5.0,tehran_district
D21-00829,West Ferdows Boulevard,95,2,1,1,1,4200000000.0,44210526.315789476,author_assigned,kooy-e-ferdos,,35.72373008728027,51.3161506652832,5.0,tehran_district
D21-00830,Central Janatabad,89,2,1,1,1,3620000000.0,40674157.30337079,name_match,central-janat-abad,,35.75911331176758,51.30409622192383,5.0,tehran_district
D21-00831,Air force,202,3,1,1,1,7474000000.0,37000000.0,author_assigned,niroo-havayi,,35.70080757141113,51.484256744384766,13.0,tehran_district
D21-00832,Southern Janatabad,51,1,1,1,0,1720000000.0,33725490.196078435,author_assigned,south-janat-abad,,35.74760437011719,51.30598068237305,5.0,tehran_district
D21-00833,Shahedshahr,400,1,1,0,0,3000000000.0,7500000.0,author_assigned,,shahedshahr,,,,satellite_town
D21-00834,Punak,145,3,1,1,1,7600000000.0,52413793.10344828,author_assigned,poonak,,35.76210975646973,51.33013343811035,5.0,tehran_district
D21-00835,Punak,115,3,1,1,1,5000000000.0,43478260.86956522,author_assigned,poonak,,35.76210975646973,51.33013343811035,5.0,tehran_district
D21-00836,Shahrake Gharb,130,3,1,1,1,8450000000.0,65000000.0,name_match,shahrak-e-gharb,,35.76015853881836,51.371429443359375,2.0,tehran_district
D21-00837,Qasr-od-Dasht,62,1,0,1,0,950000000.0,15322580.64516129,unlinked,,,,,,unlocated
D21-00838,Shahr-e-Ziba,94,2,1,1,1,3160000000.0,33617021.27659574,name_match,shahr-e-ziba,,35.7481575012207,51.291460037231445,5.0,tehran_district
D21-00839,Pardis,87,2,1,1,1,726000000.0,8344827.586206896,author_assigned,,pardis-city,,,,satellite_town
D21-00840,Komeil,51,2,0,1,1,1050000000.0,20588235.29411765,unlinked,,,,,,unlocated
D21-00841,Shahr-e-Ziba,95,2,1,1,1,2870000000.0,30210526.315789472,name_match,shahr-e-ziba,,35.7481575012207,51.291460037231445,5.0,tehran_district
D21-00842,Jeyhoon,80,2,1,1,1,2150000000.0,26875000.0,name_match,jeyhoun,,35.68763732910156,51.36460494995117,10.0,tehran_district
D21-00843,Punak,145,3,1,1,1,4300000000.0,29655172.413793102,author_assigned,poonak,,35.76210975646973,51.33013343811035,5.0,tehran_district
D21-00844,Shahrake Gharb,155,3,1,1,1,9300000000.0,60000000.0,name_match,shahrak-e-gharb,,35.76015853881836,51.371429443359375,2.0,tehran_district
D21-00845,Ekbatan,88,2,1,1,1,3940000000.0,44772727.27272727,name_match,ekbatan,,35.708160400390625,51.306427001953125,5.0,tehran_district
D21-00846,Gheitarieh,175,3,1,1,1,15225000000.0,87000000.0,author_assigned,qeytariyeh,,35.79129219055176,51.4472541809082,1.0,tehran_district
D21-00847,Shahran,94,2,1,1,1,4700000000.0,50000000.0,author_assigned,north-shahran,,35.7661018371582,51.288944244384766,5.0,tehran_district
D21-00848,Ekhtiarieh,89,2,1,1,1,3300000000.0,37078651.68539326,name_match,ekhtiyariyeh,,35.78642272949219,51.459720611572266,3.0,tehran_district
D21-00849,Pasdaran,62,2,1,1,0,3400000000.0,54838709.67741936,name_match,pasdaran,,35.76714897155762,51.46321868896485,4.0,tehran_district
D21-00850,Punak,136,3,1,1,1,7550000000.0,55514705.88235294,author_assigned,poonak,,35.76210975646973,51.33013343811035,5.0,tehran_district
D21-00851,Feiz Garden,60,1,1,1,1,2450000000.0,40833333.333333336,author_assigned,bagh-feyz,,35.744869232177734,51.32010269165039,5.0,tehran_district
D21-00852,Southern Janatabad,120,3,1,1,1,5000000000.0,41666666.666666664,author_assigned,south-janat-abad,,35.74760437011719,51.30598068237305,5.0,tehran_district
D21-00853,Pakdasht,137,3,1,1,1,1750000000.0,12773722.627737226,author_assigned,,pakdasht-city,,,,satellite_town
D21-00854,Shahrake Gharb,160,3,1,1,1,12500000000.0,78125000.0,name_match,shahrak-e-gharb,,35.76015853881836,51.371429443359375,2.0,tehran_district
D21-00855,Saadat Abad,110,2,1,1,1,8800000000.0,80000000.0,name_match,saadat-abad,,35.78205490112305,51.37488555908203,2.0,tehran_district
D21-00856,Andisheh,71,2,1,1,0,940000000.0,13239436.61971831,author_assigned,,andisheh-new-town,,,,satellite_town
D21-00857,Shahrake Gharb,155,3,1,1,1,10000000000.0,64516129.03225806,name_match,shahrak-e-gharb,,35.76015853881836,51.371429443359375,2.0,tehran_district
D21-00858,Andisheh,80,2,1,1,0,1110000000.0,13875000.0,author_assigned,,andisheh-new-town,,,,satellite_town
D21-00859,Andisheh,84,3,1,1,1,1590000000.0,18928571.42857143,author_assigned,,andisheh-new-town,,,,satellite_town
D21-00860,Gheitarieh,77,2,1,1,1,5544000000.0,72000000.0,author_assigned,qeytariyeh,,35.79129219055176,51.4472541809082,1.0,tehran_district
D21-00861,Shahran,74,2,1,1,1,4100000000.0,55405405.4054054,author_assigned,north-shahran,,35.7661018371582,51.288944244384766,5.0,tehran_district
D21-00862,Shahr-e-Ziba,130,3,1,1,1,5400000000.0,41538461.538461536,name_match,shahr-e-ziba,,35.7481575012207,51.291460037231445,5.0,tehran_district
D21-00863,Southern Janatabad,70,2,1,1,1,2400000000.0,34285714.28571428,author_assigned,south-janat-abad,,35.74760437011719,51.30598068237305,5.0,tehran_district
D21-00864,Parand,75,2,0,1,1,389000000.0,5186666.666666667,author_assigned,,parand-city,,,,satellite_town
D21-00865,Pasdaran,83,2,1,0,1,5000000000.0,60240963.855421685,name_match,pasdaran,,35.76714897155762,51.46321868896485,4.0,tehran_district
D21-00866,Central Janatabad,65,1,1,1,1,3500000000.0,53846153.84615385,name_match,central-janat-abad,,35.75911331176758,51.30409622192383,5.0,tehran_district
D21-00867,Qasr-od-Dasht,62,1,0,1,0,1100000000.0,17741935.48387097,unlinked,,,,,,unlocated
D21-00868,Southern Chitgar,140,3,1,1,1,1484000000.0,10600000.0,author_assigned,chitgar,,35.72515106201172,51.18548202514648,21.0,tehran_district
D21-00869,Gheitarieh,235,3,1,1,1,25900000000.0,110212765.95744681,author_assigned,qeytariyeh,,35.79129219055176,51.4472541809082,1.0,tehran_district
D21-00870,Gheitarieh,102,2,1,1,1,8100000000.0,79411764.70588236,author_assigned,qeytariyeh,,35.79129219055176,51.4472541809082,1.0,tehran_district
D21-00871,Kahrizak,138,3,1,1,1,1242000000.0,9000000.0,author_assigned,,kahrizak,,,,satellite_town
D21-00872,Andisheh,49,1,1,1,0,380000000.0,7755102.040816327,author_assigned,,andisheh-new-town,,,,satellite_town
D21-00873,Niavaran,250,3,1,1,0,45000000000.0,180000000.0,name_match,niavaran,,35.81520462036133,51.4692611694336,1.0,tehran_district
D21-00874,Salsabil,48,1,1,1,0,995000000.0,20729166.666666668,author_assigned,sarsabil,,35.68894577026367,51.37411117553711,10.0,tehran_district
D21-00875,Pirouzi,68,2,1,1,0,1550000000.0,22794117.647058822,name_match,pirouzi,,35.692726135253906,51.48339080810547,13.0,tehran_district
D21-00876,Marzdaran,128,3,1,1,1,5200000000.0,40625000.0,name_match,marzdaran,,35.73454475402832,51.33983612060547,2.0,tehran_district
D21-00877,Pirouzi,60,1,1,1,1,1380000000.0,23000000.0,name_match,pirouzi,,35.692726135253906,51.48339080810547,13.0,tehran_district
D21-00878,Northern Janatabad,85,2,1,1,1,3200000000.0,37647058.823529415,author_assigned,north-janat-abad,,35.770896911621094,51.30755615234375,5.0,tehran_district
D21-00879,Islamshahr,85,2,1,1,1,565000000.0,6647058.823529412,author_assigned,,eslamshahr,,,,satellite_town
D21-00880,Islamshahr,78,2,1,0,0,550000000.0,7051282.051282051,author_assigned,,eslamshahr,,,,satellite_town
D21-00881,Pirouzi,38,1,1,1,0,850000000.0,22368421.05263158,name_match,pirouzi,,35.692726135253906,51.48339080810547,13.0,tehran_district
D21-00882,Pirouzi,92,2,1,0,1,2760000000.0,30000000.0,name_match,pirouzi,,35.692726135253906,51.48339080810547,13.0,tehran_district
D21-00883,Shahran,95,2,1,1,1,4650000000.0,48947368.421052635,author_assigned,north-shahran,,35.7661018371582,51.288944244384766,5.0,tehran_district
D21-00884,East Ferdows Boulevard,105,3,1,1,1,3900000000.0,37142857.14285714,author_assigned,kooy-e-ferdos,,35.72373008728027,51.3161506652832,5.0,tehran_district
D21-00885,Pardis,92,2,0,0,1,550000000.0,5978260.869565218,author_assigned,,pardis-city,,,,satellite_town
D21-00886,West Ferdows Boulevard,76,2,1,1,0,2400000000.0,31578947.36842105,author_assigned,kooy-e-ferdos,,35.72373008728027,51.3161506652832,5.0,tehran_district
D21-00887,Yaftabad,85,2,1,1,1,1250000000.0,14705882.352941176,name_match,yaftabad,,35.643272399902344,51.30583381652832,18.0,tehran_district
D21-00888,Gheitarieh,161,3,1,1,1,15350000000.0,95341614.9068323,author_assigned,qeytariyeh,,35.79129219055176,51.4472541809082,1.0,tehran_district
D21-00889,Yaftabad,85,2,1,1,1,1250000000.0,14705882.352941176,name_match,yaftabad,,35.643272399902344,51.30583381652832,18.0,tehran_district
D21-00890,Ray,50,1,1,0,1,750000000.0,15000000.0,author_assigned,,,,,20.0,tehran_district
D21-00891,West Ferdows Boulevard,78,2,1,1,1,2650000000.0,33974358.974358976,author_assigned,kooy-e-ferdos,,35.72373008728027,51.3161506652832,5.0,tehran_district
D21-00892,East Ferdows Boulevard,54,1,1,1,1,2150000000.0,39814814.81481481,author_assigned,kooy-e-ferdos,,35.72373008728027,51.3161506652832,5.0,tehran_district
D21-00893,Shahr-e-Ziba,100,2,1,1,1,3800000000.0,38000000.0,name_match,shahr-e-ziba,,35.7481575012207,51.291460037231445,5.0,tehran_district
D21-00894,East Ferdows Boulevard,100,2,1,1,1,3500000000.0,35000000.0,author_assigned,kooy-e-ferdos,,35.72373008728027,51.3161506652832,5.0,tehran_district
D21-00895,Jeyhoon,110,3,1,1,1,2330000000.0,21181818.181818184,name_match,jeyhoun,,35.68763732910156,51.36460494995117,10.0,tehran_district
D21-00896,East Ferdows Boulevard,57,1,1,1,1,2050000000.0,35964912.28070176,author_assigned,kooy-e-ferdos,,35.72373008728027,51.3161506652832,5.0,tehran_district
D21-00897,Andisheh,63,2,1,1,0,870000000.0,13809523.80952381,author_assigned,,andisheh-new-town,,,,satellite_town
D21-00898,Ostad Moein,100,2,1,1,1,3600000000.0,36000000.0,name_match,ostad-moein,,35.693721771240234,51.34459686279297,9.0,tehran_district
D21-00899,Shahrake Qods,80,1,0,1,0,560000000.0,7000000.0,author_assigned,,qods-city,,,,satellite_town
D21-00900,East Ferdows Boulevard,115,2,1,1,1,4200000000.0,36521739.13043478,author_assigned,kooy-e-ferdos,,35.72373008728027,51.3161506652832,5.0,tehran_district
D21-00901,West Ferdows Boulevard,68,1,1,1,0,1950000000.0,28676470.588235293,author_assigned,kooy-e-ferdos,,35.72373008728027,51.3161506652832,5.0,tehran_district
D21-00902,East Ferdows Boulevard,75,2,1,1,1,2350000000.0,31333333.333333332,author_assigned,kooy-e-ferdos,,35.72373008728027,51.3161506652832,5.0,tehran_district
D21-00903,West Ferdows Boulevard,48,1,1,1,0,1900000000.0,39583333.333333336,author_assigned,kooy-e-ferdos,,35.72373008728027,51.3161506652832,5.0,tehran_district
D21-00904,West Ferdows Boulevard,75,2,1,1,0,2450000000.0,32666666.666666668,author_assigned,kooy-e-ferdos,,35.72373008728027,51.3161506652832,5.0,tehran_district
D21-00905,Shahran,115,2,1,1,1,5000000000.0,43478260.86956522,author_assigned,north-shahran,,35.7661018371582,51.288944244384766,5.0,tehran_district
D21-00906,East Ferdows Boulevard,106,2,1,1,1,3500000000.0,33018867.9245283,author_assigned,kooy-e-ferdos,,35.72373008728027,51.3161506652832,5.0,tehran_district
D21-00907,East Ferdows Boulevard,56,1,1,1,1,1980000000.0,35357142.85714286,author_assigned,kooy-e-ferdos,,35.72373008728027,51.3161506652832,5.0,tehran_district
D21-00908,East Ferdows Boulevard,58,1,1,1,1,2080000000.0,35862068.96551724,author_assigned,kooy-e-ferdos,,35.72373008728027,51.3161506652832,5.0,tehran_district
D21-00909,Central Janatabad,95,2,1,1,1,3700000000.0,38947368.421052635,name_match,central-janat-abad,,35.75911331176758,51.30409622192383,5.0,tehran_district
D21-00910,West Ferdows Boulevard,50,1,1,1,1,1900000000.0,38000000.0,author_assigned,kooy-e-ferdos,,35.72373008728027,51.3161506652832,5.0,tehran_district
D21-00911,Central Janatabad,60,2,1,1,0,2100000000.0,35000000.0,name_match,central-janat-abad,,35.75911331176758,51.30409622192383,5.0,tehran_district
D21-00912,East Ferdows Boulevard,60,1,1,1,1,1920000000.0,32000000.0,author_assigned,kooy-e-ferdos,,35.72373008728027,51.3161506652832,5.0,tehran_district
D21-00913,Mehran,92,2,1,1,0,2500000000.0,27173913.04347826,unlinked,,,,,,unlocated
D21-00914,West Ferdows Boulevard,57,1,1,1,1,2300000000.0,40350877.19298246,author_assigned,kooy-e-ferdos,,35.72373008728027,51.3161506652832,5.0,tehran_district
D21-00915,West Ferdows Boulevard,72,2,1,1,0,2300000000.0,31944444.444444444,author_assigned,kooy-e-ferdos,,35.72373008728027,51.3161506652832,5.0,tehran_district
D21-00916,East Ferdows Boulevard,71,2,1,1,0,2280000000.0,32112676.056338027,author_assigned,kooy-e-ferdos,,35.72373008728027,51.3161506652832,5.0,tehran_district
D21-00917,Northren Jamalzadeh,123,2,1,1,1,3600000000.0,29268292.68292683,author_assigned,jamalzadeh,,35.69633483886719,51.38865280151367,11.0,tehran_district
D21-00918,West Ferdows Boulevard,50,1,1,1,1,1950000000.0,39000000.0,author_assigned,kooy-e-ferdos,,35.72373008728027,51.3161506652832,5.0,tehran_district
D21-00919,Shahr-e-Ziba,58,1,1,1,1,1850000000.0,31896551.724137932,name_match,shahr-e-ziba,,35.7481575012207,51.291460037231445,5.0,tehran_district
D21-00920,East Ferdows Boulevard,54,1,1,1,1,2050000000.0,37962962.96296296,author_assigned,kooy-e-ferdos,,35.72373008728027,51.3161506652832,5.0,tehran_district
D21-00921,Shahr-e-Ziba,85,2,1,1,1,2350000000.0,27647058.82352941,name_match,shahr-e-ziba,,35.7481575012207,51.291460037231445,5.0,tehran_district
D21-00922,West Ferdows Boulevard,85,2,1,1,1,3450000000.0,40588235.294117644,author_assigned,kooy-e-ferdos,,35.72373008728027,51.3161506652832,5.0,tehran_district
D21-00923,Nasim Shahr,125,3,0,1,1,1300000000.0,10400000.0,author_assigned,,nasimshahr,,,,satellite_town
D21-00924,East Ferdows Boulevard,55,1,1,1,1,1920000000.0,34909090.90909091,author_assigned,kooy-e-ferdos,,35.72373008728027,51.3161506652832,5.0,tehran_district
D21-00925,West Ferdows Boulevard,72,2,1,1,1,2500000000.0,34722222.222222224,author_assigned,kooy-e-ferdos,,35.72373008728027,51.3161506652832,5.0,tehran_district
D21-00926,Shahr-e-Ziba,58,1,1,1,1,1850000000.0,31896551.724137932,name_match,shahr-e-ziba,,35.7481575012207,51.291460037231445,5.0,tehran_district
D21-00927,East Ferdows Boulevard,115,2,1,1,1,5200000000.0,45217391.30434783,author_assigned,kooy-e-ferdos,,35.72373008728027,51.3161506652832,5.0,tehran_district
D21-00928,West Ferdows Boulevard,100,2,1,1,1,3450000000.0,34500000.0,author_assigned,kooy-e-ferdos,,35.72373008728027,51.3161506652832,5.0,tehran_district
D21-00929,Persian Gulf Martyrs Lake,116,2,1,1,1,4170000000.0,35948275.862068966,author_assigned,chitgar-lake,,35.749732971191406,51.210039138793945,22.0,tehran_district
D21-00930,Persian Gulf Martyrs Lake,105,2,1,1,1,3250000000.0,30952380.95238095,author_assigned,chitgar-lake,,35.749732971191406,51.210039138793945,22.0,tehran_district
D21-00931,East Ferdows Boulevard,60,1,1,1,0,1800000000.0,30000000.0,author_assigned,kooy-e-ferdos,,35.72373008728027,51.3161506652832,5.0,tehran_district
D21-00932,Feiz Garden,53,1,1,1,1,2120000000.0,40000000.0,author_assigned,bagh-feyz,,35.744869232177734,51.32010269165039,5.0,tehran_district
D21-00933,East Ferdows Boulevard,55,1,1,1,1,1780000000.0,32363636.363636363,author_assigned,kooy-e-ferdos,,35.72373008728027,51.3161506652832,5.0,tehran_district
D21-00934,East Ferdows Boulevard,76,2,1,1,1,2250000000.0,29605263.157894738,author_assigned,kooy-e-ferdos,,35.72373008728027,51.3161506652832,5.0,tehran_district
D21-00935,Persian Gulf Martyrs Lake,111,3,1,1,1,3500000000.0,31531531.53153153,author_assigned,chitgar-lake,,35.749732971191406,51.210039138793945,22.0,tehran_district
D21-00936,Golestan,77,2,1,1,1,2150000000.0,27922077.92207792,author_assigned,,golestan-baharestan,,,,satellite_town
D21-00937,East Ferdows Boulevard,58,1,1,1,1,1860000000.0,32068965.51724138,author_assigned,kooy-e-ferdos,,35.72373008728027,51.3161506652832,5.0,tehran_district
D21-00938,Southern Program Organization,94,2,1,1,0,3200000000.0,34042553.19148936,author_assigned,sazamn-barnameh,,35.72991752624512,51.30108451843262,5.0,tehran_district
D21-00939,Shahr-e-Ziba,58,1,1,1,1,1880000000.0,32413793.103448275,name_match,shahr-e-ziba,,35.7481575012207,51.291460037231445,5.0,tehran_district
D21-00940,Golestan,108,2,1,1,1,3300000000.0,30555555.555555556,author_assigned,,golestan-baharestan,,,,satellite_town
D21-00941,Feiz Garden,56,1,1,1,1,2000000000.0,35714285.71428572,author_assigned,bagh-feyz,,35.744869232177734,51.32010269165039,5.0,tehran_district
D21-00942,North Program Organization,84,2,1,1,1,3250000000.0,38690476.190476194,author_assigned,sazamn-barnameh,,35.72991752624512,51.30108451843262,5.0,tehran_district
D21-00943,Azarbaijan,60,2,1,1,1,1950000000.0,32500000.0,name_match,azarbaijan,,35.698368072509766,51.36988830566406,10.0,tehran_district
D21-00944,Pardis,53,1,0,1,1,470000000.0,8867924.528301887,author_assigned,,pardis-city,,,,satellite_town
D21-00945,Pirouzi,73,2,1,1,1,2555000000.0,35000000.0,name_match,pirouzi,,35.692726135253906,51.48339080810547,13.0,tehran_district
D21-00946,Pirouzi,73,2,0,0,1,1970000000.0,26986301.369863015,name_match,pirouzi,,35.692726135253906,51.48339080810547,13.0,tehran_district
D21-00947,Pirouzi,150,3,1,1,1,5100000000.0,34000000.0,name_match,pirouzi,,35.692726135253906,51.48339080810547,13.0,tehran_district
D21-00948,Pirouzi,114,2,1,1,1,3762000000.0,33000000.0,name_match,pirouzi,,35.692726135253906,51.48339080810547,13.0,tehran_district
D21-00949,Ostad Moein,66,2,1,1,1,1585000000.0,24015151.515151516,name_match,ostad-moein,,35.693721771240234,51.34459686279297,9.0,tehran_district
D21-00950,Pardis,53,1,0,1,1,540000000.0,10188679.245283019,author_assigned,,pardis-city,,,,satellite_town
D21-00951,Pirouzi,125,3,1,1,1,4000000000.0,32000000.0,name_match,pirouzi,,35.692726135253906,51.48339080810547,13.0,tehran_district
D21-00952,Gheitarieh,145,3,1,1,1,13625000000.0,93965517.2413793,author_assigned,qeytariyeh,,35.79129219055176,51.4472541809082,1.0,tehran_district
D21-00953,Dezashib,197,3,1,1,1,18715000000.0,95000000.0,name_match,dezashib,,35.8081169128418,51.45136260986328,1.0,tehran_district
D21-00954,Koohsar,105,2,1,1,1,4000000000.0,38095238.0952381,author_assigned,shahrak-e-koohsar,,35.781354904174805,51.33292198181152,5.0,tehran_district
D21-00955,Tenant,135,3,1,1,1,4050000000.0,30000000.0,unlinked,,,,,,unlocated
D21-00956,Shams Abad,137,3,1,1,1,4660000000.0,34014598.540145986,name_match,shams-abad,,35.74838066101074,51.47891616821289,4.0,tehran_district
D21-00957,Central Janatabad,90,2,1,1,0,3200000000.0,35555555.55555555,name_match,central-janat-abad,,35.75911331176758,51.30409622192383,5.0,tehran_district
D21-00958,Southern Janatabad,125,2,1,1,1,6625000000.0,53000000.0,author_assigned,south-janat-abad,,35.74760437011719,51.30598068237305,5.0,tehran_district
D21-00959,Gheitarieh,175,3,1,1,1,15500000000.0,88571428.57142857,author_assigned,qeytariyeh,,35.79129219055176,51.4472541809082,1.0,tehran_district
D21-00960,East Ferdows Boulevard,52,1,1,1,1,2300000000.0,44230769.23076923,author_assigned,kooy-e-ferdos,,35.72373008728027,51.3161506652832,5.0,tehran_district
D21-00961,Persian Gulf Martyrs Lake,110,3,1,1,1,3100000000.0,28181818.181818184,author_assigned,chitgar-lake,,35.749732971191406,51.210039138793945,22.0,tehran_district
D21-00962,Persian Gulf Martyrs Lake,110,3,1,1,1,3100000000.0,28181818.181818184,author_assigned,chitgar-lake,,35.749732971191406,51.210039138793945,22.0,tehran_district
D21-00963,Persian Gulf Martyrs Lake,112,2,1,0,1,3300000000.0,29464285.714285713,author_assigned,chitgar-lake,,35.749732971191406,51.210039138793945,22.0,tehran_district
D21-00964,Shahran,65,2,1,1,1,2150000000.0,33076923.076923076,author_assigned,north-shahran,,35.7661018371582,51.288944244384766,5.0,tehran_district
D21-00965,Andisheh,48,1,1,1,1,400000000.0,8333333.333333333,author_assigned,,andisheh-new-town,,,,satellite_town
D21-00966,Persian Gulf Martyrs Lake,105,2,1,1,1,2800000000.0,26666666.666666668,author_assigned,chitgar-lake,,35.749732971191406,51.210039138793945,22.0,tehran_district
D21-00967,Shahr-e-Ziba,56,1,1,1,1,2240000000.0,40000000.0,name_match,shahr-e-ziba,,35.7481575012207,51.291460037231445,5.0,tehran_district
D21-00968,Golestan,108,2,1,1,1,1900000000.0,17592592.592592593,author_assigned,,golestan-baharestan,,,,satellite_town
D21-00969,Southern Janatabad,78,2,1,1,1,2920000000.0,37435897.43589743,author_assigned,south-janat-abad,,35.74760437011719,51.30598068237305,5.0,tehran_district
D21-00970,Parand,85,2,1,1,1,520000000.0,6117647.05882353,author_assigned,,parand-city,,,,satellite_town
D21-00971,Pardis,105,2,1,1,1,535000000.0,5095238.095238095,author_assigned,,pardis-city,,,,satellite_town
D21-00972,Saadat Abad,145,3,1,1,1,11000000000.0,75862068.96551724,name_match,saadat-abad,,35.78205490112305,51.37488555908203,2.0,tehran_district
D21-00973,Punak,145,3,1,1,1,8990000000.0,62000000.0,author_assigned,poonak,,35.76210975646973,51.33013343811035,5.0,tehran_district
D21-00974,Punak,140,3,1,1,1,6200000000.0,44285714.28571428,author_assigned,poonak,,35.76210975646973,51.33013343811035,5.0,tehran_district
D21-00975,Ostad Moein,66,2,1,1,1,1580000000.0,23939393.939393938,name_match,ostad-moein,,35.693721771240234,51.34459686279297,9.0,tehran_district
D21-00976,Persian Gulf Martyrs Lake,121,3,1,1,1,3650000000.0,30165289.256198347,author_assigned,chitgar-lake,,35.749732971191406,51.210039138793945,22.0,tehran_district
D21-00977,Persian Gulf Martyrs Lake,105,2,1,1,1,3250000000.0,30952380.95238095,author_assigned,chitgar-lake,,35.749732971191406,51.210039138793945,22.0,tehran_district
D21-00978,Chardangeh,150,2,0,1,1,1200000000.0,8000000.0,author_assigned,,chahar-dangeh,,,,satellite_town
D21-00979,Central Janatabad,98,2,1,1,1,4480000000.0,45714285.71428572,name_match,central-janat-abad,,35.75911331176758,51.30409622192383,5.0,tehran_district
D21-00980,Persian Gulf Martyrs Lake,108,2,1,1,1,3350000000.0,31018518.51851852,author_assigned,chitgar-lake,,35.749732971191406,51.210039138793945,22.0,tehran_district
D21-00981,Ostad Moein,95,2,1,1,1,2600000000.0,27368421.05263158,name_match,ostad-moein,,35.693721771240234,51.34459686279297,9.0,tehran_district
D21-00982,Fallah,64,1,0,0,1,900000000.0,14062500.0,name_match,fallah,,35.65802574157715,51.36517333984375,17.0,tehran_district
D21-00983,Fallah,75,1,1,0,1,1875000000.0,25000000.0,name_match,fallah,,35.65802574157715,51.36517333984375,17.0,tehran_district
D21-00984,West Ferdows Boulevard,50,1,1,1,1,1950000000.0,39000000.0,author_assigned,kooy-e-ferdos,,35.72373008728027,51.3161506652832,5.0,tehran_district
D21-00985,Persian Gulf Martyrs Lake,90,2,1,1,1,2500000000.0,27777777.777777776,author_assigned,chitgar-lake,,35.749732971191406,51.210039138793945,22.0,tehran_district
D21-00986,Fallah,93,2,1,1,1,1510000000.0,16236559.139784947,name_match,fallah,,35.65802574157715,51.36517333984375,17.0,tehran_district
D21-00987,Persian Gulf Martyrs Lake,148,3,1,1,1,5750000000.0,38851351.35135135,author_assigned,chitgar-lake,,35.749732971191406,51.210039138793945,22.0,tehran_district
D21-00988,Eskandari,64,1,0,1,0,1050000000.0,16406250.0,name_match,eskandari,,35.687496185302734,51.38174819946289,11.0,tehran_district
D21-00989,Persian Gulf Martyrs Lake,114,2,1,1,1,3600000000.0,31578947.36842105,author_assigned,chitgar-lake,,35.749732971191406,51.210039138793945,22.0,tehran_district
D21-00990,Persian Gulf Martyrs Lake,107,2,1,1,1,3500000000.0,32710280.373831775,author_assigned,chitgar-lake,,35.749732971191406,51.210039138793945,22.0,tehran_district
D21-00991,Persian Gulf Martyrs Lake,113,2,1,1,1,3270000000.0,28938053.097345132,author_assigned,chitgar-lake,,35.749732971191406,51.210039138793945,22.0,tehran_district
D21-00992,Gheitarieh,115,2,1,1,1,7400000000.0,64347826.08695652,author_assigned,qeytariyeh,,35.79129219055176,51.4472541809082,1.0,tehran_district
D21-00993,Persian Gulf Martyrs Lake,115,2,1,1,1,3600000000.0,31304347.826086957,author_assigned,chitgar-lake,,35.749732971191406,51.210039138793945,22.0,tehran_district
D21-00994,Gholhak,120,2,1,1,1,8400000000.0,70000000.0,name_match,gholhak,,35.77467346191406,51.44390869140625,3.0,tehran_district
D21-00995,Central Janatabad,76,2,1,1,1,2700000000.0,35526315.78947368,name_match,central-janat-abad,,35.75911331176758,51.30409622192383,5.0,tehran_district
D21-00996,North Program Organization,106,2,1,1,1,4520000000.0,42641509.43396226,author_assigned,sazamn-barnameh,,35.72991752624512,51.30108451843262,5.0,tehran_district
D21-00997,Gheitarieh,105,2,1,1,1,6900000000.0,65714285.71428572,author_assigned,qeytariyeh,,35.79129219055176,51.4472541809082,1.0,tehran_district
D21-00998,Ray,87,2,0,0,1,1570000000.0,18045977.011494253,author_assigned,,,,,20.0,tehran_district
D21-00999,Ostad Moein,68,2,1,1,1,1970000000.0,28970588.23529412,name_match,ostad-moein,,35.693721771240234,51.34459686279297,9.0,tehran_district
D21-01000,Punak,70,2,1,1,1,2580000000.0,36857142.85714286,author_assigned,poonak,,35.76210975646973,51.33013343811035,5.0,tehran_district
D21-01001,Ostad Moein,165,3,1,1,1,5250000000.0,31818181.818181816,name_match,ostad-moein,,35.693721771240234,51.34459686279297,9.0,tehran_district
D21-01002,Dorous,365,4,1,1,1,47450000000.0,130000000.0,author_assigned,darrous,,35.77359199523926,51.45492362976074,3.0,tehran_district
D21-01003,Pasdaran,175,3,1,1,1,15500000000.0,88571428.57142857,name_match,pasdaran,,35.76714897155762,51.46321868896485,4.0,tehran_district
D21-01004,West Ferdows Boulevard,50,1,1,1,1,1950000000.0,39000000.0,author_assigned,kooy-e-ferdos,,35.72373008728027,51.3161506652832,5.0,tehran_district
D21-01005,Saadat Abad,70,2,1,1,1,4800000000.0,68571428.57142857,name_match,saadat-abad,,35.78205490112305,51.37488555908203,2.0,tehran_district
D21-01006,Marzdaran,165,3,1,1,1,10230000000.0,62000000.0,name_match,marzdaran,,35.73454475402832,51.33983612060547,2.0,tehran_district
D21-01007,Central Janatabad,115,2,1,1,1,5080000000.0,44173913.04347826,name_match,central-janat-abad,,35.75911331176758,51.30409622192383,5.0,tehran_district
D21-01008,Shahr-e-Ziba,93,2,1,0,1,2900000000.0,31182795.69892473,name_match,shahr-e-ziba,,35.7481575012207,51.291460037231445,5.0,tehran_district
D21-01009,Marzdaran,181,3,1,1,1,13000000000.0,71823204.41988951,name_match,marzdaran,,35.73454475402832,51.33983612060547,2.0,tehran_district
D21-01010,Ostad Moein,57,1,1,1,1,1600000000.0,28070175.43859649,name_match,ostad-moein,,35.693721771240234,51.34459686279297,9.0,tehran_district
D21-01011,Marzdaran,175,3,1,1,1,11375000000.0,65000000.0,name_match,marzdaran,,35.73454475402832,51.33983612060547,2.0,tehran_district
D21-01012,Marzdaran,146,3,1,1,1,8500000000.0,58219178.08219178,name_match,marzdaran,,35.73454475402832,51.33983612060547,2.0,tehran_district
D21-01013,Marzdaran,135,3,1,1,1,6200000000.0,45925925.925925925,name_match,marzdaran,,35.73454475402832,51.33983612060547,2.0,tehran_district
D21-01014,Southern Program Organization,50,1,1,1,1,1980000000.0,39600000.0,author_assigned,sazamn-barnameh,,35.72991752624512,51.30108451843262,5.0,tehran_district
D21-01015,Pardis,110,2,1,1,1,535000000.0,4863636.363636363,author_assigned,,pardis-city,,,,satellite_town
D21-01016,Mahallati,108,2,1,1,1,7000000000.0,64814814.81481481,author_assigned,shahrak-e-mahalati,,35.80434036254883,51.517839431762695,1.0,tehran_district
D21-01017,Pardis,121,3,1,1,1,610000000.0,5041322.314049587,author_assigned,,pardis-city,,,,satellite_town
D21-01018,Elahieh,220,3,1,1,1,35200000000.0,160000000.0,name_match,elahiyeh,,35.79115676879883,51.426809310913086,1.0,tehran_district
D21-01019,Elahieh,240,4,1,1,1,38500000000.0,160416666.66666666,name_match,elahiyeh,,35.79115676879883,51.426809310913086,1.0,tehran_district
D21-01020,Shahrakeh Naft,90,2,1,1,1,5500000000.0,61111111.11111111,author_assigned,shahrak-naft,,35.80707359313965,51.50653076171875,1.0,tehran_district
D21-01021,Niavaran,117,2,1,1,1,12500000000.0,106837606.83760683,name_match,niavaran,,35.81520462036133,51.4692611694336,1.0,tehran_district
D21-01022,Punak,142,3,1,1,1,7550000000.0,53169014.08450704,author_assigned,poonak,,35.76210975646973,51.33013343811035,5.0,tehran_district
D21-01023,West Ferdows Boulevard,55,1,1,1,0,1950000000.0,35454545.45454545,author_assigned,kooy-e-ferdos,,35.72373008728027,51.3161506652832,5.0,tehran_district
D21-01024,Shahran,85,2,1,1,1,3300000000.0,38823529.4117647,author_assigned,north-shahran,,35.7661018371582,51.288944244384766,5.0,tehran_district
D21-01025,Niavaran,162,3,1,1,1,16300000000.0,100617283.95061728,name_match,niavaran,,35.81520462036133,51.4692611694336,1.0,tehran_district
D21-01026,Ajudaniye,100,2,1,1,1,6500000000.0,65000000.0,name_match,ajoodanieh,,35.80843162536621,51.48390769958496,1.0,tehran_district
D21-01027,Shahrake Gharb,165,3,1,1,1,12400000000.0,75151515.15151516,name_match,shahrak-e-gharb,,35.76015853881836,51.371429443359375,2.0,tehran_district
D21-01028,Niavaran,150,3,1,1,1,15000000000.0,100000000.0,name_match,niavaran,,35.81520462036133,51.4692611694336,1.0,tehran_district
D21-01029,Qazvin Imamzadeh Hassan,83,2,1,1,1,1450000000.0,17469879.51807229,author_assigned,imamzadeh-hasan,,35.66447830200195,51.36205673217773,17.0,tehran_district
D21-01030,West Pars,200,3,1,0,1,10000000000.0,50000000.0,author_assigned,west-tehranpars,,35.73899841308594,51.52931213378906,4.0,tehran_district
D21-01031,Abazar,95,2,1,1,1,6700000000.0,70526315.78947368,author_assigned,aboozar,,35.73118209838867,51.32947540283203,5.0,tehran_district
D21-01032,Persian Gulf Martyrs Lake,82,2,1,1,1,2350000000.0,28658536.585365854,author_assigned,chitgar-lake,,35.749732971191406,51.210039138793945,22.0,tehran_district
D21-01033,Shahran,112,3,1,1,1,5600000000.0,50000000.0,author_assigned,north-shahran,,35.7661018371582,51.288944244384766,5.0,tehran_district
D21-01034,Northern Janatabad,96,2,1,1,1,3900000000.0,40625000.0,author_assigned,north-janat-abad,,35.770896911621094,51.30755615234375,5.0,tehran_district
D21-01035,Parand,86,3,1,1,1,425000000.0,4941860.465116279,author_assigned,,parand-city,,,,satellite_town
D21-01036,Pardis,105,2,1,1,1,940000000.0,8952380.952380951,author_assigned,,pardis-city,,,,satellite_town
D21-01037,Ostad Moein,115,2,1,1,1,3280000000.0,28521739.13043478,name_match,ostad-moein,,35.693721771240234,51.34459686279297,9.0,tehran_district
D21-01038,Shahr-e-Ziba,87,2,1,1,1,3000000000.0,34482758.62068965,name_match,shahr-e-ziba,,35.7481575012207,51.291460037231445,5.0,tehran_district
D21-01039,Farmanieh,165,3,1,1,1,11500000000.0,69696969.6969697,name_match,farmaniyeh,,35.79709053039551,51.46924209594727,1.0,tehran_district
D21-01040,Marzdaran,135,3,1,1,1,7425000000.0,55000000.0,name_match,marzdaran,,35.73454475402832,51.33983612060547,2.0,tehran_district
D21-01041,Feiz Garden,110,2,1,1,1,3670000000.0,33363636.363636363,author_assigned,bagh-feyz,,35.744869232177734,51.32010269165039,5.0,tehran_district
D21-01042,Southern Janatabad,80,2,1,1,1,3500000000.0,43750000.0,author_assigned,south-janat-abad,,35.74760437011719,51.30598068237305,5.0,tehran_district
D21-01043,Southern Janatabad,66,2,1,1,1,1800000000.0,27272727.272727273,author_assigned,south-janat-abad,,35.74760437011719,51.30598068237305,5.0,tehran_district
D21-01044,Qazvin Imamzadeh Hassan,88,2,1,1,1,1550000000.0,17613636.363636363,author_assigned,imamzadeh-hasan,,35.66447830200195,51.36205673217773,17.0,tehran_district
D21-01045,Shahrake Qods,70,1,1,1,0,870000000.0,12428571.42857143,author_assigned,,qods-city,,,,satellite_town
D21-01046,Feiz Garden,130,3,1,1,1,5600000000.0,43076923.07692308,author_assigned,bagh-feyz,,35.744869232177734,51.32010269165039,5.0,tehran_district
D21-01047,North Program Organization,87,2,1,1,1,3000000000.0,34482758.62068965,author_assigned,sazamn-barnameh,,35.72991752624512,51.30108451843262,5.0,tehran_district
D21-01048,Southern Janatabad,86,2,1,1,1,4500000000.0,52325581.39534884,author_assigned,south-janat-abad,,35.74760437011719,51.30598068237305,5.0,tehran_district
D21-01049,Southern Program Organization,62,1,1,1,1,2400000000.0,38709677.41935484,author_assigned,sazamn-barnameh,,35.72991752624512,51.30108451843262,5.0,tehran_district
D21-01050,Punak,125,3,1,1,1,6300000000.0,50400000.0,author_assigned,poonak,,35.76210975646973,51.33013343811035,5.0,tehran_district
D21-01051,Pardis,87,2,1,1,1,725000000.0,8333333.333333333,author_assigned,,pardis-city,,,,satellite_town
D21-01052,Southern Janatabad,70,2,1,1,1,2000000000.0,28571428.57142857,author_assigned,south-janat-abad,,35.74760437011719,51.30598068237305,5.0,tehran_district
D21-01053,Southern Janatabad,65,2,1,1,1,2700000000.0,41538461.538461536,author_assigned,south-janat-abad,,35.74760437011719,51.30598068237305,5.0,tehran_district
D21-01054,Southern Janatabad,64,2,1,1,1,2100000000.0,32812500.0,author_assigned,south-janat-abad,,35.74760437011719,51.30598068237305,5.0,tehran_district
D21-01055,Southern Janatabad,62,2,1,1,1,2200000000.0,35483870.96774194,author_assigned,south-janat-abad,,35.74760437011719,51.30598068237305,5.0,tehran_district
D21-01056,Southern Janatabad,70,2,1,1,1,2500000000.0,35714285.71428572,author_assigned,south-janat-abad,,35.74760437011719,51.30598068237305,5.0,tehran_district
D21-01057,Gheitarieh,140,3,1,1,1,8000000000.0,57142857.14285714,author_assigned,qeytariyeh,,35.79129219055176,51.4472541809082,1.0,tehran_district
D21-01058,Gheitarieh,125,3,1,1,1,7100000000.0,56800000.0,author_assigned,qeytariyeh,,35.79129219055176,51.4472541809082,1.0,tehran_district
D21-01059,Southern Janatabad,68,2,1,1,1,2100000000.0,30882352.94117647,author_assigned,south-janat-abad,,35.74760437011719,51.30598068237305,5.0,tehran_district
D21-01060,West Ferdows Boulevard,67,2,1,0,0,2200000000.0,32835820.89552239,author_assigned,kooy-e-ferdos,,35.72373008728027,51.3161506652832,5.0,tehran_district
D21-01061,Southern Janatabad,64,2,1,1,1,2050000000.0,32031250.0,author_assigned,south-janat-abad,,35.74760437011719,51.30598068237305,5.0,tehran_district
D21-01062,Jeyhoon,64,2,1,1,0,1500000000.0,23437500.0,name_match,jeyhoun,,35.68763732910156,51.36460494995117,10.0,tehran_district
D21-01063,Northern Janatabad,95,2,1,1,0,3900000000.0,41052631.578947365,author_assigned,north-janat-abad,,35.770896911621094,51.30755615234375,5.0,tehran_district
D21-01064,Pardis,97,2,1,1,1,770000000.0,7938144.329896907,author_assigned,,pardis-city,,,,satellite_town
D21-01065,Persian Gulf Martyrs Lake,136,3,1,1,1,4300000000.0,31617647.05882353,author_assigned,chitgar-lake,,35.749732971191406,51.210039138793945,22.0,tehran_district
D21-01066,West Ferdows Boulevard,70,1,1,1,1,2400000000.0,34285714.28571428,author_assigned,kooy-e-ferdos,,35.72373008728027,51.3161506652832,5.0,tehran_district
D21-01067,Qazvin Imamzadeh Hassan,85,2,1,1,1,1507000000.0,17729411.76470588,author_assigned,imamzadeh-hasan,,35.66447830200195,51.36205673217773,17.0,tehran_district
D21-01068,Pardis,105,2,1,1,1,950000000.0,9047619.047619049,author_assigned,,pardis-city,,,,satellite_town
D21-01069,North Program Organization,50,1,1,0,1,1900000000.0,38000000.0,author_assigned,sazamn-barnameh,,35.72991752624512,51.30108451843262,5.0,tehran_district
D21-01070,Southern Program Organization,57,1,1,1,1,2750000000.0,48245614.03508772,author_assigned,sazamn-barnameh,,35.72991752624512,51.30108451843262,5.0,tehran_district
D21-01071,Pardis,121,3,1,1,1,610000000.0,5041322.314049587,author_assigned,,pardis-city,,,,satellite_town
D21-01072,West Ferdows Boulevard,95,2,1,1,1,3300000000.0,34736842.10526316,author_assigned,kooy-e-ferdos,,35.72373008728027,51.3161506652832,5.0,tehran_district
D21-01073,West Ferdows Boulevard,65,2,1,1,1,2380000000.0,36615384.615384616,author_assigned,kooy-e-ferdos,,35.72373008728027,51.3161506652832,5.0,tehran_district
D21-01074,Tehransar,100,2,0,1,0,2000000000.0,20000000.0,name_match,tehransar,,35.69601821899414,51.2551383972168,21.0,tehran_district
D21-01075,Kook,128,3,1,1,1,3950000000.0,30859375.0,unlinked,,,,,,unlocated
D21-01076,Gheitarieh,93,2,1,1,1,6000000000.0,64516129.03225806,author_assigned,qeytariyeh,,35.79129219055176,51.4472541809082,1.0,tehran_district
D21-01077,Qazvin Imamzadeh Hassan,75,2,1,1,1,1275000000.0,17000000.0,author_assigned,imamzadeh-hasan,,35.66447830200195,51.36205673217773,17.0,tehran_district
D21-01078,Jeyhoon,133,4,1,1,0,4700000000.0,35338345.86466166,name_match,jeyhoun,,35.68763732910156,51.36460494995117,10.0,tehran_district
D21-01079,Northern Janatabad,100,2,1,1,1,4450000000.0,44500000.0,author_assigned,north-janat-abad,,35.770896911621094,51.30755615234375,5.0,tehran_district
D21-01080,Persian Gulf Martyrs Lake,140,3,1,1,1,4800000000.0,34285714.28571428,author_assigned,chitgar-lake,,35.749732971191406,51.210039138793945,22.0,tehran_district
D21-01081,Central Janatabad,92,2,1,1,1,3570000000.0,38804347.82608695,name_match,central-janat-abad,,35.75911331176758,51.30409622192383,5.0,tehran_district
D21-01082,Amirabad,120,2,1,1,0,4500000000.0,37500000.0,name_match,amir-abad,,35.735538482666016,51.39494323730469,6.0,tehran_district
D21-01083,Jeyhoon,45,1,1,1,0,1030000000.0,22888888.888888888,name_match,jeyhoun,,35.68763732910156,51.36460494995117,10.0,tehran_district
D21-01084,Gheitarieh,130,2,1,1,0,6890000000.0,53000000.0,author_assigned,qeytariyeh,,35.79129219055176,51.4472541809082,1.0,tehran_district
D21-01085,Nawab,95,2,0,1,1,2185000000.0,23000000.0,author_assigned,shahid-navab-safavi,,35.67668151855469,51.380897521972656,11.0,tehran_district
D21-01086,Gheitarieh,150,3,0,0,0,10500000000.0,70000000.0,author_assigned,qeytariyeh,,35.79129219055176,51.4472541809082,1.0,tehran_district
D21-01087,Qazvin Imamzadeh Hassan,72,2,1,1,1,1206000000.0,16750000.0,author_assigned,imamzadeh-hasan,,35.66447830200195,51.36205673217773,17.0,tehran_district
D21-01088,Central Janatabad,60,1,1,1,1,3350000000.0,55833333.333333336,name_match,central-janat-abad,,35.75911331176758,51.30409622192383,5.0,tehran_district
D21-01089,Dorous,190,3,1,1,1,12000000000.0,63157894.7368421,author_assigned,darrous,,35.77359199523926,51.45492362976074,3.0,tehran_district
D21-01090,Shahrake Gharb,125,2,1,1,1,9750000000.0,78000000.0,name_match,shahrak-e-gharb,,35.76015853881836,51.371429443359375,2.0,tehran_district
D21-01091,North Program Organization,90,2,1,1,1,3420000000.0,38000000.0,author_assigned,sazamn-barnameh,,35.72991752624512,51.30108451843262,5.0,tehran_district
D21-01092,Shahr-e-Ziba,105,2,1,1,1,4100000000.0,39047619.047619045,name_match,shahr-e-ziba,,35.7481575012207,51.291460037231445,5.0,tehran_district
D21-01093,Shahran,90,2,1,1,1,2850000000.0,31666666.666666668,author_assigned,north-shahran,,35.7661018371582,51.288944244384766,5.0,tehran_district
D21-01094,Southern Janatabad,102,2,1,1,1,5600000000.0,54901960.78431372,author_assigned,south-janat-abad,,35.74760437011719,51.30598068237305,5.0,tehran_district
D21-01095,Ostad Moein,50,1,1,1,1,1500000000.0,30000000.0,name_match,ostad-moein,,35.693721771240234,51.34459686279297,9.0,tehran_district
D21-01096,Punak,66,2,1,1,0,2250000000.0,34090909.09090909,author_assigned,poonak,,35.76210975646973,51.33013343811035,5.0,tehran_district
D21-01097,Yousef Abad,125,3,1,1,1,8750000000.0,70000000.0,name_match,yousef-abad,,35.734426498413086,51.405574798583984,6.0,tehran_district
D21-01098,Parand,132,3,1,1,1,2050000000.0,15530303.030303031,author_assigned,,parand-city,,,,satellite_town
D21-01099,Central Janatabad,103,2,1,1,1,4300000000.0,41747572.81553398,name_match,central-janat-abad,,35.75911331176758,51.30409622192383,5.0,tehran_district
D21-01100,Yousef Abad,270,5,1,1,0,13500000000.0,50000000.0,name_match,yousef-abad,,35.734426498413086,51.405574798583984,6.0,tehran_district
D21-01101,Shahran,130,2,1,1,1,4180000000.0,32153846.153846152,author_assigned,north-shahran,,35.7661018371582,51.288944244384766,5.0,tehran_district
D21-01102,Amirabad,160,3,1,1,1,8320000000.0,52000000.0,name_match,amir-abad,,35.735538482666016,51.39494323730469,6.0,tehran_district
D21-01103,Shahran,110,2,1,1,1,3410000000.0,31000000.0,author_assigned,north-shahran,,35.7661018371582,51.288944244384766,5.0,tehran_district
D21-01104,Shahran,75,2,1,1,1,1980000000.0,26400000.0,author_assigned,north-shahran,,35.7661018371582,51.288944244384766,5.0,tehran_district
D21-01105,Shahran,75,2,1,1,1,2400000000.0,32000000.0,author_assigned,north-shahran,,35.7661018371582,51.288944244384766,5.0,tehran_district
D21-01106,Northern Suhrawardi,85,2,1,1,1,4500000000.0,52941176.47058824,author_assigned,north-sohrevardi,,35.72170639038086,51.43534851074219,7.0,tehran_district
D21-01107,Heravi,225,3,1,1,1,15750000000.0,70000000.0,name_match,heravi,,35.76724433898926,51.47656440734863,4.0,tehran_district
D21-01108,Saadat Abad,130,3,1,1,1,8500000000.0,65384615.384615384,name_match,saadat-abad,,35.78205490112305,51.37488555908203,2.0,tehran_district
D21-01109,Qazvin Imamzadeh Hassan,73,2,1,1,1,1679000000.0,23000000.0,author_assigned,imamzadeh-hasan,,35.66447830200195,51.36205673217773,17.0,tehran_district
D21-01110,Saadat Abad,95,2,1,1,1,5500000000.0,57894736.84210526,name_match,saadat-abad,,35.78205490112305,51.37488555908203,2.0,tehran_district
D21-01111,Shahrake Gharb,250,4,1,1,0,35000000000.0,140000000.0,name_match,shahrak-e-gharb,,35.76015853881836,51.371429443359375,2.0,tehran_district
D21-01112,Salsabil,65,2,1,1,1,1750000000.0,26923076.923076924,author_assigned,sarsabil,,35.68894577026367,51.37411117553711,10.0,tehran_district
D21-01113,Azarbaijan,64,2,1,1,1,2090000000.0,32656250.0,name_match,azarbaijan,,35.698368072509766,51.36988830566406,10.0,tehran_district
D21-01114,Villa,94,2,1,1,1,4130000000.0,43936170.212765954,unlinked,,,,,,unlocated
D21-01115,Pardis,110,2,1,1,1,375000000.0,3409090.909090909,author_assigned,,pardis-city,,,,satellite_town
D21-01116,Pardis,105,2,1,1,1,550000000.0,5238095.238095238,author_assigned,,pardis-city,,,,satellite_town
D21-01117,Heravi,145,3,1,1,1,9000000000.0,62068965.51724138,name_match,heravi,,35.76724433898926,51.47656440734863,4.0,tehran_district
D21-01118,Pardis,105,2,1,1,1,875000000.0,8333333.333333333,author_assigned,,pardis-city,,,,satellite_town
D21-01119,Farmanieh,120,2,1,1,1,12000000000.0,100000000.0,name_match,farmaniyeh,,35.79709053039551,51.46924209594727,1.0,tehran_district
D21-01120,Hakimiyeh,100,2,1,1,1,3100000000.0,31000000.0,name_match,hakimiyeh,,35.738651275634766,51.591064453125,4.0,tehran_district
D21-01121,Water Organization,115,2,1,1,1,3800000000.0,33043478.260869566,author_assigned,sazman-ab,,35.73834800720215,51.28927040100098,5.0,tehran_district
D21-01122,Shahr-e-Ziba,100,2,0,1,1,3300000000.0,33000000.0,name_match,shahr-e-ziba,,35.7481575012207,51.291460037231445,5.0,tehran_district
D21-01123,Ostad Moein,63,1,1,1,1,1280000000.0,20317460.317460317,name_match,ostad-moein,,35.693721771240234,51.34459686279297,9.0,tehran_district
D21-01124,West Ferdows Boulevard,55,1,0,0,0,1900000000.0,34545454.54545455,author_assigned,kooy-e-ferdos,,35.72373008728027,51.3161506652832,5.0,tehran_district
D21-01125,Heravi,220,3,1,1,1,15400000000.0,70000000.0,name_match,heravi,,35.76724433898926,51.47656440734863,4.0,tehran_district
D21-01126,Nezamabad,123,3,1,1,1,3300000000.0,26829268.292682927,name_match,nezam-abad,,35.709041595458984,51.458778381347656,7.0,tehran_district
D21-01127,Qazvin Imamzadeh Hassan,81,2,1,1,1,1420000000.0,17530864.197530866,author_assigned,imamzadeh-hasan,,35.66447830200195,51.36205673217773,17.0,tehran_district
D21-01128,Jeyhoon,130,3,1,1,1,2800000000.0,21538461.53846154,name_match,jeyhoun,,35.68763732910156,51.36460494995117,10.0,tehran_district
D21-01129,Pasdaran,108,2,1,1,1,7700000000.0,71296296.2962963,name_match,pasdaran,,35.76714897155762,51.46321868896485,4.0,tehran_district
D21-01130,Qasr-od-Dasht,135,3,1,1,1,2950000000.0,21851851.85185185,unlinked,,,,,,unlocated
D21-01131,West Ferdows Boulevard,82,2,1,1,1,3500000000.0,42682926.82926829,author_assigned,kooy-e-ferdos,,35.72373008728027,51.3161506652832,5.0,tehran_district
D21-01132,Southern Program Organization,120,2,1,1,1,4250000000.0,35416666.666666664,author_assigned,sazamn-barnameh,,35.72991752624512,51.30108451843262,5.0,tehran_district
D21-01133,Ajudaniye,303,3,1,1,1,30000000000.0,99009900.99009901,name_match,ajoodanieh,,35.80843162536621,51.48390769958496,1.0,tehran_district
D21-01134,Ozgol,200,3,1,1,1,18000000000.0,90000000.0,name_match,ozgol,,35.79227256774902,51.49772834777832,1.0,tehran_district
D21-01135,Shahran,50,1,1,1,1,1850000000.0,37000000.0,author_assigned,north-shahran,,35.7661018371582,51.288944244384766,5.0,tehran_district
D21-01136,Shahran,80,2,1,1,1,3550000000.0,44375000.0,author_assigned,north-shahran,,35.7661018371582,51.288944244384766,5.0,tehran_district
D21-01137,Pardis,100,2,1,1,1,1100000000.0,11000000.0,author_assigned,,pardis-city,,,,satellite_town
D21-01138,Shahran,85,2,1,1,1,2380000000.0,28000000.0,author_assigned,north-shahran,,35.7661018371582,51.288944244384766,5.0,tehran_district
D21-01139,Shahran,44,1,1,1,0,1390000000.0,31590909.09090909,author_assigned,north-shahran,,35.7661018371582,51.288944244384766,5.0,tehran_district
D21-01140,Tajrish,115,2,1,1,1,8200000000.0,71304347.82608695,name_match,tajrish,,35.804771423339844,51.43100357055664,1.0,tehran_district
D21-01141,North Program Organization,75,2,1,1,1,2930000000.0,39066666.666666664,author_assigned,sazamn-barnameh,,35.72991752624512,51.30108451843262,5.0,tehran_district
D21-01142,Shahran,65,1,1,1,1,2220000000.0,34153846.15384615,author_assigned,north-shahran,,35.7661018371582,51.288944244384766,5.0,tehran_district
D21-01143,Central Janatabad,86,2,1,1,1,3480000000.0,40465116.27906977,name_match,central-janat-abad,,35.75911331176758,51.30409622192383,5.0,tehran_district
D21-01144,Yousef Abad,106,2,1,1,1,5700000000.0,53773584.905660376,name_match,yousef-abad,,35.734426498413086,51.405574798583984,6.0,tehran_district
D21-01145,Zaferanieh,203,3,1,1,1,36000000000.0,177339901.47783253,author_assigned,zafaraniyeh,,35.807945251464844,51.41414260864258,1.0,tehran_district
D21-01146,Shahr-e-Ziba,92,2,1,1,1,2700000000.0,29347826.086956523,name_match,shahr-e-ziba,,35.7481575012207,51.291460037231445,5.0,tehran_district
D21-01147,Southern Program Organization,62,1,1,1,1,2170000000.0,35000000.0,author_assigned,sazamn-barnameh,,35.72991752624512,51.30108451843262,5.0,tehran_district
D21-01148,Pasdaran,92,2,1,1,1,6700000000.0,72826086.95652173,name_match,pasdaran,,35.76714897155762,51.46321868896485,4.0,tehran_district
D21-01149,Pasdaran,180,3,1,1,1,9900000000.0,55000000.0,name_match,pasdaran,,35.76714897155762,51.46321868896485,4.0,tehran_district
D21-01150,Central Janatabad,85,2,1,1,1,3150000000.0,37058823.52941176,name_match,central-janat-abad,,35.75911331176758,51.30409622192383,5.0,tehran_district
D21-01151,Saadat Abad,60,1,1,1,1,3300000000.0,55000000.0,name_match,saadat-abad,,35.78205490112305,51.37488555908203,2.0,tehran_district
D21-01152,East Ferdows Boulevard,100,2,1,1,1,3400000000.0,34000000.0,author_assigned,kooy-e-ferdos,,35.72373008728027,51.3161506652832,5.0,tehran_district
D21-01153,Northern Janatabad,100,2,1,1,1,5100000000.0,51000000.0,author_assigned,north-janat-abad,,35.770896911621094,51.30755615234375,5.0,tehran_district
D21-01154,Garden of Saba,121,2,1,1,1,7500000000.0,61983471.07438017,unlinked,,,,,,unlocated
D21-01155,Farmanieh,63,1,1,1,1,5600000000.0,88888888.8888889,name_match,farmaniyeh,,35.79709053039551,51.46924209594727,1.0,tehran_district
D21-01156,West Ferdows Boulevard,98,2,1,1,1,4400000000.0,44897959.18367347,author_assigned,kooy-e-ferdos,,35.72373008728027,51.3161506652832,5.0,tehran_district
D21-01157,Pasdaran,67,2,1,1,1,3500000000.0,52238805.97014926,name_match,pasdaran,,35.76714897155762,51.46321868896485,4.0,tehran_district
D21-01158,West Ferdows Boulevard,87,2,1,1,1,2830000000.0,32528735.63218391,author_assigned,kooy-e-ferdos,,35.72373008728027,51.3161506652832,5.0,tehran_district
D21-01159,Pasdaran,115,3,1,1,1,5300000000.0,46086956.52173913,name_match,pasdaran,,35.76714897155762,51.46321868896485,4.0,tehran_district
D21-01160,Punak,49,1,0,0,1,2300000000.0,46938775.510204084,author_assigned,poonak,,35.76210975646973,51.33013343811035,5.0,tehran_district
D21-01161,Ostad Moein,40,0,0,1,0,650000000.0,16250000.0,name_match,ostad-moein,,35.693721771240234,51.34459686279297,9.0,tehran_district
D21-01162,Yousef Abad,130,3,1,1,1,8000000000.0,61538461.538461536,name_match,yousef-abad,,35.734426498413086,51.405574798583984,6.0,tehran_district
D21-01163,Pasdaran,144,3,1,1,0,8000000000.0,55555555.55555555,name_match,pasdaran,,35.76714897155762,51.46321868896485,4.0,tehran_district
D21-01164,Ostad Moein,66,2,1,1,1,1585000000.0,24015151.515151516,name_match,ostad-moein,,35.693721771240234,51.34459686279297,9.0,tehran_district
D21-01165,Southern Janatabad,53,1,1,1,1,2430000000.0,45849056.60377359,author_assigned,south-janat-abad,,35.74760437011719,51.30598068237305,5.0,tehran_district
D21-01166,Central Janatabad,88,2,1,1,1,3400000000.0,38636363.63636363,name_match,central-janat-abad,,35.75911331176758,51.30409622192383,5.0,tehran_district
D21-01167,Southern Janatabad,105,2,1,1,1,3900000000.0,37142857.14285714,author_assigned,south-janat-abad,,35.74760437011719,51.30598068237305,5.0,tehran_district
D21-01168,Qalandari,90,2,1,1,1,6560000000.0,72888888.8888889,unlinked,,,,,,unlocated
D21-01169,Dezashib,125,2,1,1,1,11250000000.0,90000000.0,name_match,dezashib,,35.8081169128418,51.45136260986328,1.0,tehran_district
D21-01170,Tarasht,75,2,1,1,1,2150000000.0,28666666.666666668,name_match,tarasht,,35.70676803588867,51.342960357666016,2.0,tehran_district
D21-01171,Niavaran,170,3,1,1,1,17000000000.0,100000000.0,name_match,niavaran,,35.81520462036133,51.4692611694336,1.0,tehran_district
D21-01172,Elahieh,204,3,1,1,1,32640000000.0,160000000.0,name_match,elahiyeh,,35.79115676879883,51.426809310913086,1.0,tehran_district
D21-01173,Feiz Garden,95,2,1,1,1,3600000000.0,37894736.84210526,author_assigned,bagh-feyz,,35.744869232177734,51.32010269165039,5.0,tehran_district
D21-01174,Andisheh,54,1,1,1,0,500000000.0,9259259.25925926,author_assigned,,andisheh-new-town,,,,satellite_town
D21-01175,Shahr-e-Ziba,98,2,1,1,1,3220000000.0,32857142.85714286,name_match,shahr-e-ziba,,35.7481575012207,51.291460037231445,5.0,tehran_district
D21-01176,Feiz Garden,90,2,1,1,1,3600000000.0,40000000.0,author_assigned,bagh-feyz,,35.744869232177734,51.32010269165039,5.0,tehran_district
D21-01177,Feiz Garden,97,2,1,1,1,3800000000.0,39175257.73195876,author_assigned,bagh-feyz,,35.744869232177734,51.32010269165039,5.0,tehran_district
D21-01178,East Ferdows Boulevard,71,2,1,1,1,2530000000.0,35633802.81690141,author_assigned,kooy-e-ferdos,,35.72373008728027,51.3161506652832,5.0,tehran_district
D21-01179,Shahrake Gharb,150,3,1,1,1,12000000000.0,80000000.0,name_match,shahrak-e-gharb,,35.76015853881836,51.371429443359375,2.0,tehran_district
D21-01180,Pasdaran,116,3,1,1,1,8100000000.0,69827586.20689656,name_match,pasdaran,,35.76714897155762,51.46321868896485,4.0,tehran_district
D21-01181,Saadat Abad,120,2,1,1,1,8600000000.0,71666666.66666667,name_match,saadat-abad,,35.78205490112305,51.37488555908203,2.0,tehran_district
D21-01182,West Ferdows Boulevard,79,2,1,1,1,2400000000.0,30379746.83544304,author_assigned,kooy-e-ferdos,,35.72373008728027,51.3161506652832,5.0,tehran_district
D21-01183,West Ferdows Boulevard,79,2,1,1,1,3100000000.0,39240506.32911392,author_assigned,kooy-e-ferdos,,35.72373008728027,51.3161506652832,5.0,tehran_district
D21-01184,Dorous,135,2,1,1,1,10000000000.0,74074074.07407407,author_assigned,darrous,,35.77359199523926,51.45492362976074,3.0,tehran_district
D21-01185,West Ferdows Boulevard,110,2,1,1,1,3950000000.0,35909090.90909091,author_assigned,kooy-e-ferdos,,35.72373008728027,51.3161506652832,5.0,tehran_district
D21-01186,Shahr-e-Ziba,75,2,1,1,0,1890000000.0,25200000.0,name_match,shahr-e-ziba,,35.7481575012207,51.291460037231445,5.0,tehran_district
D21-01187,Shahr-e-Ziba,110,3,1,1,1,4700000000.0,42727272.72727273,name_match,shahr-e-ziba,,35.7481575012207,51.291460037231445,5.0,tehran_district
D21-01188,West Ferdows Boulevard,87,2,1,1,1,3800000000.0,43678160.91954023,author_assigned,kooy-e-ferdos,,35.72373008728027,51.3161506652832,5.0,tehran_district
D21-01189,Punak,75,2,1,1,1,3750000000.0,50000000.0,author_assigned,poonak,,35.76210975646973,51.33013343811035,5.0,tehran_district
D21-01190,West Ferdows Boulevard,108,2,1,1,1,3950000000.0,36574074.074074075,author_assigned,kooy-e-ferdos,,35.72373008728027,51.3161506652832,5.0,tehran_district
D21-01191,Central Janatabad,110,2,1,1,1,5700000000.0,51818181.81818182,name_match,central-janat-abad,,35.75911331176758,51.30409622192383,5.0,tehran_district
D21-01192,Shahr-e-Ziba,100,2,1,1,1,5100000000.0,51000000.0,name_match,shahr-e-ziba,,35.7481575012207,51.291460037231445,5.0,tehran_district
D21-01193,Ostad Moein,63,1,1,1,1,1280000000.0,20317460.317460317,name_match,ostad-moein,,35.693721771240234,51.34459686279297,9.0,tehran_district
D21-01194,Shahrake Gharb,140,3,1,1,1,9200000000.0,65714285.71428572,name_match,shahrak-e-gharb,,35.76015853881836,51.371429443359375,2.0,tehran_district
D21-01195,Southern Janatabad,72,2,1,1,0,2113000000.0,29347222.222222224,author_assigned,south-janat-abad,,35.74760437011719,51.30598068237305,5.0,tehran_district
D21-01196,Southern Janatabad,73,2,1,1,0,2108000000.0,28876712.328767125,author_assigned,south-janat-abad,,35.74760437011719,51.30598068237305,5.0,tehran_district
D21-01197,Dezashib,145,3,1,1,1,12325000000.0,85000000.0,name_match,dezashib,,35.8081169128418,51.45136260986328,1.0,tehran_district
D21-01198,Northern Janatabad,75,2,1,1,0,2385000000.0,31800000.0,author_assigned,north-janat-abad,,35.770896911621094,51.30755615234375,5.0,tehran_district
D21-01199,Yousef Abad,92,2,1,1,1,6300000000.0,68478260.86956522,name_match,yousef-abad,,35.734426498413086,51.405574798583984,6.0,tehran_district
D21-01200,Si Metri Ji,80,2,1,1,1,2220000000.0,27750000.0,author_assigned,jey,,35.67786407470703,51.35260581970215,9.0,tehran_district
D21-01201,Ekhtiarieh,127,2,1,1,1,8890000000.0,70000000.0,name_match,ekhtiyariyeh,,35.78642272949219,51.459720611572266,3.0,tehran_district
D21-01202,Ostad Moein,66,2,1,1,1,1585000000.0,24015151.515151516,name_match,ostad-moein,,35.693721771240234,51.34459686279297,9.0,tehran_district
D21-01203,Yousef Abad,74,2,1,1,1,3920000000.0,52972972.972972974,name_match,yousef-abad,,35.734426498413086,51.405574798583984,6.0,tehran_district
D21-01204,Parand,105,3,1,1,1,1260000000.0,12000000.0,author_assigned,,parand-city,,,,satellite_town
D21-01205,Parand,112,3,1,1,0,1400000000.0,12500000.0,author_assigned,,parand-city,,,,satellite_town
D21-01206,Shahrake Gharb,120,2,1,1,1,7500000000.0,62500000.0,name_match,shahrak-e-gharb,,35.76015853881836,51.371429443359375,2.0,tehran_district
D21-01207,Pardis,123,3,1,1,1,500000000.0,4065040.650406504,author_assigned,,pardis-city,,,,satellite_town
D21-01208,Shahrake Gharb,140,3,1,1,1,10000000000.0,71428571.42857143,name_match,shahrak-e-gharb,,35.76015853881836,51.371429443359375,2.0,tehran_district
D21-01209,Punak,63,1,1,1,1,3500000000.0,55555555.55555555,author_assigned,poonak,,35.76210975646973,51.33013343811035,5.0,tehran_district
D21-01210,Punak,56,1,1,1,1,1950000000.0,34821428.571428575,author_assigned,poonak,,35.76210975646973,51.33013343811035,5.0,tehran_district
D21-01211,Feiz Garden,105,2,1,1,1,4350000000.0,41428571.428571425,author_assigned,bagh-feyz,,35.744869232177734,51.32010269165039,5.0,tehran_district
D21-01212,Yousef Abad,97,2,1,1,1,5000000000.0,51546391.75257732,name_match,yousef-abad,,35.734426498413086,51.405574798583984,6.0,tehran_district
D21-01213,Jordan,140,3,1,1,1,9200000000.0,65714285.71428572,name_match,jordan,,35.76803779602051,51.41743850708008,3.0,tehran_district
D21-01214,Central Janatabad,60,2,1,1,0,1650000000.0,27500000.0,name_match,central-janat-abad,,35.75911331176758,51.30409622192383,5.0,tehran_district
D21-01215,Pardis,100,2,1,1,1,500000000.0,5000000.0,author_assigned,,pardis-city,,,,satellite_town
D21-01216,Punak,54,1,0,1,1,2000000000.0,37037037.03703704,author_assigned,poonak,,35.76210975646973,51.33013343811035,5.0,tehran_district
D21-01217,Ekhtiarieh,90,2,1,1,1,6000000000.0,66666666.666666664,name_match,ekhtiyariyeh,,35.78642272949219,51.459720611572266,3.0,tehran_district
D21-01218,Feiz Garden,92,2,1,1,1,3950000000.0,42934782.60869565,author_assigned,bagh-feyz,,35.744869232177734,51.32010269165039,5.0,tehran_district
D21-01219,Feiz Garden,65,2,0,1,0,1900000000.0,29230769.230769232,author_assigned,bagh-feyz,,35.744869232177734,51.32010269165039,5.0,tehran_district
D21-01220,Andisheh,76,2,1,1,1,896000000.0,11789473.684210526,author_assigned,,andisheh-new-town,,,,satellite_town
D21-01221,Southern Janatabad,72,2,1,1,1,2600000000.0,36111111.11111111,author_assigned,south-janat-abad,,35.74760437011719,51.30598068237305,5.0,tehran_district
D21-01222,Farmanieh,135,3,1,1,1,11500000000.0,85185185.18518518,name_match,farmaniyeh,,35.79709053039551,51.46924209594727,1.0,tehran_district
D21-01223,Punak,54,1,0,1,1,2000000000.0,37037037.03703704,author_assigned,poonak,,35.76210975646973,51.33013343811035,5.0,tehran_district
D21-01224,Pardis,87,2,1,1,1,500000000.0,5747126.436781609,author_assigned,,pardis-city,,,,satellite_town
D21-01225,Farmanieh,255,3,1,1,1,26000000000.0,101960784.31372549,name_match,farmaniyeh,,35.79709053039551,51.46924209594727,1.0,tehran_district
D21-01226,Yousef Abad,100,2,1,1,0,4300000000.0,43000000.0,name_match,yousef-abad,,35.734426498413086,51.405574798583984,6.0,tehran_district
D21-01227,Niavaran,194,2,1,1,1,19845000000.0,102293814.43298969,name_match,niavaran,,35.81520462036133,51.4692611694336,1.0,tehran_district
D21-01228,Qalandari,600,2,1,1,1,9150000000.0,15250000.0,unlinked,,,,,,unlocated
D21-01229,Saadat Abad,160,3,1,1,1,13500000000.0,84375000.0,name_match,saadat-abad,,35.78205490112305,51.37488555908203,2.0,tehran_district
D21-01230,Gheitarieh,98,2,1,1,1,6958000000.0,71000000.0,author_assigned,qeytariyeh,,35.79129219055176,51.4472541809082,1.0,tehran_district
D21-01231,Andisheh,133,3,0,0,0,1600000000.0,12030075.187969925,author_assigned,,andisheh-new-town,,,,satellite_town
D21-01232,West Ferdows Boulevard,108,2,1,1,1,5616000000.0,52000000.0,author_assigned,kooy-e-ferdos,,35.72373008728027,51.3161506652832,5.0,tehran_district
D21-01233,Shahr-e-Ziba,76,2,1,1,1,2800000000.0,36842105.2631579,name_match,shahr-e-ziba,,35.7481575012207,51.291460037231445,5.0,tehran_district
D21-01234,Razi,73,2,1,1,1,1230000000.0,16849315.06849315,unlinked,,,,,,unlocated
D21-01235,Southern Program Organization,76,2,1,1,1,3150000000.0,41447368.421052635,author_assigned,sazamn-barnameh,,35.72991752624512,51.30108451843262,5.0,tehran_district
D21-01236,Southern Program Organization,80,2,1,1,1,3680000000.0,46000000.0,author_assigned,sazamn-barnameh,,35.72991752624512,51.30108451843262,5.0,tehran_district
D21-01237,Gheitarieh,92,2,1,1,1,6600000000.0,71739130.43478261,author_assigned,qeytariyeh,,35.79129219055176,51.4472541809082,1.0,tehran_district
D21-01238,Qalandari,130,2,1,1,1,8500000000.0,65384615.384615384,unlinked,,,,,,unlocated
D21-01239,Azari,71,2,1,1,1,1640000000.0,23098591.549295776,name_match,azari,,35.66691589355469,51.352935791015625,17.0,tehran_district
D21-01240,Shahran,56,1,1,1,1,1900000000.0,33928571.428571425,author_assigned,north-shahran,,35.7661018371582,51.288944244384766,5.0,tehran_district
D21-01241,Pardis,105,2,1,1,1,890000000.0,8476190.476190476,author_assigned,,pardis-city,,,,satellite_town
D21-01242,West Ferdows Boulevard,110,2,1,1,1,3750000000.0,34090909.09090909,author_assigned,kooy-e-ferdos,,35.72373008728027,51.3161506652832,5.0,tehran_district
D21-01243,Central Janatabad,93,2,1,1,1,4370000000.0,46989247.31182796,name_match,central-janat-abad,,35.75911331176758,51.30409622192383,5.0,tehran_district
D21-01244,Pasdaran,179,3,1,1,1,9645000000.0,53882681.56424581,name_match,pasdaran,,35.76714897155762,51.46321868896485,4.0,tehran_district
D21-01245,Gholhak,100,2,1,1,1,6200000000.0,62000000.0,name_match,gholhak,,35.77467346191406,51.44390869140625,3.0,tehran_district
D21-01246,Saadat Abad,110,3,1,1,1,5200000000.0,47272727.27272727,name_match,saadat-abad,,35.78205490112305,51.37488555908203,2.0,tehran_district
D21-01247,Northern Janatabad,98,2,1,1,1,4850000000.0,49489795.91836735,author_assigned,north-janat-abad,,35.770896911621094,51.30755615234375,5.0,tehran_district
D21-01248,Saadat Abad,101,2,1,1,1,5550000000.0,54950495.04950495,name_match,saadat-abad,,35.78205490112305,51.37488555908203,2.0,tehran_district
D21-01249,Pardis,105,2,1,1,1,800000000.0,7619047.619047619,author_assigned,,pardis-city,,,,satellite_town
D21-01250,Heravi,157,3,1,1,1,9850000000.0,62738853.50318471,name_match,heravi,,35.76724433898926,51.47656440734863,4.0,tehran_district
D21-01251,Pasdaran,180,3,1,1,1,9900000000.0,55000000.0,name_match,pasdaran,,35.76714897155762,51.46321868896485,4.0,tehran_district
D21-01252,Qazvin Imamzadeh Hassan,90,2,1,1,1,1620000000.0,18000000.0,author_assigned,imamzadeh-hasan,,35.66447830200195,51.36205673217773,17.0,tehran_district
D21-01253,Pardis,97,2,1,1,1,760000000.0,7835051.546391753,author_assigned,,pardis-city,,,,satellite_town
D21-01254,Persian Gulf Martyrs Lake,120,3,1,1,1,1272000000.0,10600000.0,author_assigned,chitgar-lake,,35.749732971191406,51.210039138793945,22.0,tehran_district
D21-01255,Velenjak,303,4,1,1,1,48000000000.0,158415841.58415842,name_match,velenjak,,35.806060791015625,51.40216255187988,1.0,tehran_district
D21-01256,Yousef Abad,60,1,1,1,1,3250000000.0,54166666.666666664,name_match,yousef-abad,,35.734426498413086,51.405574798583984,6.0,tehran_district
D21-01257,Dezashib,245,5,1,1,1,14500000000.0,59183673.469387755,name_match,dezashib,,35.8081169128418,51.45136260986328,1.0,tehran_district
D21-01258,Pardis,100,2,1,1,1,790000000.0,7900000.0,author_assigned,,pardis-city,,,,satellite_town
D21-01259,Pasdaran,185,3,1,1,1,10750000000.0,58108108.10810811,name_match,pasdaran,,35.76714897155762,51.46321868896485,4.0,tehran_district
D21-01260,Central Janatabad,62,2,1,1,1,3500000000.0,56451612.90322581,name_match,central-janat-abad,,35.75911331176758,51.30409622192383,5.0,tehran_district
D21-01261,Central Janatabad,79,2,1,1,1,2999000000.0,37962025.3164557,name_match,central-janat-abad,,35.75911331176758,51.30409622192383,5.0,tehran_district
D21-01262,Mirdamad,400,5,1,1,0,56000000000.0,140000000.0,name_match,mirdamad,,35.758596420288086,51.44007682800293,3.0,tehran_district
D21-01263,Southern Chitgar,200,3,1,1,1,5000000000.0,25000000.0,author_assigned,chitgar,,35.72515106201172,51.18548202514648,21.0,tehran_district
D21-01264,Pardis,105,2,1,1,1,860000000.0,8190476.19047619,author_assigned,,pardis-city,,,,satellite_town
D21-01265,Shahrake Apadana,128,3,1,1,1,5700000000.0,44531250.0,name_match,shahrak-e-apadana,,35.7045783996582,51.3271713256836,5.0,tehran_district
D21-01266,Punak,115,3,1,1,1,6670000000.0,58000000.0,author_assigned,poonak,,35.76210975646973,51.33013343811035,5.0,tehran_district
D21-01267,Elahieh,377,4,1,1,1,31668000000.0,84000000.0,name_match,elahiyeh,,35.79115676879883,51.426809310913086,1.0,tehran_district
D21-01268,Central Janatabad,77,2,1,1,0,2400000000.0,31168831.16883117,name_match,central-janat-abad,,35.75911331176758,51.30409622192383,5.0,tehran_district
D21-01269,Punak,190,3,1,1,1,11400000000.0,60000000.0,author_assigned,poonak,,35.76210975646973,51.33013343811035,5.0,tehran_district
D21-01270,Shahran,65,1,1,1,1,1880000000.0,28923076.923076924,author_assigned,north-shahran,,35.7661018371582,51.288944244384766,5.0,tehran_district
D21-01271,Punak,97,2,1,1,1,4700000000.0,48453608.24742268,author_assigned,poonak,,35.76210975646973,51.33013343811035,5.0,tehran_district
D21-01272,Yousef Abad,130,3,1,1,1,7800000000.0,60000000.0,name_match,yousef-abad,,35.734426498413086,51.405574798583984,6.0,tehran_district
D21-01273,Dorous,133,3,1,1,1,8600000000.0,64661654.13533834,author_assigned,darrous,,35.77359199523926,51.45492362976074,3.0,tehran_district
D21-01274,Northern Janatabad,143,3,1,1,1,4400000000.0,30769230.769230768,author_assigned,north-janat-abad,,35.770896911621094,51.30755615234375,5.0,tehran_district
D21-01275,Central Janatabad,76,2,1,1,1,4150000000.0,54605263.15789474,name_match,central-janat-abad,,35.75911331176758,51.30409622192383,5.0,tehran_district
D21-01276,West Ferdows Boulevard,155,3,1,1,1,5000000000.0,32258064.51612903,author_assigned,kooy-e-ferdos,,35.72373008728027,51.3161506652832,5.0,tehran_district
D21-01277,Pardis,97,2,1,1,1,760000000.0,7835051.546391753,author_assigned,,pardis-city,,,,satellite_town
D21-01278,Ekbatan,96,2,1,1,1,4200000000.0,43750000.0,name_match,ekbatan,,35.708160400390625,51.306427001953125,5.0,tehran_district
D21-01279,Gheitarieh,190,3,1,1,1,14000000000.0,73684210.5263158,author_assigned,qeytariyeh,,35.79129219055176,51.4472541809082,1.0,tehran_district
D21-01280,Heravi,147,3,1,1,1,9100000000.0,61904761.9047619,name_match,heravi,,35.76724433898926,51.47656440734863,4.0,tehran_district
D21-01281,East Ferdows Boulevard,85,2,1,1,1,2800000000.0,32941176.470588237,author_assigned,kooy-e-ferdos,,35.72373008728027,51.3161506652832,5.0,tehran_district
D21-01282,Ekbatan,76,2,1,1,1,3600000000.0,47368421.05263158,name_match,ekbatan,,35.708160400390625,51.306427001953125,5.0,tehran_district
D21-01283,Niavaran,103,2,1,1,1,7000000000.0,67961165.04854369,name_match,niavaran,,35.81520462036133,51.4692611694336,1.0,tehran_district
D21-01284,Niavaran,194,3,1,1,1,19858000000.0,102360824.74226804,name_match,niavaran,,35.81520462036133,51.4692611694336,1.0,tehran_district
D21-01285,Saadat Abad,95,2,1,1,1,6200000000.0,65263157.89473684,name_match,saadat-abad,,35.78205490112305,51.37488555908203,2.0,tehran_district
D21-01286,Northern Janatabad,79,2,0,1,0,3200000000.0,40506329.11392405,author_assigned,north-janat-abad,,35.770896911621094,51.30755615234375,5.0,tehran_district
D21-01287,Parand,83,2,1,1,1,705500000.0,8500000.0,author_assigned,,parand-city,,,,satellite_town
D21-01288,Southern Program Organization,70,2,1,1,1,2500000000.0,35714285.71428572,author_assigned,sazamn-barnameh,,35.72991752624512,51.30108451843262,5.0,tehran_district
D21-01289,Niavaran,87,2,1,1,1,4600000000.0,52873563.21839081,name_match,niavaran,,35.81520462036133,51.4692611694336,1.0,tehran_district
D21-01290,Pardis,87,2,0,1,1,500000000.0,5747126.436781609,author_assigned,,pardis-city,,,,satellite_town
D21-01291,Andisheh,84,3,1,1,1,1554000000.0,18500000.0,author_assigned,,andisheh-new-town,,,,satellite_town
D21-01292,Tarasht,91,2,1,1,1,3100000000.0,34065934.06593407,name_match,tarasht,,35.70676803588867,51.342960357666016,2.0,tehran_district
D21-01293,Gheitarieh,145,2,1,1,1,12000000000.0,82758620.68965517,author_assigned,qeytariyeh,,35.79129219055176,51.4472541809082,1.0,tehran_district
D21-01294,North Program Organization,68,2,1,1,1,2450000000.0,36029411.76470588,author_assigned,sazamn-barnameh,,35.72991752624512,51.30108451843262,5.0,tehran_district
D21-01295,Garden of Saba,127,3,1,1,1,5588000000.0,44000000.0,unlinked,,,,,,unlocated
D21-01296,Ekbatan,68,1,1,1,1,3100000000.0,45588235.294117644,name_match,ekbatan,,35.708160400390625,51.306427001953125,5.0,tehran_district
D21-01297,Pardis,105,2,1,1,1,539000000.0,5133333.333333333,author_assigned,,pardis-city,,,,satellite_town
D21-01298,Shahran,89,2,1,1,1,3190000000.0,35842696.62921348,author_assigned,north-shahran,,35.7661018371582,51.288944244384766,5.0,tehran_district
D21-01299,Ostad Moein,82,2,1,1,1,2600000000.0,31707317.073170733,name_match,ostad-moein,,35.693721771240234,51.34459686279297,9.0,tehran_district
D21-01300,Punak,65,1,1,1,0,2250000000.0,34615384.615384616,author_assigned,poonak,,35.76210975646973,51.33013343811035,5.0,tehran_district
D21-01301,Gholhak,80,2,1,1,1,4900000000.0,61250000.0,name_match,gholhak,,35.77467346191406,51.44390869140625,3.0,tehran_district
D21-01302,Niavaran,145,3,1,1,1,14500000000.0,100000000.0,name_match,niavaran,,35.81520462036133,51.4692611694336,1.0,tehran_district
D21-01303,Niavaran,235,3,1,1,1,20000000000.0,85106382.9787234,name_match,niavaran,,35.81520462036133,51.4692611694336,1.0,tehran_district
D21-01304,Kamranieh,192,3,1,1,1,33490000000.0,174427083.33333334,name_match,kamraniyeh,,35.806640625,51.46280670166016,1.0,tehran_district
D21-01305,Kamranieh,160,3,1,1,1,13120000000.0,82000000.0,name_match,kamraniyeh,,35.806640625,51.46280670166016,1.0,tehran_district
D21-01306,Niavaran,160,3,1,1,1,18400000000.0,115000000.0,name_match,niavaran,,35.81520462036133,51.4692611694336,1.0,tehran_district
D21-01307,Pardis,106,2,1,1,1,800000000.0,7547169.811320755,author_assigned,,pardis-city,,,,satellite_town
D21-01308,Shahrake Qods,75,2,0,1,1,620000000.0,8266666.666666667,author_assigned,,qods-city,,,,satellite_town
D21-01309,Shahrake Qods,100,2,1,1,1,800000000.0,8000000.0,author_assigned,,qods-city,,,,satellite_town
D21-01310,Ekbatan,58,1,1,1,1,2850000000.0,49137931.03448276,name_match,ekbatan,,35.708160400390625,51.306427001953125,5.0,tehran_district
D21-01311,Pardis,97,2,1,1,1,770000000.0,7938144.329896907,author_assigned,,pardis-city,,,,satellite_town
D21-01312,Pirouzi,44,1,0,1,0,790000000.0,17954545.454545453,name_match,pirouzi,,35.692726135253906,51.48339080810547,13.0,tehran_district
D21-01313,Gheitarieh,108,2,1,1,1,9000000000.0,83333333.33333333,author_assigned,qeytariyeh,,35.79129219055176,51.4472541809082,1.0,tehran_district
D21-01314,Amirabad,87,2,1,1,1,550000000.0,6321839.08045977,name_match,amir-abad,,35.735538482666016,51.39494323730469,6.0,tehran_district
D21-01315,Zaferanieh,231,3,1,1,1,43197000000.0,187000000.0,author_assigned,zafaraniyeh,,35.807945251464844,51.41414260864258,1.0,tehran_district
D21-01316,Persian Gulf Martyrs Lake,120,3,1,1,1,1750000000.0,14583333.333333334,author_assigned,chitgar-lake,,35.749732971191406,51.210039138793945,22.0,tehran_district
D21-01317,Saadat Abad,103,2,1,1,1,5700000000.0,55339805.82524272,name_match,saadat-abad,,35.78205490112305,51.37488555908203,2.0,tehran_district
D21-01318,Parand,78,2,0,0,0,455000000.0,5833333.333333333,author_assigned,,parand-city,,,,satellite_town
D21-01319,Gheitarieh,85,2,1,1,1,7200000000.0,84705882.35294117,author_assigned,qeytariyeh,,35.79129219055176,51.4472541809082,1.0,tehran_district
D21-01320,Velenjak,195,3,1,1,1,19500000000.0,100000000.0,name_match,velenjak,,35.806060791015625,51.40216255187988,1.0,tehran_district
D21-01321,Amirabad,142,3,1,1,1,5500000000.0,38732394.366197184,name_match,amir-abad,,35.735538482666016,51.39494323730469,6.0,tehran_district
D21-01322,Persian Gulf Martyrs Lake,90,2,1,1,1,1315000000.0,14611111.111111112,author_assigned,chitgar-lake,,35.749732971191406,51.210039138793945,22.0,tehran_district
D21-01323,Gheitarieh,85,2,1,1,1,7300000000.0,85882352.94117647,author_assigned,qeytariyeh,,35.79129219055176,51.4472541809082,1.0,tehran_district
D21-01324,Niavaran,350,4,1,1,1,80500000000.0,230000000.0,name_match,niavaran,,35.81520462036133,51.4692611694336,1.0,tehran_district
D21-01325,Niavaran,210,4,1,1,1,21000000000.0,100000000.0,name_match,niavaran,,35.81520462036133,51.4692611694336,1.0,tehran_district
D21-01326,Pardis,87,2,1,1,1,890000000.0,10229885.057471264,author_assigned,,pardis-city,,,,satellite_town
D21-01327,Southern Janatabad,85,2,1,1,1,4400000000.0,51764705.88235294,author_assigned,south-janat-abad,,35.74760437011719,51.30598068237305,5.0,tehran_district
D21-01328,Southern Janatabad,92,2,1,1,1,3990000000.0,43369565.217391305,author_assigned,south-janat-abad,,35.74760437011719,51.30598068237305,5.0,tehran_district
D21-01329,Shahr-e-Ziba,90,2,1,1,1,4150000000.0,46111111.11111111,name_match,shahr-e-ziba,,35.7481575012207,51.291460037231445,5.0,tehran_district
D21-01330,Shahr-e-Ziba,87,2,1,1,1,3050000000.0,35057471.26436782,name_match,shahr-e-ziba,,35.7481575012207,51.291460037231445,5.0,tehran_district
D21-01331,West Ferdows Boulevard,108,2,1,1,1,3450000000.0,31944444.444444444,author_assigned,kooy-e-ferdos,,35.72373008728027,51.3161506652832,5.0,tehran_district
D21-01332,Southern Janatabad,85,2,1,1,0,3400000000.0,40000000.0,author_assigned,south-janat-abad,,35.74760437011719,51.30598068237305,5.0,tehran_district
D21-01333,Southern Janatabad,68,2,1,1,1,2200000000.0,32352941.17647059,author_assigned,south-janat-abad,,35.74760437011719,51.30598068237305,5.0,tehran_district
D21-01334,Zaferanieh,138,2,1,1,1,17250000000.0,125000000.0,author_assigned,zafaraniyeh,,35.807945251464844,51.41414260864258,1.0,tehran_district
D21-01335,Parand,78,2,1,1,1,210000000.0,2692307.6923076925,author_assigned,,parand-city,,,,satellite_town
D21-01336,Qazvin Imamzadeh Hassan,94,2,1,1,1,1712000000.0,18212765.95744681,author_assigned,imamzadeh-hasan,,35.66447830200195,51.36205673217773,17.0,tehran_district
D21-01337,Aqdasieh,168,3,1,1,1,16000000000.0,95238095.23809524,name_match,aghdasieh,,35.805532455444336,51.47702217102051,1.0,tehran_district
D21-01338,Niavaran,100,2,1,1,1,6200000000.0,62000000.0,name_match,niavaran,,35.81520462036133,51.4692611694336,1.0,tehran_district
D21-01339,Ajudaniye,100,2,1,1,1,6300000000.0,63000000.0,name_match,ajoodanieh,,35.80843162536621,51.48390769958496,1.0,tehran_district
D21-01340,Parastar,44,1,0,1,0,1030000000.0,23409090.90909091,name_match,parastar,,35.687538146972656,51.48453903198242,14.0,tehran_district
D21-01341,Lavasan,300,3,0,0,0,27000000000.0,90000000.0,author_assigned,,lavasan-city,,,,satellite_town
D21-01342,Velenjak,280,4,1,1,1,30800000000.0,110000000.0,name_match,velenjak,,35.806060791015625,51.40216255187988,1.0,tehran_district
D21-01343,West Ferdows Boulevard,65,2,1,1,1,2760000000.0,42461538.461538464,author_assigned,kooy-e-ferdos,,35.72373008728027,51.3161506652832,5.0,tehran_district
D21-01344,Ajudaniye,180,3,1,1,1,13500000000.0,75000000.0,name_match,ajoodanieh,,35.80843162536621,51.48390769958496,1.0,tehran_district
D21-01345,Islamshahr,176,2,1,1,0,2800000000.0,15909090.909090908,author_assigned,,eslamshahr,,,,satellite_town
D21-01346,Central Janatabad,83,2,1,1,1,3859000000.0,46493975.90361446,name_match,central-janat-abad,,35.75911331176758,51.30409622192383,5.0,tehran_district
D21-01347,Farmanieh,300,4,1,1,1,37000000000.0,123333333.33333333,name_match,farmaniyeh,,35.79709053039551,51.46924209594727,1.0,tehran_district
D21-01348,Pirouzi,68,2,0,1,0,1380000000.0,20294117.647058822,name_match,pirouzi,,35.692726135253906,51.48339080810547,13.0,tehran_district
D21-01349,Aqdasieh,220,3,1,1,1,35000000000.0,159090909.0909091,name_match,aghdasieh,,35.805532455444336,51.47702217102051,1.0,tehran_district
D21-01350,Andisheh,140,3,1,1,1,1484000000.0,10600000.0,author_assigned,,andisheh-new-town,,,,satellite_town
D21-01351,Farmanieh,290,4,1,1,1,36000000000.0,124137931.03448276,name_match,farmaniyeh,,35.79709053039551,51.46924209594727,1.0,tehran_district
D21-01352,Kahrizak,75,2,0,1,1,862500000.0,11500000.0,author_assigned,,kahrizak,,,,satellite_town
D21-01353,East Ferdows Boulevard,133,3,1,1,1,8000000000.0,60150375.93984962,author_assigned,kooy-e-ferdos,,35.72373008728027,51.3161506652832,5.0,tehran_district
D21-01354,Abazar,87,2,1,1,1,5655000000.0,65000000.0,author_assigned,aboozar,,35.73118209838867,51.32947540283203,5.0,tehran_district
D21-01355,Pirouzi,60,2,0,1,1,1500000000.0,25000000.0,name_match,pirouzi,,35.692726135253906,51.48339080810547,13.0,tehran_district
D21-01356,Pardis,110,2,1,1,1,535000000.0,4863636.363636363,author_assigned,,pardis-city,,,,satellite_town
D21-01357,West Ferdows Boulevard,149,3,1,1,1,8642000000.0,58000000.0,author_assigned,kooy-e-ferdos,,35.72373008728027,51.3161506652832,5.0,tehran_district
D21-01358,Velenjak,238,3,1,1,1,42840000000.0,180000000.0,name_match,velenjak,,35.806060791015625,51.40216255187988,1.0,tehran_district
D21-01359,Punak,90,2,1,1,1,3500000000.0,38888888.88888889,author_assigned,poonak,,35.76210975646973,51.33013343811035,5.0,tehran_district
D21-01360,Qazvin Imamzadeh Hassan,100,2,1,1,1,1850000000.0,18500000.0,author_assigned,imamzadeh-hasan,,35.66447830200195,51.36205673217773,17.0,tehran_district
D21-01361,Central Janatabad,94,2,1,1,1,4512000000.0,48000000.0,name_match,central-janat-abad,,35.75911331176758,51.30409622192383,5.0,tehran_district
D21-01362,Parastar,80,2,1,1,1,3360000000.0,42000000.0,name_match,parastar,,35.687538146972656,51.48453903198242,14.0,tehran_district
D21-01363,Parastar,55,2,0,0,0,1280000000.0,23272727.272727273,name_match,parastar,,35.687538146972656,51.48453903198242,14.0,tehran_district
D21-01364,Saadat Abad,114,3,1,1,1,6800000000.0,59649122.80701754,name_match,saadat-abad,,35.78205490112305,51.37488555908203,2.0,tehran_district
D21-01365,Shahr-e-Ziba,75,2,1,1,0,1890000000.0,25200000.0,name_match,shahr-e-ziba,,35.7481575012207,51.291460037231445,5.0,tehran_district
D21-01366,Heravi,146,3,1,1,1,7600000000.0,52054794.52054795,name_match,heravi,,35.76724433898926,51.47656440734863,4.0,tehran_district
D21-01367,Punak,70,2,1,1,0,2280000000.0,32571428.57142857,author_assigned,poonak,,35.76210975646973,51.33013343811035,5.0,tehran_district
D21-01368,Amirabad,86,2,1,1,1,4730000000.0,55000000.0,name_match,amir-abad,,35.735538482666016,51.39494323730469,6.0,tehran_district
D21-01369,Persian Gulf Martyrs Lake,69,1,0,1,1,2100000000.0,30434782.608695652,author_assigned,chitgar-lake,,35.749732971191406,51.210039138793945,22.0,tehran_district
D21-01370,West Ferdows Boulevard,60,1,1,1,1,3300000000.0,55000000.0,author_assigned,kooy-e-ferdos,,35.72373008728027,51.3161506652832,5.0,tehran_district
D21-01371,Persian Gulf Martyrs Lake,101,2,1,1,1,3500000000.0,34653465.346534654,author_assigned,chitgar-lake,,35.749732971191406,51.210039138793945,22.0,tehran_district
D21-01372,Hashemi,97,2,1,1,1,2300000000.0,23711340.206185568,name_match,hashemi,,35.68504333496094,51.360145568847656,10.0,tehran_district
D21-01373,Hakimiyeh,105,2,1,1,1,3570000000.0,34000000.0,name_match,hakimiyeh,,35.738651275634766,51.591064453125,4.0,tehran_district
D21-01374,Saadat Abad,110,2,1,1,0,12500000000.0,113636363.63636364,name_match,saadat-abad,,35.78205490112305,51.37488555908203,2.0,tehran_district
D21-01375,Punak,75,2,1,1,1,2700000000.0,36000000.0,author_assigned,poonak,,35.76210975646973,51.33013343811035,5.0,tehran_district
D21-01376,Punak,110,2,1,1,1,6490000000.0,59000000.0,author_assigned,poonak,,35.76210975646973,51.33013343811035,5.0,tehran_district
D21-01377,Mirdamad,149,3,1,1,0,9238000000.0,62000000.0,name_match,mirdamad,,35.758596420288086,51.44007682800293,3.0,tehran_district
D21-01378,Railway,105,2,1,1,1,5000000000.0,47619047.61904762,unlinked,,,,,,unlocated
D21-01379,Persian Gulf Martyrs Lake,110,2,1,1,1,3500000000.0,31818181.818181816,author_assigned,chitgar-lake,,35.749732971191406,51.210039138793945,22.0,tehran_district
D21-01380,Pirouzi,69,2,1,1,1,1800000000.0,26086956.52173913,name_match,pirouzi,,35.692726135253906,51.48339080810547,13.0,tehran_district
D21-01381,Kook,190,3,1,1,1,13000000000.0,68421052.63157895,unlinked,,,,,,unlocated
D21-01382,Yousef Abad,160,2,1,1,1,8600000000.0,53750000.0,name_match,yousef-abad,,35.734426498413086,51.405574798583984,6.0,tehran_district
D21-01383,Pirouzi,67,2,0,1,1,2000000000.0,29850746.268656716,name_match,pirouzi,,35.692726135253906,51.48339080810547,13.0,tehran_district
D21-01384,Narmak,121,2,1,1,1,5500000000.0,45454545.45454545,name_match,narmak,,35.736019134521484,51.49953079223633,4.0,tehran_district
D21-01385,Gisha,105,2,1,1,1,7350000000.0,70000000.0,name_match,gisha,,35.7353458404541,51.37760925292969,2.0,tehran_district
D21-01386,West Ferdows Boulevard,83,2,1,1,0,2400000000.0,28915662.65060241,author_assigned,kooy-e-ferdos,,35.72373008728027,51.3161506652832,5.0,tehran_district
D21-01387,Pirouzi,62,1,0,1,1,1380000000.0,22258064.51612903,name_match,pirouzi,,35.692726135253906,51.48339080810547,13.0,tehran_district
D21-01388,Pirouzi,55,1,1,1,1,1750000000.0,31818181.818181816,name_match,pirouzi,,35.692726135253906,51.48339080810547,13.0,tehran_district
D21-01389,Pirouzi,88,2,1,1,1,2450000000.0,27840909.09090909,name_match,pirouzi,,35.692726135253906,51.48339080810547,13.0,tehran_district
D21-01390,Air force,86,2,1,0,1,3000000000.0,34883720.930232555,author_assigned,niroo-havayi,,35.70080757141113,51.484256744384766,13.0,tehran_district
D21-01391,Narmak,62,1,1,1,1,2250000000.0,36290322.58064516,name_match,narmak,,35.736019134521484,51.49953079223633,4.0,tehran_district
D21-01392,Araj,65,1,1,1,0,3100000000.0,47692307.692307696,name_match,araj,,35.79374313354492,51.48902893066406,1.0,tehran_district
D21-01393,Niavaran,135,2,1,1,1,14850000000.0,110000000.0,name_match,niavaran,,35.81520462036133,51.4692611694336,1.0,tehran_district
D21-01394,Mahmoudieh,226,4,1,1,1,17000000000.0,75221238.9380531,name_match,mahmoodiyeh,,35.795257568359375,51.412559509277344,1.0,tehran_district
D21-01395,Tenant,70,2,1,1,1,2030000000.0,29000000.0,unlinked,,,,,,unlocated
D21-01396,Kamranieh,85,1,1,1,1,7100000000.0,83529411.76470588,name_match,kamraniyeh,,35.806640625,51.46280670166016,1.0,tehran_district
D21-01397,Punak,170,3,1,1,1,9350000000.0,55000000.0,author_assigned,poonak,,35.76210975646973,51.33013343811035,5.0,tehran_district
D21-01398,Niavaran,170,3,1,1,1,14000000000.0,82352941.1764706,name_match,niavaran,,35.81520462036133,51.4692611694336,1.0,tehran_district
D21-01399,North Program Organization,574,5,1,1,0,60000000000.0,104529616.72473867,author_assigned,sazamn-barnameh,,35.72991752624512,51.30108451843262,5.0,tehran_district
D21-01400,Niavaran,360,4,1,1,1,38000000000.0,105555555.55555555,name_match,niavaran,,35.81520462036133,51.4692611694336,1.0,tehran_district
D21-01401,Saadat Abad,120,2,1,1,1,7300000000.0,60833333.333333336,name_match,saadat-abad,,35.78205490112305,51.37488555908203,2.0,tehran_district
D21-01402,Punak,120,3,1,1,1,6660000000.0,55500000.0,author_assigned,poonak,,35.76210975646973,51.33013343811035,5.0,tehran_district
D21-01403,Tenant,97,2,1,0,1,2330000000.0,24020618.55670103,unlinked,,,,,,unlocated
D21-01404,Pasdaran,150,3,1,1,1,11456000000.0,76373333.33333333,name_match,pasdaran,,35.76714897155762,51.46321868896485,4.0,tehran_district
D21-01405,Pasdaran,140,2,1,1,1,10500000000.0,75000000.0,name_match,pasdaran,,35.76714897155762,51.46321868896485,4.0,tehran_district
D21-01406,Punak,85,2,1,1,1,3300000000.0,38823529.4117647,author_assigned,poonak,,35.76210975646973,51.33013343811035,5.0,tehran_district
D21-01407,Velenjak,240,3,1,1,1,46000000000.0,191666666.66666666,name_match,velenjak,,35.806060791015625,51.40216255187988,1.0,tehran_district
D21-01408,Pardis,120,3,1,1,1,670000000.0,5583333.333333333,author_assigned,,pardis-city,,,,satellite_town
D21-01409,Shahr-e-Ziba,100,2,1,1,1,4700000000.0,47000000.0,name_match,shahr-e-ziba,,35.7481575012207,51.291460037231445,5.0,tehran_district
D21-01410,Andisheh,105,3,1,1,0,3400000000.0,32380952.38095238,author_assigned,,andisheh-new-town,,,,satellite_town
D21-01411,Punak,75,2,1,1,1,2980000000.0,39733333.333333336,author_assigned,poonak,,35.76210975646973,51.33013343811035,5.0,tehran_district
D21-01412,Tenant,51,1,1,1,1,1380000000.0,27058823.529411763,unlinked,,,,,,unlocated
D21-01413,Shahr-e-Ziba,89,2,1,1,1,4100000000.0,46067415.730337076,name_match,shahr-e-ziba,,35.7481575012207,51.291460037231445,5.0,tehran_district
D21-01414,Saadat Abad,130,3,1,1,1,10500000000.0,80769230.76923077,name_match,saadat-abad,,35.78205490112305,51.37488555908203,2.0,tehran_district
D21-01415,Pasdaran,140,2,1,1,1,10000000000.0,71428571.42857143,name_match,pasdaran,,35.76714897155762,51.46321868896485,4.0,tehran_district
D21-01416,Punak,100,2,1,1,1,5650000000.0,56500000.0,author_assigned,poonak,,35.76210975646973,51.33013343811035,5.0,tehran_district
D21-01417,Farmanieh,290,3,1,1,1,37000000000.0,127586206.89655173,name_match,farmaniyeh,,35.79709053039551,51.46924209594727,1.0,tehran_district
D21-01418,Farmanieh,290,4,1,1,1,34000000000.0,117241379.31034483,name_match,farmaniyeh,,35.79709053039551,51.46924209594727,1.0,tehran_district
D21-01419,Farmanieh,200,3,1,1,1,35000000000.0,175000000.0,name_match,farmaniyeh,,35.79709053039551,51.46924209594727,1.0,tehran_district
D21-01420,Aqdasieh,200,3,1,1,1,34800000000.0,174000000.0,name_match,aghdasieh,,35.805532455444336,51.47702217102051,1.0,tehran_district
D21-01421,Damavand,450,3,1,0,0,3850000000.0,8555555.555555556,author_assigned,,damavand,,,,satellite_town
D21-01422,Andisheh,37,1,0,1,0,355000000.0,9594594.594594594,author_assigned,,andisheh-new-town,,,,satellite_town
D21-01423,Gheitarieh,140,3,1,1,1,8900000000.0,63571428.571428575,author_assigned,qeytariyeh,,35.79129219055176,51.4472541809082,1.0,tehran_district
D21-01424,Sadeghieh,150,3,1,1,1,5400000000.0,36000000.0,name_match,sadeghiyeh,,35.72065734863281,51.34082221984863,2.0,tehran_district
D21-01425,Damavand,465,2,1,0,0,3300000000.0,7096774.193548387,author_assigned,,damavand,,,,satellite_town
D21-01426,Gheitarieh,160,3,1,1,1,9800000000.0,61250000.0,author_assigned,qeytariyeh,,35.79129219055176,51.4472541809082,1.0,tehran_district
D21-01427,Andisheh,403,5,1,0,0,13000000000.0,32258064.51612903,author_assigned,,andisheh-new-town,,,,satellite_town
D21-01428,Pakdasht,165,2,1,1,1,1200000000.0,7272727.2727272725,author_assigned,,pakdasht-city,,,,satellite_town
D21-01429,Andisheh,405,5,1,1,0,11000000000.0,27160493.827160493,author_assigned,,andisheh-new-town,,,,satellite_town
D21-01430,Andisheh,400,5,1,1,0,11000000000.0,27500000.0,author_assigned,,andisheh-new-town,,,,satellite_town
D21-01431,Pardis,87,2,1,1,1,550000000.0,6321839.08045977,author_assigned,,pardis-city,,,,satellite_town
D21-01432,West Ferdows Boulevard,88,2,1,1,1,3100000000.0,35227272.72727273,author_assigned,kooy-e-ferdos,,35.72373008728027,51.3161506652832,5.0,tehran_district
D21-01433,Heravi,145,3,1,1,1,9000000000.0,62068965.51724138,name_match,heravi,,35.76724433898926,51.47656440734863,4.0,tehran_district
D21-01434,Air force,86,2,1,1,1,2924000000.0,34000000.0,author_assigned,niroo-havayi,,35.70080757141113,51.484256744384766,13.0,tehran_district
D21-01435,Pasdaran,350,3,1,1,0,1000000000.0,2857142.8571428573,name_match,pasdaran,,35.76714897155762,51.46321868896485,4.0,tehran_district
D21-01436,Kook,200,3,1,1,1,12000000000.0,60000000.0,unlinked,,,,,,unlocated
D21-01437,Velenjak,115,3,1,1,1,12650000000.0,110000000.0,name_match,velenjak,,35.806060791015625,51.40216255187988,1.0,tehran_district
D21-01438,Gheitarieh,90,2,1,1,1,7000000000.0,77777777.77777778,author_assigned,qeytariyeh,,35.79129219055176,51.4472541809082,1.0,tehran_district
D21-01439,Gheitarieh,107,3,1,1,1,6420000000.0,60000000.0,author_assigned,qeytariyeh,,35.79129219055176,51.4472541809082,1.0,tehran_district
D21-01440,Pirouzi,84,2,1,1,1,2688000000.0,32000000.0,name_match,pirouzi,,35.692726135253906,51.48339080810547,13.0,tehran_district
D21-01441,Pardis,112,2,1,1,1,480000000.0,4285714.285714285,author_assigned,,pardis-city,,,,satellite_town
D21-01442,Persian Gulf Martyrs Lake,114,2,1,1,1,3690000000.0,32368421.05263158,author_assigned,chitgar-lake,,35.749732971191406,51.210039138793945,22.0,tehran_district
D21-01443,Pardis,120,3,1,1,1,650000000.0,5416666.666666667,author_assigned,,pardis-city,,,,satellite_town
D21-01444,Persian Gulf Martyrs Lake,113,2,1,1,1,3800000000.0,33628318.584070794,author_assigned,chitgar-lake,,35.749732971191406,51.210039138793945,22.0,tehran_district
D21-01445,West Pars,84,2,1,1,1,3100000000.0,36904761.9047619,author_assigned,west-tehranpars,,35.73899841308594,51.52931213378906,4.0,tehran_district
D21-01446,Shahran,45,1,0,1,0,1580000000.0,35111111.11111111,author_assigned,north-shahran,,35.7661018371582,51.288944244384766,5.0,tehran_district
D21-01447,East Ferdows Boulevard,53,1,1,1,0,1920000000.0,36226415.094339624,author_assigned,kooy-e-ferdos,,35.72373008728027,51.3161506652832,5.0,tehran_district
D21-01448,Pardis,155,2,1,1,1,1900000000.0,12258064.516129032,author_assigned,,pardis-city,,,,satellite_town
D21-01449,Shahran,56,1,1,1,1,2450000000.0,43750000.0,author_assigned,north-shahran,,35.7661018371582,51.288944244384766,5.0,tehran_district
D21-01450,East Ferdows Boulevard,67,2,1,1,1,2380000000.0,35522388.059701495,author_assigned,kooy-e-ferdos,,35.72373008728027,51.3161506652832,5.0,tehran_district
D21-01451,East Ferdows Boulevard,79,2,1,1,1,2600000000.0,32911392.40506329,author_assigned,kooy-e-ferdos,,35.72373008728027,51.3161506652832,5.0,tehran_district
D21-01452,Gheitarieh,65,1,1,1,1,4225000000.0,65000000.0,author_assigned,qeytariyeh,,35.79129219055176,51.4472541809082,1.0,tehran_district
D21-01453,Rudhen,113,2,1,1,1,1550000000.0,13716814.159292035,author_assigned,,rudehen,,,,satellite_town
D21-01454,Aqdasieh,54,1,1,1,0,3500000000.0,64814814.81481481,name_match,aghdasieh,,35.805532455444336,51.47702217102051,1.0,tehran_district
D21-01455,Velenjak,170,3,0,0,0,15700000000.0,92352941.1764706,name_match,velenjak,,35.806060791015625,51.40216255187988,1.0,tehran_district
D21-01456,Jeyhoon,42,1,0,1,1,1050000000.0,25000000.0,name_match,jeyhoun,,35.68763732910156,51.36460494995117,10.0,tehran_district
D21-01457,Pakdasht,160,3,0,1,0,910000000.0,5687500.0,author_assigned,,pakdasht-city,,,,satellite_town
D21-01458,Punak,56,1,1,1,1,2850000000.0,50892857.14285714,author_assigned,poonak,,35.76210975646973,51.33013343811035,5.0,tehran_district
D21-01459,Rudhen,75,2,1,1,1,1000000000.0,13333333.333333334,author_assigned,,rudehen,,,,satellite_town
D21-01460,Rudhen,80,2,1,1,0,750000000.0,9375000.0,author_assigned,,rudehen,,,,satellite_town
D21-01461,Farmanieh,41,1,0,1,1,2530000000.0,61707317.07317073,name_match,farmaniyeh,,35.79709053039551,51.46924209594727,1.0,tehran_district
D21-01462,Rudhen,117,2,0,1,1,1580000000.0,13504273.504273504,author_assigned,,rudehen,,,,satellite_town
D21-01463,Abazar,88,2,1,1,1,5600000000.0,63636363.63636363,author_assigned,aboozar,,35.73118209838867,51.32947540283203,5.0,tehran_district
D21-01464,Abazar,114,2,1,1,1,6700000000.0,58771929.8245614,author_assigned,aboozar,,35.73118209838867,51.32947540283203,5.0,tehran_district
D21-01465,Shahrake Qods,75,2,1,1,1,735000000.0,9800000.0,author_assigned,,qods-city,,,,satellite_town
D21-01466,Andisheh,160,3,1,1,1,3000000000.0,18750000.0,author_assigned,,andisheh-new-town,,,,satellite_town
D21-01467,Abazar,87,2,1,1,1,5600000000.0,64367816.09195402,author_assigned,aboozar,,35.73118209838867,51.32947540283203,5.0,tehran_district
D21-01468,Abazar,104,2,1,1,1,3400000000.0,32692307.692307692,author_assigned,aboozar,,35.73118209838867,51.32947540283203,5.0,tehran_district
D21-01469,Shahrake Qods,90,2,0,1,0,665000000.0,7388888.888888889,author_assigned,,qods-city,,,,satellite_town
D21-01470,Andisheh,120,2,1,1,0,1800000000.0,15000000.0,author_assigned,,andisheh-new-town,,,,satellite_town
D21-01471,Shahrake Qods,88,2,0,1,1,760000000.0,8636363.636363637,author_assigned,,qods-city,,,,satellite_town
D21-01472,Abazar,76,2,1,1,1,3000000000.0,39473684.21052632,author_assigned,aboozar,,35.73118209838867,51.32947540283203,5.0,tehran_district
D21-01473,Southern Janatabad,85,2,1,1,1,3600000000.0,42352941.176470585,author_assigned,south-janat-abad,,35.74760437011719,51.30598068237305,5.0,tehran_district
D21-01474,Northern Janatabad,71,2,0,1,0,2600000000.0,36619718.30985916,author_assigned,north-janat-abad,,35.770896911621094,51.30755615234375,5.0,tehran_district
D21-01475,Heravi,200,3,1,1,1,14950000000.0,74750000.0,name_match,heravi,,35.76724433898926,51.47656440734863,4.0,tehran_district
D21-01476,Air force,104,2,1,0,1,4200000000.0,40384615.384615384,author_assigned,niroo-havayi,,35.70080757141113,51.484256744384766,13.0,tehran_district
D21-01477,Aqdasieh,165,3,1,1,1,20000000000.0,121212121.21212122,name_match,aghdasieh,,35.805532455444336,51.47702217102051,1.0,tehran_district
D21-01478,Abazar,82,2,1,1,1,3800000000.0,46341463.414634146,author_assigned,aboozar,,35.73118209838867,51.32947540283203,5.0,tehran_district
D21-01479,Gheitarieh,115,2,1,1,1,8300000000.0,72173913.04347827,author_assigned,qeytariyeh,,35.79129219055176,51.4472541809082,1.0,tehran_district
D21-01480,Gheitarieh,350,5,1,1,1,35000000000.0,100000000.0,author_assigned,qeytariyeh,,35.79129219055176,51.4472541809082,1.0,tehran_district
D21-01481,Abazar,106,2,1,1,1,4500000000.0,42452830.18867925,author_assigned,aboozar,,35.73118209838867,51.32947540283203,5.0,tehran_district
D21-01482,Karoon,40,1,0,1,1,880000000.0,22000000.0,unlinked,,,,,,unlocated
D21-01483,Gheitarieh,130,2,1,1,1,12000000000.0,92307692.3076923,author_assigned,qeytariyeh,,35.79129219055176,51.4472541809082,1.0,tehran_district
D21-01484,Jeyhoon,46,1,1,1,0,750000000.0,16304347.826086957,name_match,jeyhoun,,35.68763732910156,51.36460494995117,10.0,tehran_district
D21-01485,Dehkade Olampic,121,2,1,1,1,4840000000.0,40000000.0,author_assigned,dehkade-olympic,,35.76129913330078,51.25746154785156,22.0,tehran_district
D21-01486,Jeyhoon,80,2,1,1,1,1500000000.0,18750000.0,name_match,jeyhoun,,35.68763732910156,51.36460494995117,10.0,tehran_district
D21-01487,Ostad Moein,154,3,1,1,1,4000000000.0,25974025.974025972,name_match,ostad-moein,,35.693721771240234,51.34459686279297,9.0,tehran_district
D21-01488,Jeyhoon,60,1,0,1,0,1020000000.0,17000000.0,name_match,jeyhoun,,35.68763732910156,51.36460494995117,10.0,tehran_district
D21-01489,West Ferdows Boulevard,68,2,1,1,1,2300000000.0,33823529.4117647,author_assigned,kooy-e-ferdos,,35.72373008728027,51.3161506652832,5.0,tehran_district
D21-01490,Andisheh,89,2,1,0,1,1100000000.0,12359550.561797753,author_assigned,,andisheh-new-town,,,,satellite_town
D21-01491,Jeyhoon,70,2,1,1,1,1600000000.0,22857142.85714286,name_match,jeyhoun,,35.68763732910156,51.36460494995117,10.0,tehran_district
D21-01492,Qasr-od-Dasht,45,1,1,1,1,1300000000.0,28888888.888888888,unlinked,,,,,,unlocated
D21-01493,Amirabad,113,2,1,1,1,5080000000.0,44955752.21238938,name_match,amir-abad,,35.735538482666016,51.39494323730469,6.0,tehran_district
D21-01494,Dorous,85,2,1,1,1,4200000000.0,49411764.705882356,author_assigned,darrous,,35.77359199523926,51.45492362976074,3.0,tehran_district
D21-01495,Vahidieh,42,1,1,0,1,975000000.0,23214285.714285713,name_match,vahidiyeh,,35.71516418457031,51.47038841247559,8.0,tehran_district
D21-01496,Shahran,108,2,1,1,1,4300000000.0,39814814.81481481,author_assigned,north-shahran,,35.7661018371582,51.288944244384766,5.0,tehran_district
D21-01497,Punak,82,2,1,1,1,2900000000.0,35365853.65853658,author_assigned,poonak,,35.76210975646973,51.33013343811035,5.0,tehran_district
D21-01498,Punak,76,2,1,0,1,4250000000.0,55921052.631578945,author_assigned,poonak,,35.76210975646973,51.33013343811035,5.0,tehran_district
D21-01499,West Ferdows Boulevard,68,2,1,1,1,2200000000.0,32352941.17647059,author_assigned,kooy-e-ferdos,,35.72373008728027,51.3161506652832,5.0,tehran_district
D21-01500,Punak,79,2,1,1,1,3250000000.0,41139240.50632911,author_assigned,poonak,,35.76210975646973,51.33013343811035,5.0,tehran_district
D21-01501,Punak,71,2,1,1,1,2700000000.0,38028169.01408451,author_assigned,poonak,,35.76210975646973,51.33013343811035,5.0,tehran_district
D21-01502,Punak,73,2,1,1,1,3550000000.0,48630136.98630137,author_assigned,poonak,,35.76210975646973,51.33013343811035,5.0,tehran_district
D21-01503,Shahrake Qods,89,2,1,1,1,1610000000.0,18089887.64044944,author_assigned,,qods-city,,,,satellite_town
D21-01504,Shahr-e-Ziba,85,2,1,1,1,2750000000.0,32352941.17647059,name_match,shahr-e-ziba,,35.7481575012207,51.291460037231445,5.0,tehran_district
D21-01505,East Ferdows Boulevard,96,2,1,1,1,3950000000.0,41145833.333333336,author_assigned,kooy-e-ferdos,,35.72373008728027,51.3161506652832,5.0,tehran_district
D21-01506,Andisheh,95,2,1,1,1,1200000000.0,12631578.94736842,author_assigned,,andisheh-new-town,,,,satellite_town
D21-01507,Punak,60,2,1,1,1,2050000000.0,34166666.666666664,author_assigned,poonak,,35.76210975646973,51.33013343811035,5.0,tehran_district
D21-01508,Parand,88,2,0,0,1,485000000.0,5511363.636363637,author_assigned,,parand-city,,,,satellite_town
D21-01509,Pasdaran,145,3,1,1,1,1450000000.0,10000000.0,name_match,pasdaran,,35.76714897155762,51.46321868896485,4.0,tehran_district
D21-01510,Malard,75,2,0,1,0,250000000.0,3333333.3333333335,unlinked,,,,,,unlocated
D21-01511,Gholhak,145,3,1,1,1,7850000000.0,54137931.03448276,name_match,gholhak,,35.77467346191406,51.44390869140625,3.0,tehran_district
D21-01512,Ostad Moein,105,3,1,1,1,2910000000.0,27714285.714285713,name_match,ostad-moein,,35.693721771240234,51.34459686279297,9.0,tehran_district
D21-01513,Tehransar,100,2,0,1,0,2000000000.0,20000000.0,name_match,tehransar,,35.69601821899414,51.2551383972168,21.0,tehran_district
D21-01514,Feiz Garden,67,2,1,1,1,2120000000.0,31641791.04477612,author_assigned,bagh-feyz,,35.744869232177734,51.32010269165039,5.0,tehran_district
D21-01515,Jeyhoon,78,2,1,0,1,2250000000.0,28846153.846153848,name_match,jeyhoun,,35.68763732910156,51.36460494995117,10.0,tehran_district
D21-01516,Gheitarieh,125,2,1,1,1,12500000000.0,100000000.0,author_assigned,qeytariyeh,,35.79129219055176,51.4472541809082,1.0,tehran_district
D21-01517,Shahran,91,2,1,1,1,3350000000.0,36813186.81318682,author_assigned,north-shahran,,35.7661018371582,51.288944244384766,5.0,tehran_district
D21-01518,Gheitarieh,195,3,1,1,1,19000000000.0,97435897.43589744,author_assigned,qeytariyeh,,35.79129219055176,51.4472541809082,1.0,tehran_district
D21-01519,Pardis,87,2,0,0,1,585000000.0,6724137.931034483,author_assigned,,pardis-city,,,,satellite_town
D21-01520,Punak,99,2,1,1,1,4200000000.0,42424242.42424242,author_assigned,poonak,,35.76210975646973,51.33013343811035,5.0,tehran_district
D21-01521,Punak,113,2,1,1,1,5100000000.0,45132743.36283186,author_assigned,poonak,,35.76210975646973,51.33013343811035,5.0,tehran_district
D21-01522,Punak,100,2,1,1,1,4300000000.0,43000000.0,author_assigned,poonak,,35.76210975646973,51.33013343811035,5.0,tehran_district
D21-01523,Zaferanieh,200,3,1,1,1,24000000000.0,120000000.0,author_assigned,zafaraniyeh,,35.807945251464844,51.41414260864258,1.0,tehran_district
D21-01524,Pardis,106,2,1,1,1,560000000.0,5283018.867924528,author_assigned,,pardis-city,,,,satellite_town
D21-01525,Shahran,105,2,1,1,1,3750000000.0,35714285.71428572,author_assigned,north-shahran,,35.7661018371582,51.288944244384766,5.0,tehran_district
D21-01526,Zaferanieh,228,3,1,1,1,20292000000.0,89000000.0,author_assigned,zafaraniyeh,,35.807945251464844,51.41414260864258,1.0,tehran_district
D21-01527,Shahran,75,2,1,1,1,3650000000.0,48666666.666666664,author_assigned,north-shahran,,35.7661018371582,51.288944244384766,5.0,tehran_district
D21-01528,Shahran,84,3,1,1,1,3050000000.0,36309523.809523806,author_assigned,north-shahran,,35.7661018371582,51.288944244384766,5.0,tehran_district
D21-01529,Shahr-e-Ziba,90,2,1,1,1,3150000000.0,35000000.0,name_match,shahr-e-ziba,,35.7481575012207,51.291460037231445,5.0,tehran_district
D21-01530,Ostad Moein,66,2,1,0,1,1580000000.0,23939393.939393938,name_match,ostad-moein,,35.693721771240234,51.34459686279297,9.0,tehran_district
D21-01531,Northern Suhrawardi,130,3,1,1,1,7800000000.0,60000000.0,author_assigned,north-sohrevardi,,35.72170639038086,51.43534851074219,7.0,tehran_district
D21-01532,Central Janatabad,101,2,1,1,1,4700000000.0,46534653.46534654,name_match,central-janat-abad,,35.75911331176758,51.30409622192383,5.0,tehran_district
D21-01533,Shahran,103,2,0,1,0,3220000000.0,31262135.922330096,author_assigned,north-shahran,,35.7661018371582,51.288944244384766,5.0,tehran_district
D21-01534,Pirouzi,60,2,1,1,0,1450000000.0,24166666.666666668,name_match,pirouzi,,35.692726135253906,51.48339080810547,13.0,tehran_district
D21-01535,Persian Gulf Martyrs Lake,123,2,1,1,1,360000000.0,2926829.2682926827,author_assigned,chitgar-lake,,35.749732971191406,51.210039138793945,22.0,tehran_district
D21-01536,Punak,70,2,1,1,1,2700000000.0,38571428.571428575,author_assigned,poonak,,35.76210975646973,51.33013343811035,5.0,tehran_district
D21-01537,Velenjak,177,3,1,1,1,21700000000.0,122598870.05649717,name_match,velenjak,,35.806060791015625,51.40216255187988,1.0,tehran_district
D21-01538,Farmanieh,230,3,1,1,1,22000000000.0,95652173.91304348,name_match,farmaniyeh,,35.79709053039551,51.46924209594727,1.0,tehran_district
D21-01539,Pardis,105,2,1,1,1,540000000.0,5142857.142857143,author_assigned,,pardis-city,,,,satellite_town
D21-01540,Pardis,87,2,0,0,1,810000000.0,9310344.827586208,author_assigned,,pardis-city,,,,satellite_town
D21-01541,Pardis,104,2,1,1,1,590000000.0,5673076.923076923,author_assigned,,pardis-city,,,,satellite_town
D21-01542,Pardis,105,2,1,1,1,555000000.0,5285714.285714285,author_assigned,,pardis-city,,,,satellite_town
D21-01543,Elahieh,310,3,1,1,1,45500000000.0,146774193.5483871,name_match,elahiyeh,,35.79115676879883,51.426809310913086,1.0,tehran_district
D21-01544,Shams Abad,108,2,1,1,1,4550000000.0,42129629.62962963,name_match,shams-abad,,35.74838066101074,51.47891616821289,4.0,tehran_district
D21-01545,Pardis,105,2,1,1,1,540000000.0,5142857.142857143,author_assigned,,pardis-city,,,,satellite_town
D21-01546,Central Janatabad,75,2,1,1,0,2750000000.0,36666666.666666664,name_match,central-janat-abad,,35.75911331176758,51.30409622192383,5.0,tehran_district
D21-01547,Shams Abad,108,2,1,1,1,4130000000.0,38240740.74074074,name_match,shams-abad,,35.74838066101074,51.47891616821289,4.0,tehran_district
D21-01548,Pardis,105,2,1,1,1,550000000.0,5238095.238095238,author_assigned,,pardis-city,,,,satellite_town
D21-01549,West Ferdows Boulevard,116,2,1,1,1,5050000000.0,43534482.75862069,author_assigned,kooy-e-ferdos,,35.72373008728027,51.3161506652832,5.0,tehran_district
D21-01550,Shams Abad,43,1,1,1,1,1800000000.0,41860465.11627907,name_match,shams-abad,,35.74838066101074,51.47891616821289,4.0,tehran_district
D21-01551,Jeyhoon,64,2,0,1,0,920000000.0,14375000.0,name_match,jeyhoun,,35.68763732910156,51.36460494995117,10.0,tehran_district
D21-01552,Salsabil,48,1,1,1,0,1048000000.0,21833333.333333332,author_assigned,sarsabil,,35.68894577026367,51.37411117553711,10.0,tehran_district
D21-01553,Andisheh,134,3,1,1,1,1100000000.0,8208955.223880597,author_assigned,,andisheh-new-town,,,,satellite_town
D21-01554,Andisheh,134,3,1,1,1,1100000000.0,8208955.223880597,author_assigned,,andisheh-new-town,,,,satellite_town
D21-01555,Pardis,100,2,0,0,0,650000000.0,6500000.0,author_assigned,,pardis-city,,,,satellite_town
D21-01556,Farmanieh,230,3,1,1,1,20700000000.0,90000000.0,name_match,farmaniyeh,,35.79709053039551,51.46924209594727,1.0,tehran_district
D21-01557,Velenjak,238,3,1,1,1,46900000000.0,197058823.52941176,name_match,velenjak,,35.806060791015625,51.40216255187988,1.0,tehran_district
D21-01558,Salsabil,48,1,1,1,0,995000000.0,20729166.666666668,author_assigned,sarsabil,,35.68894577026367,51.37411117553711,10.0,tehran_district
D21-01559,Aqdasieh,270,5,1,1,0,14500000000.0,53703703.7037037,name_match,aghdasieh,,35.805532455444336,51.47702217102051,1.0,tehran_district
D21-01560,Andisheh,105,2,0,1,0,1100000000.0,10476190.476190476,author_assigned,,andisheh-new-town,,,,satellite_town
D21-01561,Pardis,105,2,1,1,1,550000000.0,5238095.238095238,author_assigned,,pardis-city,,,,satellite_town
D21-01562,Pardis,86,2,1,1,1,780000000.0,9069767.441860465,author_assigned,,pardis-city,,,,satellite_town
D21-01563,West Pars,130,3,1,1,1,6760000000.0,52000000.0,author_assigned,west-tehranpars,,35.73899841308594,51.52931213378906,4.0,tehran_district
D21-01564,Pardis,87,2,1,1,1,960000000.0,11034482.75862069,author_assigned,,pardis-city,,,,satellite_town
D21-01565,Shahrake Qods,80,2,0,1,0,1200000000.0,15000000.0,author_assigned,,qods-city,,,,satellite_town
D21-01566,Yousef Abad,112,2,1,1,1,5600000000.0,50000000.0,name_match,yousef-abad,,35.734426498413086,51.405574798583984,6.0,tehran_district
D21-01567,Pardis,120,2,1,1,0,1800000000.0,15000000.0,author_assigned,,pardis-city,,,,satellite_town
D21-01568,Pardis,125,2,1,1,1,2100000000.0,16800000.0,author_assigned,,pardis-city,,,,satellite_town
D21-01569,Pirouzi,100,2,1,1,1,2600000000.0,26000000.0,name_match,pirouzi,,35.692726135253906,51.48339080810547,13.0,tehran_district
D21-01570,East Ferdows Boulevard,123,3,1,1,1,5600000000.0,45528455.28455284,author_assigned,kooy-e-ferdos,,35.72373008728027,51.3161506652832,5.0,tehran_district
D21-01571,Pirouzi,100,2,1,1,1,4000000000.0,40000000.0,name_match,pirouzi,,35.692726135253906,51.48339080810547,13.0,tehran_district
D21-01572,Northern Janatabad,88,2,1,1,1,2980000000.0,33863636.36363637,author_assigned,north-janat-abad,,35.770896911621094,51.30755615234375,5.0,tehran_district
D21-01573,Pardis,87,2,1,1,1,720000000.0,8275862.068965517,author_assigned,,pardis-city,,,,satellite_town
D21-01574,Ostad Moein,66,2,1,0,1,1580000000.0,23939393.939393938,name_match,ostad-moein,,35.693721771240234,51.34459686279297,9.0,tehran_district
D21-01575,Pardis,85,2,1,1,1,730000000.0,8588235.294117646,author_assigned,,pardis-city,,,,satellite_town
D21-01576,Sattarkhan,84,2,0,1,0,2600000000.0,30952380.95238095,name_match,sattarkhan,,35.72103309631348,51.35769271850586,2.0,tehran_district
D21-01577,Yousef Abad,110,2,1,1,1,5700000000.0,51818181.81818182,name_match,yousef-abad,,35.734426498413086,51.405574798583984,6.0,tehran_district
D21-01578,Niavaran,170,3,1,1,1,22100000000.0,130000000.0,name_match,niavaran,,35.81520462036133,51.4692611694336,1.0,tehran_district
D21-01579,Niavaran,220,3,1,1,1,19800000000.0,90000000.0,name_match,niavaran,,35.81520462036133,51.4692611694336,1.0,tehran_district
D21-01580,Yousef Abad,101,2,1,1,1,5500000000.0,54455445.54455446,name_match,yousef-abad,,35.734426498413086,51.405574798583984,6.0,tehran_district
D21-01581,Gheitarieh,100,2,1,1,1,6800000000.0,68000000.0,author_assigned,qeytariyeh,,35.79129219055176,51.4472541809082,1.0,tehran_district
D21-01582,Kook,193,3,1,1,1,13000000000.0,67357512.95336787,unlinked,,,,,,unlocated
D21-01583,Andisheh,45,1,0,1,0,395000000.0,8777777.777777778,author_assigned,,andisheh-new-town,,,,satellite_town
D21-01584,Pirouzi,86,2,1,0,1,2050000000.0,23837209.30232558,name_match,pirouzi,,35.692726135253906,51.48339080810547,13.0,tehran_district
D21-01585,Islamshahr,138,3,1,1,1,1690000000.0,12246376.811594203,author_assigned,,eslamshahr,,,,satellite_town
D21-01586,Tehransar,100,2,0,1,0,2000000000.0,20000000.0,name_match,tehransar,,35.69601821899414,51.2551383972168,21.0,tehran_district
D21-01587,Saadat Abad,55,1,1,1,1,4000000000.0,72727272.72727273,name_match,saadat-abad,,35.78205490112305,51.37488555908203,2.0,tehran_district
D21-01588,Gheitarieh,100,2,1,1,1,8200000000.0,82000000.0,author_assigned,qeytariyeh,,35.79129219055176,51.4472541809082,1.0,tehran_district
D21-01589,Persian Gulf Martyrs Lake,108,2,1,1,1,3024000000.0,28000000.0,author_assigned,chitgar-lake,,35.749732971191406,51.210039138793945,22.0,tehran_district
D21-01590,Gheitarieh,94,2,1,1,1,8350000000.0,88829787.23404256,author_assigned,qeytariyeh,,35.79129219055176,51.4472541809082,1.0,tehran_district
D21-01591,Gheitarieh,101,2,1,1,1,8800000000.0,87128712.87128712,author_assigned,qeytariyeh,,35.79129219055176,51.4472541809082,1.0,tehran_district
D21-01592,Gheitarieh,101,2,1,1,1,8500000000.0,84158415.84158416,author_assigned,qeytariyeh,,35.79129219055176,51.4472541809082,1.0,tehran_district
D21-01593,Gheitarieh,99,1,1,1,1,8400000000.0,84848484.84848484,author_assigned,qeytariyeh,,35.79129219055176,51.4472541809082,1.0,tehran_district
D21-01594,Shahrake Gharb,97,2,1,1,1,7500000000.0,77319587.62886597,name_match,shahrak-e-gharb,,35.76015853881836,51.371429443359375,2.0,tehran_district
D21-01595,Gheitarieh,126,2,1,1,1,11500000000.0,91269841.26984127,author_assigned,qeytariyeh,,35.79129219055176,51.4472541809082,1.0,tehran_district
D21-01596,Pardis,105,2,1,1,1,525000000.0,5000000.0,author_assigned,,pardis-city,,,,satellite_town
D21-01597,Tarasht,101,2,1,1,1,3345000000.0,33118811.881188117,name_match,tarasht,,35.70676803588867,51.342960357666016,2.0,tehran_district
D21-01598,Gheitarieh,100,2,1,1,1,8300000000.0,83000000.0,author_assigned,qeytariyeh,,35.79129219055176,51.4472541809082,1.0,tehran_district
D21-01599,Shahrake Qods,90,2,1,1,1,990000000.0,11000000.0,author_assigned,,qods-city,,,,satellite_town
D21-01600,Saadat Abad,146,3,1,1,1,10800000000.0,73972602.73972602,name_match,saadat-abad,,35.78205490112305,51.37488555908203,2.0,tehran_district
D21-01601,Salsabil,90,3,1,1,0,2550000000.0,28333333.333333332,author_assigned,sarsabil,,35.68894577026367,51.37411117553711,10.0,tehran_district
D21-01602,Shahrake Azadi,60,2,0,1,0,1680000000.0,28000000.0,name_match,shahrak-e-azadi,,35.7115364074707,51.27526473999024,21.0,tehran_district
D21-01603,Shahrake Gharb,130,3,1,1,1,14300000000.0,110000000.0,name_match,shahrak-e-gharb,,35.76015853881836,51.371429443359375,2.0,tehran_district
D21-01604,Air force,85,2,1,1,0,2700000000.0,31764705.88235294,author_assigned,niroo-havayi,,35.70080757141113,51.484256744384766,13.0,tehran_district
D21-01605,Shahrake Qods,80,1,0,1,0,560000000.0,7000000.0,author_assigned,,qods-city,,,,satellite_town
D21-01606,Pasdaran,132,3,1,1,1,9900000000.0,75000000.0,name_match,pasdaran,,35.76714897155762,51.46321868896485,4.0,tehran_district
D21-01607,Tarasht,115,2,1,1,1,4600000000.0,40000000.0,name_match,tarasht,,35.70676803588867,51.342960357666016,2.0,tehran_district
D21-01608,Pirouzi,70,2,0,1,0,1550000000.0,22142857.14285714,name_match,pirouzi,,35.692726135253906,51.48339080810547,13.0,tehran_district
D21-01609,Pirouzi,145,3,1,1,1,3900000000.0,26896551.724137932,name_match,pirouzi,,35.692726135253906,51.48339080810547,13.0,tehran_district
D21-01610,Punak,88,2,1,1,1,2980000000.0,33863636.36363637,author_assigned,poonak,,35.76210975646973,51.33013343811035,5.0,tehran_district
D21-01611,Beryanak,54,1,0,1,0,830000000.0,15370370.370370371,name_match,beryanak,,35.67388916015625,51.37664222717285,10.0,tehran_district
D21-01612,Pirouzi,65,2,1,1,0,1650000000.0,25384615.384615384,name_match,pirouzi,,35.692726135253906,51.48339080810547,13.0,tehran_district
D21-01613,Dehkade Olampic,70,1,1,1,0,2000000000.0,28571428.57142857,author_assigned,dehkade-olympic,,35.76129913330078,51.25746154785156,22.0,tehran_district
D21-01614,Ostad Moein,63,1,1,1,1,1380000000.0,21904761.904761903,name_match,ostad-moein,,35.693721771240234,51.34459686279297,9.0,tehran_district
D21-01615,Zaferanieh,190,3,1,1,1,13000000000.0,68421052.63157895,author_assigned,zafaraniyeh,,35.807945251464844,51.41414260864258,1.0,tehran_district
D21-01616,Qasr-od-Dasht,57,1,1,1,1,1200000000.0,21052631.57894737,unlinked,,,,,,unlocated
D21-01617,Velenjak,144,3,1,1,1,12000000000.0,83333333.33333333,name_match,velenjak,,35.806060791015625,51.40216255187988,1.0,tehran_district
D21-01618,Shahr-e-Ziba,85,2,1,1,1,3450000000.0,40588235.294117644,name_match,shahr-e-ziba,,35.7481575012207,51.291460037231445,5.0,tehran_district
D21-01619,West Pars,65,2,0,1,1,2000000000.0,30769230.769230768,author_assigned,west-tehranpars,,35.73899841308594,51.52931213378906,4.0,tehran_district
D21-01620,Parand,88,3,0,0,1,520000000.0,5909090.909090909,author_assigned,,parand-city,,,,satellite_town
D21-01621,Darband,74,2,1,1,1,4100000000.0,55405405.4054054,name_match,darband,,35.81133842468262,51.42918205261231,1.0,tehran_district
D21-01622,Parand,76,2,0,0,0,365000000.0,4802631.578947368,author_assigned,,parand-city,,,,satellite_town
D21-01623,Parand,88,2,0,0,1,580000000.0,6590909.090909091,author_assigned,,parand-city,,,,satellite_town
D21-01624,Punak,49,1,1,1,1,2694000000.0,54979591.8367347,author_assigned,poonak,,35.76210975646973,51.33013343811035,5.0,tehran_district
D21-01625,Vanak,287,5,1,1,0,57500000000.0,200348432.05574912,name_match,vanak,,35.758527755737305,51.39923858642578,3.0,tehran_district
D21-01626,Punak,95,2,1,1,0,3900000000.0,41052631.578947365,author_assigned,poonak,,35.76210975646973,51.33013343811035,5.0,tehran_district
D21-01627,Air force,65,1,1,1,1,1690000000.0,26000000.0,author_assigned,niroo-havayi,,35.70080757141113,51.484256744384766,13.0,tehran_district
D21-01628,Niavaran,86,2,1,1,1,5580000000.0,64883720.930232555,name_match,niavaran,,35.81520462036133,51.4692611694336,1.0,tehran_district
D21-01629,Kamranieh,86,2,1,1,1,5500000000.0,63953488.37209302,name_match,kamraniyeh,,35.806640625,51.46280670166016,1.0,tehran_district
D21-01630,Golestan,90,2,1,1,1,690000000.0,7666666.666666667,author_assigned,,golestan-baharestan,,,,satellite_town
D21-01631,Ekhtiarieh,62,2,1,1,0,3300000000.0,53225806.451612905,name_match,ekhtiyariyeh,,35.78642272949219,51.459720611572266,3.0,tehran_district
D21-01632,Gheitarieh,157,3,1,1,1,13600000000.0,86624203.82165605,author_assigned,qeytariyeh,,35.79129219055176,51.4472541809082,1.0,tehran_district
D21-01633,Southern Chitgar,90,2,1,1,1,690000000.0,7666666.666666667,author_assigned,chitgar,,35.72515106201172,51.18548202514648,21.0,tehran_district
D21-01634,Gheitarieh,190,3,1,1,1,15500000000.0,81578947.36842105,author_assigned,qeytariyeh,,35.79129219055176,51.4472541809082,1.0,tehran_district
D21-01635,Railway,90,2,1,1,1,1315000000.0,14611111.111111112,unlinked,,,,,,unlocated
D21-01636,Gheitarieh,150,3,1,1,1,11000000000.0,73333333.33333333,author_assigned,qeytariyeh,,35.79129219055176,51.4472541809082,1.0,tehran_district
D21-01637,Shahrake Qods,70,2,1,1,1,735000000.0,10500000.0,author_assigned,,qods-city,,,,satellite_town
D21-01638,Tehran Now,91,2,1,1,1,3000000000.0,32967032.967032965,author_assigned,tehran-no,,35.709510803222656,51.49639129638672,13.0,tehran_district
D21-01639,Gheitarieh,155,3,1,1,1,14700000000.0,94838709.67741935,author_assigned,qeytariyeh,,35.79129219055176,51.4472541809082,1.0,tehran_district
D21-01640,Niavaran,245,3,1,1,1,21560000000.0,88000000.0,name_match,niavaran,,35.81520462036133,51.4692611694336,1.0,tehran_district
D21-01641,West Ferdows Boulevard,120,2,1,1,1,5000000000.0,41666666.666666664,author_assigned,kooy-e-ferdos,,35.72373008728027,51.3161506652832,5.0,tehran_district
D21-01642,Gheitarieh,150,2,1,1,1,13000000000.0,86666666.66666667,author_assigned,qeytariyeh,,35.79129219055176,51.4472541809082,1.0,tehran_district
D21-01643,West Ferdows Boulevard,65,2,1,1,0,2250000000.0,34615384.615384616,author_assigned,kooy-e-ferdos,,35.72373008728027,51.3161506652832,5.0,tehran_district
D21-01644,West Ferdows Boulevard,106,2,1,1,1,3900000000.0,36792452.83018868,author_assigned,kooy-e-ferdos,,35.72373008728027,51.3161506652832,5.0,tehran_district
D21-01645,Gheitarieh,100,2,1,1,1,8400000000.0,84000000.0,author_assigned,qeytariyeh,,35.79129219055176,51.4472541809082,1.0,tehran_district
D21-01646,Gheitarieh,125,2,1,1,1,11000000000.0,88000000.0,author_assigned,qeytariyeh,,35.79129219055176,51.4472541809082,1.0,tehran_district
D21-01647,Feiz Garden,57,1,1,1,1,1890000000.0,33157894.736842107,author_assigned,bagh-feyz,,35.744869232177734,51.32010269165039,5.0,tehran_district
D21-01648,Niavaran,160,3,1,1,1,16800000000.0,105000000.0,name_match,niavaran,,35.81520462036133,51.4692611694336,1.0,tehran_district
D21-01649,Beryanak,43,1,0,1,1,1200000000.0,27906976.744186047,name_match,beryanak,,35.67388916015625,51.37664222717285,10.0,tehran_district
D21-01650,Feiz Garden,115,3,1,1,1,3500000000.0,30434782.608695652,author_assigned,bagh-feyz,,35.744869232177734,51.32010269165039,5.0,tehran_district
D21-01651,Feiz Garden,80,2,1,1,1,2900000000.0,36250000.0,author_assigned,bagh-feyz,,35.744869232177734,51.32010269165039,5.0,tehran_district
D21-01652,Southern Janatabad,93,2,1,1,1,4600000000.0,49462365.59139785,author_assigned,south-janat-abad,,35.74760437011719,51.30598068237305,5.0,tehran_district
D21-01653,Qasr-od-Dasht,65,2,1,0,1,2050000000.0,31538461.53846154,unlinked,,,,,,unlocated
D21-01654,Southern Janatabad,90,2,1,1,1,3000000000.0,33333333.333333332,author_assigned,south-janat-abad,,35.74760437011719,51.30598068237305,5.0,tehran_district
D21-01655,Andisheh,200,2,1,1,0,2000000000.0,10000000.0,author_assigned,,andisheh-new-town,,,,satellite_town
D21-01656,Shahrake Gharb,135,3,1,1,1,9000000000.0,66666666.666666664,name_match,shahrak-e-gharb,,35.76015853881836,51.371429443359375,2.0,tehran_district
D21-01657,Azarbaijan,63,2,0,1,0,1340000000.0,21269841.26984127,name_match,azarbaijan,,35.698368072509766,51.36988830566406,10.0,tehran_district
D21-01658,Azarbaijan,53,1,1,1,1,1500000000.0,28301886.79245283,name_match,azarbaijan,,35.698368072509766,51.36988830566406,10.0,tehran_district
D21-01659,Qasr-od-Dasht,50,1,0,1,0,810000000.0,16200000.0,unlinked,,,,,,unlocated
D21-01660,Qasr-od-Dasht,72,2,1,1,0,1615000000.0,22430555.555555556,unlinked,,,,,,unlocated
D21-01661,Saadat Abad,148,3,1,1,1,12500000000.0,84459459.45945945,name_match,saadat-abad,,35.78205490112305,51.37488555908203,2.0,tehran_district
D21-01662,Azarbaijan,80,2,1,1,1,2480000000.0,31000000.0,name_match,azarbaijan,,35.698368072509766,51.36988830566406,10.0,tehran_district
D21-01663,Andisheh,60,2,1,1,1,950000000.0,15833333.333333334,author_assigned,,andisheh-new-town,,,,satellite_town
D21-01664,Shahrake Gharb,102,2,1,1,1,9898000000.0,97039215.68627451,name_match,shahrak-e-gharb,,35.76015853881836,51.371429443359375,2.0,tehran_district
D21-01665,Mirdamad,95,2,1,1,1,5500000000.0,57894736.84210526,name_match,mirdamad,,35.758596420288086,51.44007682800293,3.0,tehran_district
D21-01666,Ray,83,2,1,1,1,1700000000.0,20481927.710843373,author_assigned,,,,,20.0,tehran_district
D21-01667,Gheitarieh,95,2,1,1,1,8300000000.0,87368421.05263157,author_assigned,qeytariyeh,,35.79129219055176,51.4472541809082,1.0,tehran_district
D21-01668,Salsabil,83,2,1,1,1,2300000000.0,27710843.373493977,author_assigned,sarsabil,,35.68894577026367,51.37411117553711,10.0,tehran_district
D21-01669,Northern Chitgar,60,1,1,1,1,875000000.0,14583333.333333334,author_assigned,chitgar,,35.72515106201172,51.18548202514648,21.0,tehran_district
D21-01670,Jeyhoon,65,2,1,1,1,1400000000.0,21538461.53846154,name_match,jeyhoun,,35.68763732910156,51.36460494995117,10.0,tehran_district
D21-01671,Gheitarieh,90,2,1,1,1,8200000000.0,91111111.1111111,author_assigned,qeytariyeh,,35.79129219055176,51.4472541809082,1.0,tehran_district
D21-01672,Heravi,200,3,1,1,1,14000000000.0,70000000.0,name_match,heravi,,35.76724433898926,51.47656440734863,4.0,tehran_district
D21-01673,Jeyhoon,53,1,1,1,1,1420000000.0,26792452.83018868,name_match,jeyhoun,,35.68763732910156,51.36460494995117,10.0,tehran_district
D21-01674,Beryanak,43,1,1,1,1,1250000000.0,29069767.441860463,name_match,beryanak,,35.67388916015625,51.37664222717285,10.0,tehran_district
D21-01675,Southern Janatabad,97,2,1,1,1,3880000000.0,40000000.0,author_assigned,south-janat-abad,,35.74760437011719,51.30598068237305,5.0,tehran_district
D21-01676,Jeyhoon,42,1,1,0,1,960000000.0,22857142.85714286,name_match,jeyhoun,,35.68763732910156,51.36460494995117,10.0,tehran_district
D21-01677,Abazar,120,2,1,1,1,3880000000.0,32333333.333333332,author_assigned,aboozar,,35.73118209838867,51.32947540283203,5.0,tehran_district
D21-01678,Sattarkhan,97,2,1,1,1,3580000000.0,36907216.49484536,name_match,sattarkhan,,35.72103309631348,51.35769271850586,2.0,tehran_district
D21-01679,Southern Janatabad,97,2,1,1,1,3500000000.0,36082474.22680412,author_assigned,south-janat-abad,,35.74760437011719,51.30598068237305,5.0,tehran_district
D21-01680,Southern Janatabad,90,2,1,1,1,3280000000.0,36444444.44444445,author_assigned,south-janat-abad,,35.74760437011719,51.30598068237305,5.0,tehran_district
D21-01681,Central Janatabad,97,2,1,1,1,3600000000.0,37113402.061855674,name_match,central-janat-abad,,35.75911331176758,51.30409622192383,5.0,tehran_district
D21-01682,Southern Janatabad,90,2,1,1,1,3680000000.0,40888888.88888889,author_assigned,south-janat-abad,,35.74760437011719,51.30598068237305,5.0,tehran_district
D21-01683,Gheitarieh,198,3,1,1,1,13500000000.0,68181818.18181819,author_assigned,qeytariyeh,,35.79129219055176,51.4472541809082,1.0,tehran_district
D21-01684,Zafar,929,5,1,1,0,80000000000.0,86114101.18406889,name_match,zafar,,35.76667404174805,51.43242645263672,3.0,tehran_district
D21-01685,Punak,90,2,1,1,1,4680000000.0,52000000.0,author_assigned,poonak,,35.76210975646973,51.33013343811035,5.0,tehran_district
D21-01686,Punak,150,3,1,1,1,9400000000.0,62666666.666666664,author_assigned,poonak,,35.76210975646973,51.33013343811035,5.0,tehran_district
D21-01687,Southern Janatabad,136,3,1,1,1,6200000000.0,45588235.294117644,author_assigned,south-janat-abad,,35.74760437011719,51.30598068237305,5.0,tehran_district
D21-01688,Southern Janatabad,120,2,1,1,1,4100000000.0,34166666.666666664,author_assigned,south-janat-abad,,35.74760437011719,51.30598068237305,5.0,tehran_district
D21-01689,Punak,90,2,1,1,1,3520000000.0,39111111.11111111,author_assigned,poonak,,35.76210975646973,51.33013343811035,5.0,tehran_district
D21-01690,Absard,550,3,1,1,0,4500000000.0,8181818.181818182,author_assigned,,absard,,,,satellite_town
D21-01691,Punak,50,1,1,1,1,2500000000.0,50000000.0,author_assigned,poonak,,35.76210975646973,51.33013343811035,5.0,tehran_district
D21-01692,Mirdamad,90,2,1,1,1,6000000000.0,66666666.666666664,name_match,mirdamad,,35.758596420288086,51.44007682800293,3.0,tehran_district
D21-01693,Punak,55,1,1,1,1,2300000000.0,41818181.81818182,author_assigned,poonak,,35.76210975646973,51.33013343811035,5.0,tehran_district
D21-01694,Jeyhoon,75,2,1,1,1,2350000000.0,31333333.333333332,name_match,jeyhoun,,35.68763732910156,51.36460494995117,10.0,tehran_district
D21-01695,Punak,47,1,1,1,1,2100000000.0,44680851.06382979,author_assigned,poonak,,35.76210975646973,51.33013343811035,5.0,tehran_district
D21-01696,Punak,65,2,1,1,0,2250000000.0,34615384.615384616,author_assigned,poonak,,35.76210975646973,51.33013343811035,5.0,tehran_district
D21-01697,Zaferanieh,420,4,1,1,1,92400000000.0,220000000.0,author_assigned,zafaraniyeh,,35.807945251464844,51.41414260864258,1.0,tehran_district
D21-01698,Southern Janatabad,124,3,1,1,1,5950000000.0,47983870.96774194,author_assigned,south-janat-abad,,35.74760437011719,51.30598068237305,5.0,tehran_district
D21-01699,Punak,86,2,1,1,1,4250000000.0,49418604.65116279,author_assigned,poonak,,35.76210975646973,51.33013343811035,5.0,tehran_district
D21-01700,Punak,70,1,1,1,1,3100000000.0,44285714.28571428,author_assigned,poonak,,35.76210975646973,51.33013343811035,5.0,tehran_district
D21-01701,Velenjak,181,3,1,1,1,13600000000.0,75138121.54696132,name_match,velenjak,,35.806060791015625,51.40216255187988,1.0,tehran_district
D21-01702,Punak,68,2,1,1,0,2230000000.0,32794117.647058822,author_assigned,poonak,,35.76210975646973,51.33013343811035,5.0,tehran_district
D21-01703,Yaftabad,85,2,1,1,1,1250000000.0,14705882.352941176,name_match,yaftabad,,35.643272399902344,51.30583381652832,18.0,tehran_district
D21-01704,Punak,67,2,1,1,1,2600000000.0,38805970.14925373,author_assigned,poonak,,35.76210975646973,51.33013343811035,5.0,tehran_district
D21-01705,Ozgol,72,1,1,1,1,4500000000.0,62500000.0,name_match,ozgol,,35.79227256774902,51.49772834777832,1.0,tehran_district
D21-01706,Central Janatabad,145,3,1,1,1,6150000000.0,42413793.10344828,name_match,central-janat-abad,,35.75911331176758,51.30409622192383,5.0,tehran_district
D21-01707,Shahrake Gharb,116,2,1,1,1,9860000000.0,85000000.0,name_match,shahrak-e-gharb,,35.76015853881836,51.371429443359375,2.0,tehran_district
D21-01708,Northern Janatabad,65,1,1,1,1,2700000000.0,41538461.538461536,author_assigned,north-janat-abad,,35.770896911621094,51.30755615234375,5.0,tehran_district
D21-01709,Ozgol,125,2,1,1,1,9300000000.0,74400000.0,name_match,ozgol,,35.79227256774902,51.49772834777832,1.0,tehran_district
D21-01710,Saadat Abad,143,3,1,1,1,11200000000.0,78321678.32167833,name_match,saadat-abad,,35.78205490112305,51.37488555908203,2.0,tehran_district
D21-01711,Saadat Abad,150,3,1,1,1,14800000000.0,98666666.66666667,name_match,saadat-abad,,35.78205490112305,51.37488555908203,2.0,tehran_district
D21-01712,Southern Janatabad,88,2,1,1,1,2560000000.0,29090909.09090909,author_assigned,south-janat-abad,,35.74760437011719,51.30598068237305,5.0,tehran_district
D21-01713,Elahieh,380,4,1,1,1,50000000000.0,131578947.36842105,name_match,elahiyeh,,35.79115676879883,51.426809310913086,1.0,tehran_district
D21-01714,Ostad Moein,95,2,1,1,1,2990000000.0,31473684.210526317,name_match,ostad-moein,,35.693721771240234,51.34459686279297,9.0,tehran_district
D21-01715,Shahran,58,1,1,1,1,2850000000.0,49137931.03448276,author_assigned,north-shahran,,35.7661018371582,51.288944244384766,5.0,tehran_district
D21-01716,Farmanieh,190,3,1,1,1,25000000000.0,131578947.36842105,name_match,farmaniyeh,,35.79709053039551,51.46924209594727,1.0,tehran_district
D21-01717,Ekhtiarieh,120,2,1,1,1,7700000000.0,64166666.666666664,name_match,ekhtiyariyeh,,35.78642272949219,51.459720611572266,3.0,tehran_district
D21-01718,Shahrakeh Naft,130,3,1,1,1,7500000000.0,57692307.692307696,author_assigned,shahrak-naft,,35.80707359313965,51.50653076171875,1.0,tehran_district
D21-01719,Punak,85,2,1,1,0,2800000000.0,32941176.470588237,author_assigned,poonak,,35.76210975646973,51.33013343811035,5.0,tehran_district
D21-01720,Islamshahr,100,2,1,1,0,1100000000.0,11000000.0,author_assigned,,eslamshahr,,,,satellite_town
D21-01721,Gheitarieh,115,2,1,1,1,9500000000.0,82608695.6521739,author_assigned,qeytariyeh,,35.79129219055176,51.4472541809082,1.0,tehran_district
D21-01722,Shahr-e-Ziba,76,2,1,1,1,2480000000.0,32631578.94736842,name_match,shahr-e-ziba,,35.7481575012207,51.291460037231445,5.0,tehran_district
D21-01723,Punak,125,2,1,1,1,6000000000.0,48000000.0,author_assigned,poonak,,35.76210975646973,51.33013343811035,5.0,tehran_district
D21-01724,Punak,110,2,1,1,1,3900000000.0,35454545.45454545,author_assigned,poonak,,35.76210975646973,51.33013343811035,5.0,tehran_district
D21-01725,Punak,96,2,1,1,1,4150000000.0,43229166.666666664,author_assigned,poonak,,35.76210975646973,51.33013343811035,5.0,tehran_district
D21-01726,Islamshahr,75,2,1,1,0,1250000000.0,16666666.666666666,author_assigned,,eslamshahr,,,,satellite_town
D21-01727,Central Janatabad,105,2,1,1,1,4300000000.0,40952380.952380955,name_match,central-janat-abad,,35.75911331176758,51.30409622192383,5.0,tehran_district
D21-01728,Heravi,160,3,1,1,1,7000000000.0,43750000.0,name_match,heravi,,35.76724433898926,51.47656440734863,4.0,tehran_district
D21-01729,Jeyhoon,76,2,1,1,1,1800000000.0,23684210.52631579,name_match,jeyhoun,,35.68763732910156,51.36460494995117,10.0,tehran_district
D21-01730,Zaferanieh,290,4,1,1,1,15950000000.0,55000000.0,author_assigned,zafaraniyeh,,35.807945251464844,51.41414260864258,1.0,tehran_district
D21-01731,Zafar,110,2,0,1,1,5550000000.0,50454545.45454545,name_match,zafar,,35.76667404174805,51.43242645263672,3.0,tehran_district
D21-01732,Andisheh,198,4,1,1,0,5200000000.0,26262626.262626264,author_assigned,,andisheh-new-town,,,,satellite_town
D21-01733,Andisheh,105,2,1,1,1,1930000000.0,18380952.38095238,author_assigned,,andisheh-new-town,,,,satellite_town
D21-01734,Islamshahr,90,2,1,1,1,1098000000.0,12200000.0,author_assigned,,eslamshahr,,,,satellite_town
D21-01735,Islamshahr,63,1,1,1,1,882000000.0,14000000.0,author_assigned,,eslamshahr,,,,satellite_town
D21-01736,Central Janatabad,100,2,1,1,1,3600000000.0,36000000.0,name_match,central-janat-abad,,35.75911331176758,51.30409622192383,5.0,tehran_district
D21-01737,Islamshahr,117,3,1,1,1,1990000000.0,17008547.008547008,author_assigned,,eslamshahr,,,,satellite_town
D21-01738,Islamshahr,91,2,1,1,0,1640000000.0,18021978.02197802,author_assigned,,eslamshahr,,,,satellite_town
D21-01739,Islamshahr,60,1,1,1,0,780000000.0,13000000.0,author_assigned,,eslamshahr,,,,satellite_town
D21-01740,Islamshahr,110,2,1,1,1,2530000000.0,23000000.0,author_assigned,,eslamshahr,,,,satellite_town
D21-01741,Ostad Moein,96,2,1,1,1,2990000000.0,31145833.333333332,name_match,ostad-moein,,35.693721771240234,51.34459686279297,9.0,tehran_district
D21-01742,Ekhtiarieh,113,2,1,1,1,4300000000.0,38053097.345132746,name_match,ekhtiyariyeh,,35.78642272949219,51.459720611572266,3.0,tehran_district
D21-01743,Persian Gulf Martyrs Lake,60,1,1,1,1,295000000.0,4916666.666666667,author_assigned,chitgar-lake,,35.749732971191406,51.210039138793945,22.0,tehran_district
D21-01744,Southern Janatabad,74,2,1,1,1,2800000000.0,37837837.83783784,author_assigned,south-janat-abad,,35.74760437011719,51.30598068237305,5.0,tehran_district
D21-01745,Dorous,155,3,1,1,1,9800000000.0,63225806.451612905,author_assigned,darrous,,35.77359199523926,51.45492362976074,3.0,tehran_district
D21-01746,Ostad Moein,125,2,1,1,1,3900000000.0,31200000.0,name_match,ostad-moein,,35.693721771240234,51.34459686279297,9.0,tehran_district
D21-01747,Dezashib,49,1,1,0,1,3150000000.0,64285714.28571428,name_match,dezashib,,35.8081169128418,51.45136260986328,1.0,tehran_district
D21-01748,Saadat Abad,148,3,1,1,1,12580000000.0,85000000.0,name_match,saadat-abad,,35.78205490112305,51.37488555908203,2.0,tehran_district
D21-01749,Qasr-od-Dasht,134,3,1,1,1,2950000000.0,22014925.37313433,unlinked,,,,,,unlocated
D21-01750,Central Janatabad,90,2,1,1,1,3600000000.0,40000000.0,name_match,central-janat-abad,,35.75911331176758,51.30409622192383,5.0,tehran_district
D21-01751,Central Janatabad,110,1,1,1,1,4450000000.0,40454545.45454545,name_match,central-janat-abad,,35.75911331176758,51.30409622192383,5.0,tehran_district
D21-01752,Punak,115,2,1,1,1,5405000000.0,47000000.0,author_assigned,poonak,,35.76210975646973,51.33013343811035,5.0,tehran_district
D21-01753,Darabad,90,2,1,1,1,5300000000.0,58888888.88888889,name_match,darabad,,35.81655311584473,51.49126625061035,1.0,tehran_district
D21-01754,North Program Organization,95,2,1,1,1,4300000000.0,45263157.89473684,author_assigned,sazamn-barnameh,,35.72991752624512,51.30108451843262,5.0,tehran_district
D21-01755,Pardis,105,2,1,1,1,750000000.0,7142857.142857143,author_assigned,,pardis-city,,,,satellite_town
D21-01756,Amir Bahador,63,2,1,1,1,1638000000.0,26000000.0,name_match,amir-bahador,,35.67104148864746,51.40328788757324,11.0,tehran_district
D21-01757,Pasdaran,185,3,1,1,1,13000000000.0,70270270.27027027,name_match,pasdaran,,35.76714897155762,51.46321868896485,4.0,tehran_district
D21-01758,Elahieh,250,3,1,1,1,40000000000.0,160000000.0,name_match,elahiyeh,,35.79115676879883,51.426809310913086,1.0,tehran_district
D21-01759,Northern Janatabad,88,2,1,1,0,3850000000.0,43750000.0,author_assigned,north-janat-abad,,35.770896911621094,51.30755615234375,5.0,tehran_district
D21-01760,Southern Program Organization,95,2,1,1,1,4300000000.0,45263157.89473684,author_assigned,sazamn-barnameh,,35.72991752624512,51.30108451843262,5.0,tehran_district
D21-01761,Heravi,108,2,1,1,1,6400000000.0,59259259.25925926,name_match,heravi,,35.76724433898926,51.47656440734863,4.0,tehran_district
D21-01762,Southern Janatabad,90,2,1,1,1,3780000000.0,42000000.0,author_assigned,south-janat-abad,,35.74760437011719,51.30598068237305,5.0,tehran_district
D21-01763,Velenjak,160,3,1,1,1,9600000000.0,60000000.0,name_match,velenjak,,35.806060791015625,51.40216255187988,1.0,tehran_district
D21-01764,Parand,78,2,0,1,1,425000000.0,5448717.948717949,author_assigned,,parand-city,,,,satellite_town
D21-01765,Persian Gulf Martyrs Lake,120,3,1,1,1,590000000.0,4916666.666666667,author_assigned,chitgar-lake,,35.749732971191406,51.210039138793945,22.0,tehran_district
D21-01766,Pasdaran,158,3,1,1,1,11060000000.0,70000000.0,name_match,pasdaran,,35.76714897155762,51.46321868896485,4.0,tehran_district
D21-01767,West Ferdows Boulevard,56,1,1,1,1,2250000000.0,40178571.428571425,author_assigned,kooy-e-ferdos,,35.72373008728027,51.3161506652832,5.0,tehran_district
D21-01768,Pasdaran,155,3,1,1,1,13175000000.0,85000000.0,name_match,pasdaran,,35.76714897155762,51.46321868896485,4.0,tehran_district
D21-01769,Southern Janatabad,100,2,1,1,1,5700000000.0,57000000.0,author_assigned,south-janat-abad,,35.74760437011719,51.30598068237305,5.0,tehran_district
D21-01770,Saadat Abad,182,3,1,1,1,11500000000.0,63186813.18681318,name_match,saadat-abad,,35.78205490112305,51.37488555908203,2.0,tehran_district
D21-01771,Shahr-e-Ziba,63,2,1,1,1,2250000000.0,35714285.71428572,name_match,shahr-e-ziba,,35.7481575012207,51.291460037231445,5.0,tehran_district
D21-01772,Northern Chitgar,60,1,1,1,1,875000000.0,14583333.333333334,author_assigned,chitgar,,35.72515106201172,51.18548202514648,21.0,tehran_district
D21-01773,Shahrake Qods,125,2,1,1,1,1030000000.0,8240000.0,author_assigned,,qods-city,,,,satellite_town
D21-01774,Shahrake Qods,53,1,0,0,0,395000000.0,7452830.188679245,author_assigned,,qods-city,,,,satellite_town
D21-01775,Ekhtiarieh,150,3,1,1,1,9500000000.0,63333333.333333336,name_match,ekhtiyariyeh,,35.78642272949219,51.459720611572266,3.0,tehran_district
D21-01776,Punak,62,2,1,1,0,2200000000.0,35483870.96774194,author_assigned,poonak,,35.76210975646973,51.33013343811035,5.0,tehran_district
D21-01777,Ekhtiarieh,113,2,1,1,1,6000000000.0,53097345.132743366,name_match,ekhtiyariyeh,,35.78642272949219,51.459720611572266,3.0,tehran_district
D21-01778,Parand,93,2,1,1,0,650000000.0,6989247.311827957,author_assigned,,parand-city,,,,satellite_town
D21-01779,Damavand,84,2,1,1,1,2150000000.0,25595238.095238097,author_assigned,,damavand,,,,satellite_town
D21-01780,Jeyhoon,83,2,1,1,1,2200000000.0,26506024.096385542,name_match,jeyhoun,,35.68763732910156,51.36460494995117,10.0,tehran_district
D21-01781,Gheitarieh,150,3,1,1,1,13000000000.0,86666666.66666667,author_assigned,qeytariyeh,,35.79129219055176,51.4472541809082,1.0,tehran_district
D21-01782,Ekhtiarieh,147,3,1,1,1,9600000000.0,65306122.448979594,name_match,ekhtiyariyeh,,35.78642272949219,51.459720611572266,3.0,tehran_district
D21-01783,Saadat Abad,75,2,1,1,1,5500000000.0,73333333.33333333,name_match,saadat-abad,,35.78205490112305,51.37488555908203,2.0,tehran_district
D21-01784,Shahran,119,2,1,1,1,4700000000.0,39495798.319327734,author_assigned,north-shahran,,35.7661018371582,51.288944244384766,5.0,tehran_district
D21-01785,Saadat Abad,105,2,1,1,1,4800000000.0,45714285.71428572,name_match,saadat-abad,,35.78205490112305,51.37488555908203,2.0,tehran_district
D21-01786,Ekhtiarieh,115,2,1,1,1,6300000000.0,54782608.69565217,name_match,ekhtiyariyeh,,35.78642272949219,51.459720611572266,3.0,tehran_district
D21-01787,Velenjak,179,3,1,1,1,8055000000.0,45000000.0,name_match,velenjak,,35.806060791015625,51.40216255187988,1.0,tehran_district
D21-01788,Central Janatabad,86,2,1,1,1,3600000000.0,41860465.11627907,name_match,central-janat-abad,,35.75911331176758,51.30409622192383,5.0,tehran_district
D21-01789,West Ferdows Boulevard,70,1,1,1,1,3650000000.0,52142857.14285714,author_assigned,kooy-e-ferdos,,35.72373008728027,51.3161506652832,5.0,tehran_district
D21-01790,Shahr-e-Ziba,48,1,1,1,1,1750000000.0,36458333.333333336,name_match,shahr-e-ziba,,35.7481575012207,51.291460037231445,5.0,tehran_district
D21-01791,Komeil,70,2,0,1,1,1250000000.0,17857142.85714286,unlinked,,,,,,unlocated
D21-01792,Saadat Abad,102,2,1,1,1,6120000000.0,60000000.0,name_match,saadat-abad,,35.78205490112305,51.37488555908203,2.0,tehran_district
D21-01793,Pardis,85,2,1,0,1,470000000.0,5529411.764705882,author_assigned,,pardis-city,,,,satellite_town
D21-01794,West Ferdows Boulevard,72,2,1,1,0,2400000000.0,33333333.333333332,author_assigned,kooy-e-ferdos,,35.72373008728027,51.3161506652832,5.0,tehran_district
D21-01795,Shahrake Qods,120,2,1,1,1,1050000000.0,8750000.0,author_assigned,,qods-city,,,,satellite_town
D21-01796,Saadat Abad,180,3,1,1,1,14500000000.0,80555555.55555555,name_match,saadat-abad,,35.78205490112305,51.37488555908203,2.0,tehran_district
D21-01797,Saadat Abad,138,3,1,1,1,9300000000.0,67391304.3478261,name_match,saadat-abad,,35.78205490112305,51.37488555908203,2.0,tehran_district
D21-01798,Shahrake Qods,87,2,1,1,1,960000000.0,11034482.75862069,author_assigned,,qods-city,,,,satellite_town
D21-01799,Abazar,705,5,1,1,0,91000000000.0,129078014.18439716,author_assigned,aboozar,,35.73118209838867,51.32947540283203,5.0,tehran_district
D21-01800,Saadat Abad,200,3,1,1,1,16000000000.0,80000000.0,name_match,saadat-abad,,35.78205490112305,51.37488555908203,2.0,tehran_district
D21-01801,Pardis,87,2,1,1,1,570000000.0,6551724.137931035,author_assigned,,pardis-city,,,,satellite_town
D21-01802,Shahr-e-Ziba,75,2,1,1,1,3350000000.0,44666666.666666664,name_match,shahr-e-ziba,,35.7481575012207,51.291460037231445,5.0,tehran_district
D21-01803,Ostad Moein,66,2,1,1,1,1580000000.0,23939393.939393938,name_match,ostad-moein,,35.693721771240234,51.34459686279297,9.0,tehran_district
D21-01804,West Ferdows Boulevard,57,1,1,1,1,2900000000.0,50877192.98245614,author_assigned,kooy-e-ferdos,,35.72373008728027,51.3161506652832,5.0,tehran_district
D21-01805,West Ferdows Boulevard,62,1,1,1,1,2650000000.0,42741935.48387097,author_assigned,kooy-e-ferdos,,35.72373008728027,51.3161506652832,5.0,tehran_district
D21-01806,West Ferdows Boulevard,65,2,1,1,1,3100000000.0,47692307.692307696,author_assigned,kooy-e-ferdos,,35.72373008728027,51.3161506652832,5.0,tehran_district
D21-01807,Saadat Abad,70,1,0,1,0,3300000000.0,47142857.14285714,name_match,saadat-abad,,35.78205490112305,51.37488555908203,2.0,tehran_district
D21-01808,West Ferdows Boulevard,65,1,1,1,1,2800000000.0,43076923.07692308,author_assigned,kooy-e-ferdos,,35.72373008728027,51.3161506652832,5.0,tehran_district
D21-01809,Ostad Moein,100,2,1,1,1,2800000000.0,28000000.0,name_match,ostad-moein,,35.693721771240234,51.34459686279297,9.0,tehran_district
D21-01810,Saadat Abad,210,3,1,1,1,16400000000.0,78095238.09523809,name_match,saadat-abad,,35.78205490112305,51.37488555908203,2.0,tehran_district
D21-01811,Saadat Abad,110,2,1,1,1,8900000000.0,80909090.9090909,name_match,saadat-abad,,35.78205490112305,51.37488555908203,2.0,tehran_district
D21-01812,West Ferdows Boulevard,68,2,1,1,1,2900000000.0,42647058.823529415,author_assigned,kooy-e-ferdos,,35.72373008728027,51.3161506652832,5.0,tehran_district
D21-01813,Saadat Abad,101,2,1,1,1,5555000000.0,55000000.0,name_match,saadat-abad,,35.78205490112305,51.37488555908203,2.0,tehran_district
D21-01814,Ekhtiarieh,85,2,1,1,1,5000000000.0,58823529.4117647,name_match,ekhtiyariyeh,,35.78642272949219,51.459720611572266,3.0,tehran_district
D21-01815,Saadat Abad,165,3,1,1,1,10500000000.0,63636363.63636363,name_match,saadat-abad,,35.78205490112305,51.37488555908203,2.0,tehran_district
D21-01816,Saadat Abad,300,4,1,1,1,30000000000.0,100000000.0,name_match,saadat-abad,,35.78205490112305,51.37488555908203,2.0,tehran_district
D21-01817,Shahrake Gharb,245,3,1,1,1,19000000000.0,77551020.40816326,name_match,shahrak-e-gharb,,35.76015853881836,51.371429443359375,2.0,tehran_district
D21-01818,Andisheh,105,2,1,1,0,1000000000.0,9523809.523809524,author_assigned,,andisheh-new-town,,,,satellite_town
D21-01819,Saadat Abad,135,2,1,1,1,8800000000.0,65185185.18518519,name_match,saadat-abad,,35.78205490112305,51.37488555908203,2.0,tehran_district
D21-01820,Saadat Abad,130,3,1,1,1,9300000000.0,71538461.53846154,name_match,saadat-abad,,35.78205490112305,51.37488555908203,2.0,tehran_district
D21-01821,Saadat Abad,83,2,1,0,1,4600000000.0,55421686.746987954,name_match,saadat-abad,,35.78205490112305,51.37488555908203,2.0,tehran_district
D21-01822,Saadat Abad,60,1,1,1,1,4650000000.0,77500000.0,name_match,saadat-abad,,35.78205490112305,51.37488555908203,2.0,tehran_district
D21-01823,Southern Program Organization,52,1,1,1,1,2750000000.0,52884615.384615384,author_assigned,sazamn-barnameh,,35.72991752624512,51.30108451843262,5.0,tehran_district
D21-01824,West Ferdows Boulevard,60,2,1,1,1,2850000000.0,47500000.0,author_assigned,kooy-e-ferdos,,35.72373008728027,51.3161506652832,5.0,tehran_district
D21-01825,West Ferdows Boulevard,60,2,1,1,1,2850000000.0,47500000.0,author_assigned,kooy-e-ferdos,,35.72373008728027,51.3161506652832,5.0,tehran_district
D21-01826,East Ferdows Boulevard,70,2,1,1,1,3000000000.0,42857142.85714286,author_assigned,kooy-e-ferdos,,35.72373008728027,51.3161506652832,5.0,tehran_district
D21-01827,Shahrake Gharb,140,3,1,1,1,11200000000.0,80000000.0,name_match,shahrak-e-gharb,,35.76015853881836,51.371429443359375,2.0,tehran_district
D21-01828,Saadat Abad,120,2,1,1,1,6800000000.0,56666666.666666664,name_match,saadat-abad,,35.78205490112305,51.37488555908203,2.0,tehran_district
D21-01829,Shahrake Qods,62,1,1,1,1,510000000.0,8225806.451612903,author_assigned,,qods-city,,,,satellite_town
D21-01830,West Ferdows Boulevard,70,2,1,1,1,2600000000.0,37142857.14285714,author_assigned,kooy-e-ferdos,,35.72373008728027,51.3161506652832,5.0,tehran_district
D21-01831,Saadat Abad,150,3,1,1,1,9500000000.0,63333333.333333336,name_match,saadat-abad,,35.78205490112305,51.37488555908203,2.0,tehran_district
D21-01832,Shahran,69,2,1,1,0,1850000000.0,26811594.20289855,author_assigned,north-shahran,,35.7661018371582,51.288944244384766,5.0,tehran_district
D21-01833,Pardis,97,2,1,1,1,770000000.0,7938144.329896907,author_assigned,,pardis-city,,,,satellite_town
D21-01834,East Ferdows Boulevard,70,1,1,1,1,2600000000.0,37142857.14285714,author_assigned,kooy-e-ferdos,,35.72373008728027,51.3161506652832,5.0,tehran_district
D21-01835,Jeyhoon,100,2,1,1,1,2300000000.0,23000000.0,name_match,jeyhoun,,35.68763732910156,51.36460494995117,10.0,tehran_district
D21-01836,West Ferdows Boulevard,75,2,1,1,0,2500000000.0,33333333.333333332,author_assigned,kooy-e-ferdos,,35.72373008728027,51.3161506652832,5.0,tehran_district
D21-01837,Azarbaijan,103,2,1,1,1,3150000000.0,30582524.27184466,name_match,azarbaijan,,35.698368072509766,51.36988830566406,10.0,tehran_district
D21-01838,Shahran,85,2,1,1,1,2650000000.0,31176470.588235293,author_assigned,north-shahran,,35.7661018371582,51.288944244384766,5.0,tehran_district
D21-01839,Punak,150,3,1,1,1,10500000000.0,70000000.0,author_assigned,poonak,,35.76210975646973,51.33013343811035,5.0,tehran_district
D21-01840,Qalandari,66,2,1,1,1,4250000000.0,64393939.39393939,unlinked,,,,,,unlocated
D21-01841,Pardis,106,2,1,1,1,800000000.0,7547169.811320755,author_assigned,,pardis-city,,,,satellite_town
D21-01842,Pirouzi,101,2,1,0,1,3300000000.0,32673267.326732673,name_match,pirouzi,,35.692726135253906,51.48339080810547,13.0,tehran_district
D21-01843,Aqdasieh,290,4,1,1,1,27000000000.0,93103448.27586207,name_match,aghdasieh,,35.805532455444336,51.47702217102051,1.0,tehran_district
D21-01844,Saadat Abad,106,2,1,1,1,6000000000.0,56603773.58490566,name_match,saadat-abad,,35.78205490112305,51.37488555908203,2.0,tehran_district
D21-01845,Eram,107,3,1,1,0,2970000000.0,27757009.34579439,name_match,eram,,35.728986740112305,51.29094886779785,5.0,tehran_district
D21-01846,Jeyhoon,122,2,1,1,1,3900000000.0,31967213.1147541,name_match,jeyhoun,,35.68763732910156,51.36460494995117,10.0,tehran_district
D21-01847,Shahrake Gharb,195,3,1,1,1,19500000000.0,100000000.0,name_match,shahrak-e-gharb,,35.76015853881836,51.371429443359375,2.0,tehran_district
D21-01848,Shahr-e-Ziba,98,2,1,1,1,3200000000.0,32653061.224489797,name_match,shahr-e-ziba,,35.7481575012207,51.291460037231445,5.0,tehran_district
D21-01849,Pardis,105,2,1,1,1,700000000.0,6666666.666666667,author_assigned,,pardis-city,,,,satellite_town
D21-01850,Pardis,98,2,1,1,1,770000000.0,7857142.857142857,author_assigned,,pardis-city,,,,satellite_town
D21-01851,Gheitarieh,200,3,1,1,1,16000000000.0,80000000.0,author_assigned,qeytariyeh,,35.79129219055176,51.4472541809082,1.0,tehran_district
D21-01852,Elahieh,400,4,1,1,1,63000000000.0,157500000.0,name_match,elahiyeh,,35.79115676879883,51.426809310913086,1.0,tehran_district
D21-01853,Ekhtiarieh,110,2,1,1,1,8300000000.0,75454545.45454545,name_match,ekhtiyariyeh,,35.78642272949219,51.459720611572266,3.0,tehran_district
D21-01854,Ostad Moein,95,2,1,1,1,2950000000.0,31052631.57894737,name_match,ostad-moein,,35.693721771240234,51.34459686279297,9.0,tehran_district
D21-01855,Southern Program Organization,60,1,1,1,1,2400000000.0,40000000.0,author_assigned,sazamn-barnameh,,35.72991752624512,51.30108451843262,5.0,tehran_district
D21-01856,Parand,76,2,0,0,0,345000000.0,4539473.684210527,author_assigned,,parand-city,,,,satellite_town
D21-01857,Gheitarieh,222,3,1,1,1,19800000000.0,89189189.1891892,author_assigned,qeytariyeh,,35.79129219055176,51.4472541809082,1.0,tehran_district
D21-01858,Punak,120,2,1,1,1,6000000000.0,50000000.0,author_assigned,poonak,,35.76210975646973,51.33013343811035,5.0,tehran_district
D21-01859,Ekhtiarieh,90,2,1,1,1,6000000000.0,66666666.666666664,name_match,ekhtiyariyeh,,35.78642272949219,51.459720611572266,3.0,tehran_district
D21-01860,Kamranieh,270,3,1,1,1,26500000000.0,98148148.14814815,name_match,kamraniyeh,,35.806640625,51.46280670166016,1.0,tehran_district
D21-01861,Southern Program Organization,110,2,1,1,0,3580000000.0,32545454.545454547,author_assigned,sazamn-barnameh,,35.72991752624512,51.30108451843262,5.0,tehran_district
D21-01862,Shahrake Qods,84,2,1,1,1,982000000.0,11690476.19047619,author_assigned,,qods-city,,,,satellite_town
D21-01863,Shahrake Qods,76,2,1,1,1,870000000.0,11447368.421052631,author_assigned,,qods-city,,,,satellite_town
D21-01864,Parand,75,2,0,1,1,400000000.0,5333333.333333333,author_assigned,,parand-city,,,,satellite_town
D21-01865,Andisheh,170,4,1,1,1,3060000000.0,18000000.0,author_assigned,,andisheh-new-town,,,,satellite_town
D21-01866,Andisheh,92,2,0,1,0,930000000.0,10108695.652173912,author_assigned,,andisheh-new-town,,,,satellite_town
D21-01867,Parand,122,3,1,1,0,850000000.0,6967213.1147540985,author_assigned,,parand-city,,,,satellite_town
D21-01868,Ekhtiarieh,170,3,1,1,1,7800000000.0,45882352.941176474,name_match,ekhtiyariyeh,,35.78642272949219,51.459720611572266,3.0,tehran_district
D21-01869,Pasdaran,147,3,1,1,1,8350000000.0,56802721.088435374,name_match,pasdaran,,35.76714897155762,51.46321868896485,4.0,tehran_district
D21-01870,Jeyhoon,47,1,0,1,0,850000000.0,18085106.382978722,name_match,jeyhoun,,35.68763732910156,51.36460494995117,10.0,tehran_district
D21-01871,Pasdaran,100,2,1,1,1,6000000000.0,60000000.0,name_match,pasdaran,,35.76714897155762,51.46321868896485,4.0,tehran_district
D21-01872,Saadat Abad,180,3,1,1,1,13500000000.0,75000000.0,name_match,saadat-abad,,35.78205490112305,51.37488555908203,2.0,tehran_district
D21-01873,Northern Janatabad,90,2,1,1,1,3150000000.0,35000000.0,author_assigned,north-janat-abad,,35.770896911621094,51.30755615234375,5.0,tehran_district
D21-01874,Saadat Abad,180,3,1,1,1,13500000000.0,75000000.0,name_match,saadat-abad,,35.78205490112305,51.37488555908203,2.0,tehran_district
D21-01875,Shahr-e-Ziba,80,2,1,1,1,2550000000.0,31875000.0,name_match,shahr-e-ziba,,35.7481575012207,51.291460037231445,5.0,tehran_district
D21-01876,Pirouzi,59,1,1,0,1,1600000000.0,27118644.06779661,name_match,pirouzi,,35.692726135253906,51.48339080810547,13.0,tehran_district
D21-01877,Pardis,87,2,1,1,1,850000000.0,9770114.942528736,author_assigned,,pardis-city,,,,satellite_town
D21-01878,Ostad Moein,50,1,0,1,1,1000000000.0,20000000.0,name_match,ostad-moein,,35.693721771240234,51.34459686279297,9.0,tehran_district
D21-01879,Gheitarieh,123,3,1,1,1,7400000000.0,60162601.62601626,author_assigned,qeytariyeh,,35.79129219055176,51.4472541809082,1.0,tehran_district
D21-01880,Feiz Garden,56,1,1,1,1,2200000000.0,39285714.28571428,author_assigned,bagh-feyz,,35.744869232177734,51.32010269165039,5.0,tehran_district
D21-01881,Pardis,105,2,1,1,1,945000000.0,9000000.0,author_assigned,,pardis-city,,,,satellite_town
D21-01882,Azarbaijan,57,1,1,1,1,1750000000.0,30701754.38596491,name_match,azarbaijan,,35.698368072509766,51.36988830566406,10.0,tehran_district
D21-01883,Southern Janatabad,78,2,1,1,1,3500000000.0,44871794.87179487,author_assigned,south-janat-abad,,35.74760437011719,51.30598068237305,5.0,tehran_district
D21-01884,Southern Janatabad,92,2,1,1,1,3880000000.0,42173913.04347826,author_assigned,south-janat-abad,,35.74760437011719,51.30598068237305,5.0,tehran_district
D21-01885,Pardis,100,2,1,1,1,1050000000.0,10500000.0,author_assigned,,pardis-city,,,,satellite_town
D21-01886,Saadat Abad,152,3,1,1,1,9800000000.0,64473684.21052632,name_match,saadat-abad,,35.78205490112305,51.37488555908203,2.0,tehran_district
D21-01887,Shahrake Gharb,155,3,1,1,1,9000000000.0,58064516.12903226,name_match,shahrak-e-gharb,,35.76015853881836,51.371429443359375,2.0,tehran_district
D21-01888,Shahr-e-Ziba,115,3,1,1,1,3870000000.0,33652173.91304348,name_match,shahr-e-ziba,,35.7481575012207,51.291460037231445,5.0,tehran_district
D21-01889,Shahrake Gharb,145,3,1,1,1,11000000000.0,75862068.96551724,name_match,shahrak-e-gharb,,35.76015853881836,51.371429443359375,2.0,tehran_district
D21-01890,Yousef Abad,115,2,1,1,1,5400000000.0,46956521.73913044,name_match,yousef-abad,,35.734426498413086,51.405574798583984,6.0,tehran_district
D21-01891,Central Janatabad,60,1,1,1,0,2190000000.0,36500000.0,name_match,central-janat-abad,,35.75911331176758,51.30409622192383,5.0,tehran_district
D21-01892,Gheitarieh,160,3,1,1,1,10200000000.0,63750000.0,author_assigned,qeytariyeh,,35.79129219055176,51.4472541809082,1.0,tehran_district
D21-01893,North Program Organization,101,2,1,1,1,5150000000.0,50990099.00990099,author_assigned,sazamn-barnameh,,35.72991752624512,51.30108451843262,5.0,tehran_district
D21-01894,Southern Janatabad,98,2,1,1,1,3600000000.0,36734693.87755102,author_assigned,south-janat-abad,,35.74760437011719,51.30598068237305,5.0,tehran_district
D21-01895,Punak,92,2,1,1,1,3870000000.0,42065217.39130435,author_assigned,poonak,,35.76210975646973,51.33013343811035,5.0,tehran_district
D21-01896,Northern Janatabad,90,2,1,1,1,3880000000.0,43111111.11111111,author_assigned,north-janat-abad,,35.770896911621094,51.30755615234375,5.0,tehran_district
D21-01897,West Ferdows Boulevard,150,3,1,1,1,7200000000.0,48000000.0,author_assigned,kooy-e-ferdos,,35.72373008728027,51.3161506652832,5.0,tehran_district
D21-01898,Persian Gulf Martyrs Lake,106,2,1,1,1,2960000000.0,27924528.301886793,author_assigned,chitgar-lake,,35.749732971191406,51.210039138793945,22.0,tehran_district
D21-01899,Dehkade Olampic,135,3,1,1,1,4200000000.0,31111111.111111112,author_assigned,dehkade-olympic,,35.76129913330078,51.25746154785156,22.0,tehran_district
D21-01900,Pardis,105,2,1,1,1,890000000.0,8476190.476190476,author_assigned,,pardis-city,,,,satellite_town
D21-01901,West Ferdows Boulevard,209,3,1,1,1,13000000000.0,62200956.937799044,author_assigned,kooy-e-ferdos,,35.72373008728027,51.3161506652832,5.0,tehran_district
D21-01902,Tarasht,115,2,1,1,0,3600000000.0,31304347.826086957,name_match,tarasht,,35.70676803588867,51.342960357666016,2.0,tehran_district
D21-01903,Water Organization,110,2,1,1,0,3950000000.0,35909090.90909091,author_assigned,sazman-ab,,35.73834800720215,51.28927040100098,5.0,tehran_district
D21-01904,Northern Janatabad,90,2,0,1,1,3150000000.0,35000000.0,author_assigned,north-janat-abad,,35.770896911621094,51.30755615234375,5.0,tehran_district
D21-01905,Aqdasieh,190,3,1,1,1,24000000000.0,126315789.4736842,name_match,aghdasieh,,35.805532455444336,51.47702217102051,1.0,tehran_district
D21-01906,Punak,54,1,0,1,1,2000000000.0,37037037.03703704,author_assigned,poonak,,35.76210975646973,51.33013343811035,5.0,tehran_district
D21-01907,Gheitarieh,133,3,1,1,1,13300000000.0,100000000.0,author_assigned,qeytariyeh,,35.79129219055176,51.4472541809082,1.0,tehran_district
D21-01908,Ajudaniye,200,3,1,1,1,27000000000.0,135000000.0,name_match,ajoodanieh,,35.80843162536621,51.48390769958496,1.0,tehran_district
D21-01909,Kamranieh,220,3,1,1,1,33600000000.0,152727272.72727272,name_match,kamraniyeh,,35.806640625,51.46280670166016,1.0,tehran_district
D21-01910,Gheitarieh,130,3,1,1,1,8700000000.0,66923076.92307692,author_assigned,qeytariyeh,,35.79129219055176,51.4472541809082,1.0,tehran_district
D21-01911,Azadshahr,123,3,1,1,0,3450000000.0,28048780.48780488,name_match,azad-shahr,,35.753475189208984,51.17460060119629,22.0,tehran_district
D21-01912,Dehkade Olampic,105,2,1,1,1,4100000000.0,39047619.047619045,author_assigned,dehkade-olympic,,35.76129913330078,51.25746154785156,22.0,tehran_district
D21-01913,Shahran,103,3,1,1,1,4128000000.0,40077669.902912624,author_assigned,north-shahran,,35.7661018371582,51.288944244384766,5.0,tehran_district
D21-01914,Pardis,105,2,1,1,1,710000000.0,6761904.761904762,author_assigned,,pardis-city,,,,satellite_town
D21-01915,Persian Gulf Martyrs Lake,161,3,1,1,1,6400000000.0,39751552.795031056,author_assigned,chitgar-lake,,35.749732971191406,51.210039138793945,22.0,tehran_district
D21-01916,Shahrake Qods,115,3,0,1,1,1600000000.0,13913043.47826087,author_assigned,,qods-city,,,,satellite_town
D21-01917,Azadshahr,85,2,0,0,0,3100000000.0,36470588.23529412,name_match,azad-shahr,,35.753475189208984,51.17460060119629,22.0,tehran_district
D21-01918,Shahran,50,2,1,1,0,1820000000.0,36400000.0,author_assigned,north-shahran,,35.7661018371582,51.288944244384766,5.0,tehran_district
D21-01919,Persian Gulf Martyrs Lake,160,3,1,1,1,6700000000.0,41875000.0,author_assigned,chitgar-lake,,35.749732971191406,51.210039138793945,22.0,tehran_district
D21-01920,Farmanieh,232,3,1,1,1,23000000000.0,99137931.03448276,name_match,farmaniyeh,,35.79709053039551,51.46924209594727,1.0,tehran_district
D21-01921,Shahr-e-Ziba,98,2,1,1,1,3220000000.0,32857142.85714286,name_match,shahr-e-ziba,,35.7481575012207,51.291460037231445,5.0,tehran_district
D21-01922,Shahran,117,2,1,1,1,3880000000.0,33162393.162393164,author_assigned,north-shahran,,35.7661018371582,51.288944244384766,5.0,tehran_district
D21-01923,West Ferdows Boulevard,77,2,1,1,1,3400000000.0,44155844.15584416,author_assigned,kooy-e-ferdos,,35.72373008728027,51.3161506652832,5.0,tehran_district
D21-01924,Yousef Abad,100,2,1,1,0,3950000000.0,39500000.0,name_match,yousef-abad,,35.734426498413086,51.405574798583984,6.0,tehran_district
D21-01925,Northern Janatabad,85,2,1,1,0,2950000000.0,34705882.35294118,author_assigned,north-janat-abad,,35.770896911621094,51.30755615234375,5.0,tehran_district
D21-01926,Farmanieh,145,3,1,1,1,11000000000.0,75862068.96551724,name_match,farmaniyeh,,35.79709053039551,51.46924209594727,1.0,tehran_district
D21-01927,Hakimiyeh,127,3,1,1,1,4480000000.0,35275590.5511811,name_match,hakimiyeh,,35.738651275634766,51.591064453125,4.0,tehran_district
D21-01928,Shahran,79,2,1,1,1,2950000000.0,37341772.151898734,author_assigned,north-shahran,,35.7661018371582,51.288944244384766,5.0,tehran_district
D21-01929,Gheitarieh,120,2,1,1,1,11000000000.0,91666666.66666667,author_assigned,qeytariyeh,,35.79129219055176,51.4472541809082,1.0,tehran_district
D21-01930,Niavaran,173,3,1,1,1,11000000000.0,63583815.02890173,name_match,niavaran,,35.81520462036133,51.4692611694336,1.0,tehran_district
D21-01931,Farmanieh,195,3,1,1,1,17280000000.0,88615384.61538461,name_match,farmaniyeh,,35.79709053039551,51.46924209594727,1.0,tehran_district
D21-01932,West Ferdows Boulevard,66,2,1,1,1,2270000000.0,34393939.39393939,author_assigned,kooy-e-ferdos,,35.72373008728027,51.3161506652832,5.0,tehran_district
D21-01933,Gheitarieh,100,2,1,1,1,8000000000.0,80000000.0,author_assigned,qeytariyeh,,35.79129219055176,51.4472541809082,1.0,tehran_district
D21-01934,Gheitarieh,140,3,1,1,1,11150000000.0,79642857.14285715,author_assigned,qeytariyeh,,35.79129219055176,51.4472541809082,1.0,tehran_district
D21-01935,Atabak,93,2,1,1,1,1300000000.0,13978494.623655913,name_match,atabak,,35.65052032470703,51.46204376220703,15.0,tehran_district
D21-01936,Yousef Abad,80,2,1,1,1,4250000000.0,53125000.0,name_match,yousef-abad,,35.734426498413086,51.405574798583984,6.0,tehran_district
D21-01937,Shahran,119,2,1,1,1,5400000000.0,45378151.2605042,author_assigned,north-shahran,,35.7661018371582,51.288944244384766,5.0,tehran_district
D21-01938,Ekhtiarieh,100,2,1,1,1,6500000000.0,65000000.0,name_match,ekhtiyariyeh,,35.78642272949219,51.459720611572266,3.0,tehran_district
D21-01939,Shahran,115,2,1,1,1,3840000000.0,33391304.347826086,author_assigned,north-shahran,,35.7661018371582,51.288944244384766,5.0,tehran_district
D21-01940,Ekhtiarieh,52,1,1,1,1,3700000000.0,71153846.15384616,name_match,ekhtiyariyeh,,35.78642272949219,51.459720611572266,3.0,tehran_district
D21-01941,Persian Gulf Martyrs Lake,136,3,1,1,1,1360000000.0,10000000.0,author_assigned,chitgar-lake,,35.749732971191406,51.210039138793945,22.0,tehran_district
D21-01942,Shahran,95,2,1,1,1,5000000000.0,52631578.94736842,author_assigned,north-shahran,,35.7661018371582,51.288944244384766,5.0,tehran_district
D21-01943,Shahran,83,3,1,1,1,3100000000.0,37349397.590361446,author_assigned,north-shahran,,35.7661018371582,51.288944244384766,5.0,tehran_district
D21-01944,Shahrake Qods,100,2,1,1,1,1700000000.0,17000000.0,author_assigned,,qods-city,,,,satellite_town
D21-01945,Shahran,70,2,1,1,0,2550000000.0,36428571.428571425,author_assigned,north-shahran,,35.7661018371582,51.288944244384766,5.0,tehran_district
D21-01946,Shahran,73,2,1,1,0,2580000000.0,35342465.75342466,author_assigned,north-shahran,,35.7661018371582,51.288944244384766,5.0,tehran_district
D21-01947,Shahr-e-Ziba,70,2,1,1,1,2000000000.0,28571428.57142857,name_match,shahr-e-ziba,,35.7481575012207,51.291460037231445,5.0,tehran_district
D21-01948,Pardis,105,2,1,1,1,500000000.0,4761904.761904762,author_assigned,,pardis-city,,,,satellite_town
D21-01949,Shahr-e-Ziba,69,2,1,1,1,2050000000.0,29710144.92753623,name_match,shahr-e-ziba,,35.7481575012207,51.291460037231445,5.0,tehran_district
D21-01950,Pardis,87,2,1,1,1,530000000.0,6091954.022988506,author_assigned,,pardis-city,,,,satellite_town
D21-01951,Pardis,66,1,1,1,1,720000000.0,10909090.909090908,author_assigned,,pardis-city,,,,satellite_town
D21-01952,Pardis,98,2,1,1,1,1000000000.0,10204081.632653061,author_assigned,,pardis-city,,,,satellite_town
D21-01953,Shahr-e-Ziba,64,2,1,1,1,1980000000.0,30937500.0,name_match,shahr-e-ziba,,35.7481575012207,51.291460037231445,5.0,tehran_district
D21-01954,Shahr-e-Ziba,65,2,1,1,1,2000000000.0,30769230.769230768,name_match,shahr-e-ziba,,35.7481575012207,51.291460037231445,5.0,tehran_district
D21-01955,Central Janatabad,85,2,1,1,1,3350000000.0,39411764.705882356,name_match,central-janat-abad,,35.75911331176758,51.30409622192383,5.0,tehran_district
D21-01956,Punak,85,2,1,1,1,4500000000.0,52941176.47058824,author_assigned,poonak,,35.76210975646973,51.33013343811035,5.0,tehran_district
D21-01957,Gheitarieh,93,2,1,1,1,5600000000.0,60215053.76344086,author_assigned,qeytariyeh,,35.79129219055176,51.4472541809082,1.0,tehran_district
D21-01958,Heravi,155,3,1,1,1,9000000000.0,58064516.12903226,name_match,heravi,,35.76724433898926,51.47656440734863,4.0,tehran_district
D21-01959,Absard,450,2,0,0,0,4500000000.0,10000000.0,author_assigned,,absard,,,,satellite_town
D21-01960,Shahrake Gharb,117,3,1,1,1,6800000000.0,58119658.11965812,name_match,shahrak-e-gharb,,35.76015853881836,51.371429443359375,2.0,tehran_district
D21-01961,Pakdasht,85,2,1,1,1,640000000.0,7529411.764705882,author_assigned,,pakdasht-city,,,,satellite_town
D21-01962,Damavand,500,4,1,1,0,20000000000.0,40000000.0,author_assigned,,damavand,,,,satellite_town
D21-01963,Damavand,900,3,1,1,0,8500000000.0,9444444.444444444,author_assigned,,damavand,,,,satellite_town
D21-01964,Persian Gulf Martyrs Lake,60,1,1,1,1,875000000.0,14583333.333333334,author_assigned,chitgar-lake,,35.749732971191406,51.210039138793945,22.0,tehran_district
D21-01965,Persian Gulf Martyrs Lake,60,1,1,1,1,870000000.0,14500000.0,author_assigned,chitgar-lake,,35.749732971191406,51.210039138793945,22.0,tehran_district
D21-01966,Sabalan,58,2,1,1,1,1200000000.0,20689655.172413792,name_match,sabalan,,35.723472595214844,51.463626861572266,8.0,tehran_district
D21-01967,Shahrake Qods,118,2,1,1,1,960000000.0,8135593.220338983,author_assigned,,qods-city,,,,satellite_town
D21-01968,Gheitarieh,98,2,1,1,1,8700000000.0,88775510.20408164,author_assigned,qeytariyeh,,35.79129219055176,51.4472541809082,1.0,tehran_district
D21-01969,Narmak,60,1,0,1,1,2100000000.0,35000000.0,name_match,narmak,,35.736019134521484,51.49953079223633,4.0,tehran_district
D21-01970,Gheitarieh,85,2,1,1,1,7400000000.0,87058823.52941176,author_assigned,qeytariyeh,,35.79129219055176,51.4472541809082,1.0,tehran_district
D21-01971,Heravi,110,2,1,1,1,5000000000.0,45454545.45454545,name_match,heravi,,35.76724433898926,51.47656440734863,4.0,tehran_district
D21-01972,Gheitarieh,190,3,1,1,1,12000000000.0,63157894.7368421,author_assigned,qeytariyeh,,35.79129219055176,51.4472541809082,1.0,tehran_district
D21-01973,Gheitarieh,235,3,1,1,1,24000000000.0,102127659.57446809,author_assigned,qeytariyeh,,35.79129219055176,51.4472541809082,1.0,tehran_district
D21-01974,Gheitarieh,150,3,1,1,1,14500000000.0,96666666.66666667,author_assigned,qeytariyeh,,35.79129219055176,51.4472541809082,1.0,tehran_district
D21-01975,Gheitarieh,197,3,1,1,1,13300000000.0,67512690.35532995,author_assigned,qeytariyeh,,35.79129219055176,51.4472541809082,1.0,tehran_district
D21-01976,Gheitarieh,153,2,1,1,1,13300000000.0,86928104.5751634,author_assigned,qeytariyeh,,35.79129219055176,51.4472541809082,1.0,tehran_district
D21-01977,Heravi,99,2,1,1,1,4900000000.0,49494949.4949495,name_match,heravi,,35.76724433898926,51.47656440734863,4.0,tehran_district
D21-01978,Gheitarieh,195,3,1,1,1,19900000000.0,102051282.05128205,author_assigned,qeytariyeh,,35.79129219055176,51.4472541809082,1.0,tehran_district
D21-01979,Gheitarieh,125,2,1,1,1,11600000000.0,92800000.0,author_assigned,qeytariyeh,,35.79129219055176,51.4472541809082,1.0,tehran_district
D21-01980,Gheitarieh,85,2,1,1,1,7300000000.0,85882352.94117647,author_assigned,qeytariyeh,,35.79129219055176,51.4472541809082,1.0,tehran_district
D21-01981,Heravi,103,2,1,1,1,6640000000.0,64466019.41747573,name_match,heravi,,35.76724433898926,51.47656440734863,4.0,tehran_district
D21-01982,Gheitarieh,235,3,1,1,1,25500000000.0,108510638.29787233,author_assigned,qeytariyeh,,35.79129219055176,51.4472541809082,1.0,tehran_district
D21-01983,Velenjak,107,2,1,1,1,13200000000.0,123364485.98130842,name_match,velenjak,,35.806060791015625,51.40216255187988,1.0,tehran_district
D21-01984,Gheitarieh,195,3,1,1,1,19500000000.0,100000000.0,author_assigned,qeytariyeh,,35.79129219055176,51.4472541809082,1.0,tehran_district
D21-01985,Gheitarieh,170,3,0,0,0,14500000000.0,85294117.64705883,author_assigned,qeytariyeh,,35.79129219055176,51.4472541809082,1.0,tehran_district
D21-01986,Gheitarieh,153,3,1,1,1,13000000000.0,84967320.26143791,author_assigned,qeytariyeh,,35.79129219055176,51.4472541809082,1.0,tehran_district
D21-01987,Pirouzi,90,2,1,1,1,2650000000.0,29444444.444444444,name_match,pirouzi,,35.692726135253906,51.48339080810547,13.0,tehran_district
D21-01988,Gheitarieh,88,2,1,1,1,7600000000.0,86363636.36363636,author_assigned,qeytariyeh,,35.79129219055176,51.4472541809082,1.0,tehran_district
D21-01989,Gheitarieh,100,2,1,1,1,8500000000.0,85000000.0,author_assigned,qeytariyeh,,35.79129219055176,51.4472541809082,1.0,tehran_district
D21-01990,Saadat Abad,100,2,1,1,1,6500000000.0,65000000.0,name_match,saadat-abad,,35.78205490112305,51.37488555908203,2.0,tehran_district
D21-01991,Araj,203,3,1,1,1,13800000000.0,67980295.56650247,name_match,araj,,35.79374313354492,51.48902893066406,1.0,tehran_district
D21-01992,Aqdasieh,200,3,1,1,1,13300000000.0,66500000.0,name_match,aghdasieh,,35.805532455444336,51.47702217102051,1.0,tehran_district
D21-01993,Araj,200,3,1,1,1,13700000000.0,68500000.0,name_match,araj,,35.79374313354492,51.48902893066406,1.0,tehran_district
D21-01994,Gheitarieh,116,3,1,1,1,8000000000.0,68965517.2413793,author_assigned,qeytariyeh,,35.79129219055176,51.4472541809082,1.0,tehran_district
D21-01995,Araj,202,3,0,0,0,13300000000.0,65841584.15841584,name_match,araj,,35.79374313354492,51.48902893066406,1.0,tehran_district
D21-01996,Aqdasieh,202,3,1,1,1,13200000000.0,65346534.653465346,name_match,aghdasieh,,35.805532455444336,51.47702217102051,1.0,tehran_district
D21-01997,Si Metri Ji,61,1,1,1,1,1318000000.0,21606557.37704918,author_assigned,jey,,35.67786407470703,51.35260581970215,9.0,tehran_district
D21-01998,Jeyhoon,70,2,1,1,1,1550000000.0,22142857.14285714,name_match,jeyhoun,,35.68763732910156,51.36460494995117,10.0,tehran_district
D21-01999,Beryanak,62,2,1,1,1,1400000000.0,22580645.16129032,name_match,beryanak,,35.67388916015625,51.37664222717285,10.0,tehran_district
D21-02000,Araj,200,3,1,1,1,13300000000.0,66500000.0,name_match,araj,,35.79374313354492,51.48902893066406,1.0,tehran_district
D21-02001,Ostad Moein,120,3,1,1,1,3950000000.0,32916666.666666668,name_match,ostad-moein,,35.693721771240234,51.34459686279297,9.0,tehran_district
D21-02002,Amirabad,87,2,1,1,1,4780000000.0,54942528.73563218,name_match,amir-abad,,35.735538482666016,51.39494323730469,6.0,tehran_district
D21-02003,Aqdasieh,200,3,1,1,1,13400000000.0,67000000.0,name_match,aghdasieh,,35.805532455444336,51.47702217102051,1.0,tehran_district
D21-02004,Parand,80,2,1,1,1,500000000.0,6250000.0,author_assigned,,parand-city,,,,satellite_town
D21-02005,Araj,202,3,0,0,0,13500000000.0,66831683.16831683,name_match,araj,,35.79374313354492,51.48902893066406,1.0,tehran_district
D21-02006,Ostad Moein,57,1,0,1,1,1320000000.0,23157894.736842107,name_match,ostad-moein,,35.693721771240234,51.34459686279297,9.0,tehran_district
D21-02007,Araj,202,3,1,1,1,13700000000.0,67821782.17821783,name_match,araj,,35.79374313354492,51.48902893066406,1.0,tehran_district
D21-02008,Pirouzi,84,2,1,1,1,2250000000.0,26785714.285714287,name_match,pirouzi,,35.692726135253906,51.48339080810547,13.0,tehran_district
D21-02009,Aqdasieh,202,3,1,1,1,14700000000.0,72772277.22772278,name_match,aghdasieh,,35.805532455444336,51.47702217102051,1.0,tehran_district
D21-02010,Saadat Abad,93,2,1,1,1,5600000000.0,60215053.76344086,name_match,saadat-abad,,35.78205490112305,51.37488555908203,2.0,tehran_district
D21-02011,Gheitarieh,85,2,1,1,1,8000000000.0,94117647.05882353,author_assigned,qeytariyeh,,35.79129219055176,51.4472541809082,1.0,tehran_district
D21-02012,Saadat Abad,100,2,1,1,1,7400000000.0,74000000.0,name_match,saadat-abad,,35.78205490112305,51.37488555908203,2.0,tehran_district
D21-02013,Aqdasieh,153,2,1,1,1,10500000000.0,68627450.98039216,name_match,aghdasieh,,35.805532455444336,51.47702217102051,1.0,tehran_district
D21-02014,Saadat Abad,122,3,1,1,1,8000000000.0,65573770.49180328,name_match,saadat-abad,,35.78205490112305,51.37488555908203,2.0,tehran_district
D21-02015,Aqdasieh,150,2,1,1,1,10500000000.0,70000000.0,name_match,aghdasieh,,35.805532455444336,51.47702217102051,1.0,tehran_district
D21-02016,Ostad Moein,56,2,1,1,1,1500000000.0,26785714.285714287,name_match,ostad-moein,,35.693721771240234,51.34459686279297,9.0,tehran_district
D21-02017,Araj,150,2,1,1,1,10500000000.0,70000000.0,name_match,araj,,35.79374313354492,51.48902893066406,1.0,tehran_district
D21-02018,Araj,202,3,1,1,1,14300000000.0,70792079.20792079,name_match,araj,,35.79374313354492,51.48902893066406,1.0,tehran_district
D21-02019,Aqdasieh,201,3,1,1,1,14200000000.0,70646766.16915423,name_match,aghdasieh,,35.805532455444336,51.47702217102051,1.0,tehran_district
D21-02020,Shahrake Qods,140,3,1,1,1,2590000000.0,18500000.0,author_assigned,,qods-city,,,,satellite_town
D21-02021,Aqdasieh,200,3,1,1,1,14000000000.0,70000000.0,name_match,aghdasieh,,35.805532455444336,51.47702217102051,1.0,tehran_district
D21-02022,Jeyhoon,67,2,1,1,0,1500000000.0,22388059.701492537,name_match,jeyhoun,,35.68763732910156,51.36460494995117,10.0,tehran_district
D21-02023,Gheitarieh,86,2,1,1,1,7200000000.0,83720930.23255815,author_assigned,qeytariyeh,,35.79129219055176,51.4472541809082,1.0,tehran_district
D21-02024,Ostad Moein,120,3,1,1,1,3950000000.0,32916666.666666668,name_match,ostad-moein,,35.693721771240234,51.34459686279297,9.0,tehran_district
D21-02025,Gheitarieh,84,2,1,1,1,7400000000.0,88095238.09523809,author_assigned,qeytariyeh,,35.79129219055176,51.4472541809082,1.0,tehran_district
D21-02026,Central Janatabad,86,2,1,1,1,3800000000.0,44186046.511627905,name_match,central-janat-abad,,35.75911331176758,51.30409622192383,5.0,tehran_district
D21-02027,Gheitarieh,85,2,1,1,1,7300000000.0,85882352.94117647,author_assigned,qeytariyeh,,35.79129219055176,51.4472541809082,1.0,tehran_district
D21-02028,Shahran,67,2,1,1,1,2300000000.0,34328358.20895522,author_assigned,north-shahran,,35.7661018371582,51.288944244384766,5.0,tehran_district
D21-02029,Northern Janatabad,90,2,1,1,1,4800000000.0,53333333.333333336,author_assigned,north-janat-abad,,35.770896911621094,51.30755615234375,5.0,tehran_district
D21-02030,Gheitarieh,83,2,1,1,1,7300000000.0,87951807.22891566,author_assigned,qeytariyeh,,35.79129219055176,51.4472541809082,1.0,tehran_district
D21-02031,Jeyhoon,70,2,1,1,1,1730000000.0,24714285.714285713,name_match,jeyhoun,,35.68763732910156,51.36460494995117,10.0,tehran_district
D21-02032,Shahrake Qods,88,2,1,1,1,1135200000.0,12900000.0,author_assigned,,qods-city,,,,satellite_town
D21-02033,Gheitarieh,167,3,1,1,1,11000000000.0,65868263.473053895,author_assigned,qeytariyeh,,35.79129219055176,51.4472541809082,1.0,tehran_district
D21-02034,Shahrake Qods,100,2,0,0,0,650000000.0,6500000.0,author_assigned,,qods-city,,,,satellite_town
D21-02035,Shahrake Qods,100,2,1,1,1,1000000000.0,10000000.0,author_assigned,,qods-city,,,,satellite_town
D21-02036,Southern Janatabad,60,2,1,1,1,2300000000.0,38333333.333333336,author_assigned,south-janat-abad,,35.74760437011719,51.30598068237305,5.0,tehran_district
D21-02037,Gheitarieh,155,3,1,1,1,11000000000.0,70967741.93548387,author_assigned,qeytariyeh,,35.79129219055176,51.4472541809082,1.0,tehran_district
D21-02038,Jeyhoon,76,2,1,1,1,1850000000.0,24342105.263157893,name_match,jeyhoun,,35.68763732910156,51.36460494995117,10.0,tehran_district
D21-02039,Shahrake Qods,90,2,1,1,1,900000000.0,10000000.0,author_assigned,,qods-city,,,,satellite_town
D21-02040,Shahrake Qods,65,1,1,1,1,535000000.0,8230769.230769231,author_assigned,,qods-city,,,,satellite_town
D21-02041,Shahrake Qods,80,2,1,1,1,680000000.0,8500000.0,author_assigned,,qods-city,,,,satellite_town
D21-02042,Gheitarieh,135,2,1,1,1,8700000000.0,64444444.44444445,author_assigned,qeytariyeh,,35.79129219055176,51.4472541809082,1.0,tehran_district
D21-02043,Shahrake Qods,94,2,1,1,1,950000000.0,10106382.978723405,author_assigned,,qods-city,,,,satellite_town
D21-02044,Gheitarieh,110,2,1,1,1,8200000000.0,74545454.54545455,author_assigned,qeytariyeh,,35.79129219055176,51.4472541809082,1.0,tehran_district
D21-02045,Farmanieh,115,3,1,1,1,6900000000.0,60000000.0,name_match,farmaniyeh,,35.79709053039551,51.46924209594727,1.0,tehran_district
D21-02046,Gheitarieh,170,3,1,1,1,11200000000.0,65882352.941176474,author_assigned,qeytariyeh,,35.79129219055176,51.4472541809082,1.0,tehran_district
D21-02047,Farmanieh,115,3,0,1,1,6900000000.0,60000000.0,name_match,farmaniyeh,,35.79709053039551,51.46924209594727,1.0,tehran_district
D21-02048,Damavand,60,1,0,0,0,900000000.0,15000000.0,author_assigned,,damavand,,,,satellite_town
D21-02049,Saadat Abad,105,2,1,1,1,5800000000.0,55238095.23809524,name_match,saadat-abad,,35.78205490112305,51.37488555908203,2.0,tehran_district
D21-02050,Salsabil,61,2,0,1,0,1040000000.0,17049180.327868853,author_assigned,sarsabil,,35.68894577026367,51.37411117553711,10.0,tehran_district
D21-02051,Saadat Abad,100,2,1,1,1,6000000000.0,60000000.0,name_match,saadat-abad,,35.78205490112305,51.37488555908203,2.0,tehran_district
D21-02052,Jeyhoon,145,3,1,1,1,4600000000.0,31724137.931034483,name_match,jeyhoun,,35.68763732910156,51.36460494995117,10.0,tehran_district
D21-02053,Pardis,87,2,1,1,1,479000000.0,5505747.126436782,author_assigned,,pardis-city,,,,satellite_town
D21-02054,Pardis,87,2,1,1,1,496000000.0,5701149.425287357,author_assigned,,pardis-city,,,,satellite_town
D21-02055,Shahrake Gharb,115,3,1,1,1,6500000000.0,56521739.13043478,name_match,shahrak-e-gharb,,35.76015853881836,51.371429443359375,2.0,tehran_district
D21-02056,Pardis,85,2,1,1,1,690000000.0,8117647.05882353,author_assigned,,pardis-city,,,,satellite_town
D21-02057,Punak,67,2,1,1,0,2280000000.0,34029850.74626866,author_assigned,poonak,,35.76210975646973,51.33013343811035,5.0,tehran_district
D21-02058,Shahran,94,2,1,1,1,2280000000.0,24255319.14893617,author_assigned,north-shahran,,35.7661018371582,51.288944244384766,5.0,tehran_district
D21-02059,Shahran,90,2,1,1,1,3200000000.0,35555555.55555555,author_assigned,north-shahran,,35.7661018371582,51.288944244384766,5.0,tehran_district
D21-02060,Pardis,86,2,1,1,1,890000000.0,10348837.209302325,author_assigned,,pardis-city,,,,satellite_town
D21-02061,West Ferdows Boulevard,60,2,1,1,1,2650000000.0,44166666.666666664,author_assigned,kooy-e-ferdos,,35.72373008728027,51.3161506652832,5.0,tehran_district
D21-02062,Shahrake Gharb,58,1,1,1,1,3400000000.0,58620689.655172415,name_match,shahrak-e-gharb,,35.76015853881836,51.371429443359375,2.0,tehran_district
D21-02063,Shahr-e-Ziba,76,2,1,1,1,2850000000.0,37500000.0,name_match,shahr-e-ziba,,35.7481575012207,51.291460037231445,5.0,tehran_district
D21-02064,Southern Program Organization,57,1,1,1,1,2400000000.0,42105263.15789474,author_assigned,sazamn-barnameh,,35.72991752624512,51.30108451843262,5.0,tehran_district
D21-02065,West Ferdows Boulevard,81,2,1,1,1,3300000000.0,40740740.74074074,author_assigned,kooy-e-ferdos,,35.72373008728027,51.3161506652832,5.0,tehran_district
D21-02066,West Ferdows Boulevard,112,3,1,1,1,3600000000.0,32142857.14285714,author_assigned,kooy-e-ferdos,,35.72373008728027,51.3161506652832,5.0,tehran_district
D21-02067,Shahran,75,2,1,1,1,3500000000.0,46666666.666666664,author_assigned,north-shahran,,35.7661018371582,51.288944244384766,5.0,tehran_district
D21-02068,Punak,153,3,1,1,1,7500000000.0,49019607.84313726,author_assigned,poonak,,35.76210975646973,51.33013343811035,5.0,tehran_district
D21-02069,Shahrake Gharb,95,2,1,1,1,5100000000.0,53684210.526315786,name_match,shahrak-e-gharb,,35.76015853881836,51.371429443359375,2.0,tehran_district
D21-02070,Shahrake Gharb,101,2,1,1,1,6565000000.0,65000000.0,name_match,shahrak-e-gharb,,35.76015853881836,51.371429443359375,2.0,tehran_district
D21-02071,Pakdasht,40,0,0,0,0,165000000.0,4125000.0,author_assigned,,pakdasht-city,,,,satellite_town
D21-02072,Railway,88,2,1,1,1,2860000000.0,32500000.0,unlinked,,,,,,unlocated
D21-02073,Persian Gulf Martyrs Lake,141,3,1,1,1,3810000000.0,27021276.59574468,author_assigned,chitgar-lake,,35.749732971191406,51.210039138793945,22.0,tehran_district
D21-02074,Persian Gulf Martyrs Lake,140,3,1,1,1,1790000000.0,12785714.285714285,author_assigned,chitgar-lake,,35.749732971191406,51.210039138793945,22.0,tehran_district
D21-02075,Persian Gulf Martyrs Lake,120,2,1,1,1,1530000000.0,12750000.0,author_assigned,chitgar-lake,,35.749732971191406,51.210039138793945,22.0,tehran_district
D21-02076,Beryanak,66,2,0,1,0,1000000000.0,15151515.151515152,name_match,beryanak,,35.67388916015625,51.37664222717285,10.0,tehran_district
D21-02077,Punak,70,2,1,1,1,3500000000.0,50000000.0,author_assigned,poonak,,35.76210975646973,51.33013343811035,5.0,tehran_district
D21-02078,Heshmatieh,75,2,1,0,1,3000000000.0,40000000.0,author_assigned,heshamatiyeh,,35.726993560791016,51.45331573486328,7.0,tehran_district
D21-02079,Elm-o-Sanat,70,2,0,1,1,1800000000.0,25714285.714285713,name_match,elm-o-sanat,,35.741071701049805,51.51243209838867,4.0,tehran_district
D21-02080,Saadat Abad,150,3,1,1,1,20000000000.0,133333333.33333333,name_match,saadat-abad,,35.78205490112305,51.37488555908203,2.0,tehran_district
D21-02081,Golestan,95,2,1,1,1,950000000.0,10000000.0,author_assigned,,golestan-baharestan,,,,satellite_town
D21-02082,Jeyhoon,65,2,1,1,0,1450000000.0,22307692.307692308,name_match,jeyhoun,,35.68763732910156,51.36460494995117,10.0,tehran_district
D21-02083,Parand,88,3,0,1,1,475000000.0,5397727.2727272725,author_assigned,,parand-city,,,,satellite_town
D21-02084,Gheitarieh,113,3,1,1,0,6000000000.0,53097345.132743366,author_assigned,qeytariyeh,,35.79129219055176,51.4472541809082,1.0,tehran_district
D21-02085,Shahrake Qods,50,1,1,1,0,360000000.0,7200000.0,author_assigned,,qods-city,,,,satellite_town
D21-02086,Ostad Moein,45,1,0,0,1,1200000000.0,26666666.666666668,name_match,ostad-moein,,35.693721771240234,51.34459686279297,9.0,tehran_district
D21-02087,Narmak,53,1,0,1,1,1350000000.0,25471698.11320755,name_match,narmak,,35.736019134521484,51.49953079223633,4.0,tehran_district
D21-02088,Andisheh,100,2,1,1,1,1800000000.0,18000000.0,author_assigned,,andisheh-new-town,,,,satellite_town
D21-02089,Shahryar,50,1,1,1,0,500000000.0,10000000.0,author_assigned,,shahriar-city,,,,satellite_town
D21-02090,Nasim Shahr,43,0,0,1,0,360000000.0,8372093.023255814,author_assigned,,nasimshahr,,,,satellite_town
D21-02091,Baghestan,85,2,1,1,0,765000000.0,9000000.0,unlinked,,,,,,unlocated
D21-02092,North Program Organization,134,3,1,1,1,6400000000.0,47761194.02985074,author_assigned,sazamn-barnameh,,35.72991752624512,51.30108451843262,5.0,tehran_district
D21-02093,Shahr-e-Ziba,90,2,1,1,1,3000000000.0,33333333.333333332,name_match,shahr-e-ziba,,35.7481575012207,51.291460037231445,5.0,tehran_district
D21-02094,Shahrake Qods,90,2,1,1,1,1260000000.0,14000000.0,author_assigned,,qods-city,,,,satellite_town
D21-02095,SabaShahr,135,2,1,1,0,2200000000.0,16296296.296296297,author_assigned,,sabashahr,,,,satellite_town
D21-02096,Railway,130,3,1,1,1,5850000000.0,45000000.0,unlinked,,,,,,unlocated
D21-02097,Andisheh,55,1,1,1,0,550000000.0,10000000.0,author_assigned,,andisheh-new-town,,,,satellite_town
D21-02098,Dehkade Olampic,200,5,0,0,0,12000000000.0,60000000.0,author_assigned,dehkade-olympic,,35.76129913330078,51.25746154785156,22.0,tehran_district
D21-02099,Shahrake Madaen,107,2,1,1,1,800000000.0,7476635.514018691,unlinked,,,,,,unlocated
D21-02100,Pakdasht,150,2,1,1,1,1270000000.0,8466666.666666666,author_assigned,,pakdasht-city,,,,satellite_town
D21-02101,Ostad Moein,56,1,0,1,0,1200000000.0,21428571.42857143,name_match,ostad-moein,,35.693721771240234,51.34459686279297,9.0,tehran_district
D21-02102,Azadshahr,160,3,1,1,0,4500000000.0,28125000.0,name_match,azad-shahr,,35.753475189208984,51.17460060119629,22.0,tehran_district
D21-02103,Salsabil,138,3,1,1,1,3584000000.0,25971014.492753625,author_assigned,sarsabil,,35.68894577026367,51.37411117553711,10.0,tehran_district
D21-02104,Tehransar,125,3,1,1,1,3750000000.0,30000000.0,name_match,tehransar,,35.69601821899414,51.2551383972168,21.0,tehran_district
D21-02105,Shahr-e-Ziba,83,2,1,1,1,2510000000.0,30240963.85542169,name_match,shahr-e-ziba,,35.7481575012207,51.291460037231445,5.0,tehran_district
D21-02106,Railway,131,3,1,1,1,5850000000.0,44656488.54961832,unlinked,,,,,,unlocated
D21-02107,Central Janatabad,115,2,1,1,1,4870000000.0,42347826.08695652,name_match,central-janat-abad,,35.75911331176758,51.30409622192383,5.0,tehran_district
D21-02108,Andisheh,50,1,1,1,0,650000000.0,13000000.0,author_assigned,,andisheh-new-town,,,,satellite_town
D21-02109,West Ferdows Boulevard,91,2,1,1,1,3600000000.0,39560439.56043956,author_assigned,kooy-e-ferdos,,35.72373008728027,51.3161506652832,5.0,tehran_district
D21-02110,Central Janatabad,80,2,1,1,1,3395000000.0,42437500.0,name_match,central-janat-abad,,35.75911331176758,51.30409622192383,5.0,tehran_district
D21-02111,Qasr-od-Dasht,40,1,0,1,0,720000000.0,18000000.0,unlinked,,,,,,unlocated
D21-02112,Shahr-e-Ziba,68,2,1,1,1,2150000000.0,31617647.05882353,name_match,shahr-e-ziba,,35.7481575012207,51.291460037231445,5.0,tehran_district
D21-02113,Shahran,110,2,1,1,1,3920000000.0,35636363.63636363,author_assigned,north-shahran,,35.7661018371582,51.288944244384766,5.0,tehran_district
D21-02114,Beryanak,50,1,1,1,0,830000000.0,16600000.0,name_match,beryanak,,35.67388916015625,51.37664222717285,10.0,tehran_district
D21-02115,Shahr-e-Ziba,110,2,1,1,1,5550000000.0,50454545.45454545,name_match,shahr-e-ziba,,35.7481575012207,51.291460037231445,5.0,tehran_district
D21-02116,Shahr-e-Ziba,95,2,1,1,1,2920000000.0,30736842.10526316,name_match,shahr-e-ziba,,35.7481575012207,51.291460037231445,5.0,tehran_district
D21-02117,Southern Janatabad,65,2,1,1,1,2250000000.0,34615384.615384616,author_assigned,south-janat-abad,,35.74760437011719,51.30598068237305,5.0,tehran_district
D21-02118,Persian Gulf Martyrs Lake,108,2,1,1,1,3024000000.0,28000000.0,author_assigned,chitgar-lake,,35.749732971191406,51.210039138793945,22.0,tehran_district
D21-02119,Beryanak,62,2,0,1,0,930000000.0,15000000.0,name_match,beryanak,,35.67388916015625,51.37664222717285,10.0,tehran_district
D21-02120,Hashemi,37,1,0,1,1,830000000.0,22432432.43243243,name_match,hashemi,,35.68504333496094,51.360145568847656,10.0,tehran_district
D21-02121,West Ferdows Boulevard,105,2,1,1,1,3650000000.0,34761904.76190476,author_assigned,kooy-e-ferdos,,35.72373008728027,51.3161506652832,5.0,tehran_district
D21-02122,Salsabil,41,1,0,1,0,770000000.0,18780487.80487805,author_assigned,sarsabil,,35.68894577026367,51.37411117553711,10.0,tehran_district
D21-02123,Shahrakeh Naft,85,2,1,1,1,4600000000.0,54117647.058823526,author_assigned,shahrak-naft,,35.80707359313965,51.50653076171875,1.0,tehran_district
D21-02124,Shahrake Gharb,150,3,1,1,1,12350000000.0,82333333.33333333,name_match,shahrak-e-gharb,,35.76015853881836,51.371429443359375,2.0,tehran_district
D21-02125,East Ferdows Boulevard,83,2,1,1,1,2800000000.0,33734939.759036146,author_assigned,kooy-e-ferdos,,35.72373008728027,51.3161506652832,5.0,tehran_district
D21-02126,Valiasr,174,3,1,1,1,10000000000.0,57471264.36781609,name_match,valiasr,,35.70859146118164,51.40704727172852,6.0,tehran_district
D21-02127,Yousef Abad,105,3,1,1,1,4725000000.0,45000000.0,name_match,yousef-abad,,35.734426498413086,51.405574798583984,6.0,tehran_district
D21-02128,Waterfall,57,2,0,0,1,1265000000.0,22192982.45614035,author_assigned,abshar,,35.67765998840332,51.44130516052246,12.0,tehran_district
D21-02129,Sadeghieh,200,3,1,1,1,7000000000.0,35000000.0,name_match,sadeghiyeh,,35.72065734863281,51.34082221984863,2.0,tehran_district
D21-02130,Baghestan,75,2,0,0,0,600000000.0,8000000.0,unlinked,,,,,,unlocated
D21-02131,Pardis,87,2,0,0,0,900000000.0,10344827.586206896,author_assigned,,pardis-city,,,,satellite_town
D21-02132,Qasr-od-Dasht,63,2,0,1,0,1260000000.0,20000000.0,unlinked,,,,,,unlocated
D21-02133,Central Janatabad,64,2,1,1,1,2240000000.0,35000000.0,name_match,central-janat-abad,,35.75911331176758,51.30409622192383,5.0,tehran_district
D21-02134,Ostad Moein,65,2,0,0,0,1200000000.0,18461538.46153846,name_match,ostad-moein,,35.693721771240234,51.34459686279297,9.0,tehran_district
D21-02135,Pardis,87,2,1,1,1,650000000.0,7471264.3678160915,author_assigned,,pardis-city,,,,satellite_town
D21-02136,Shahryar,44,1,0,1,0,570000000.0,12954545.454545455,author_assigned,,shahriar-city,,,,satellite_town
D21-02137,Pakdasht,85,2,0,0,0,355000000.0,4176470.588235294,author_assigned,,pakdasht-city,,,,satellite_town
D21-02138,Ahang,43,1,0,1,0,800000000.0,18604651.162790697,name_match,ahang,,35.66365432739258,51.47688102722169,14.0,tehran_district
D21-02139,Sattarkhan,118,3,1,1,1,4900000000.0,41525423.72881356,name_match,sattarkhan,,35.72103309631348,51.35769271850586,2.0,tehran_district
D21-02140,Shahran,92,2,1,1,1,2700000000.0,29347826.086956523,author_assigned,north-shahran,,35.7661018371582,51.288944244384766,5.0,tehran_district
D21-02141,Sattarkhan,124,3,1,1,1,3400000000.0,27419354.83870968,name_match,sattarkhan,,35.72103309631348,51.35769271850586,2.0,tehran_district
D21-02142,Jeyhoon,56,1,0,1,0,950000000.0,16964285.714285713,name_match,jeyhoun,,35.68763732910156,51.36460494995117,10.0,tehran_district
D21-02143,Pirouzi,40,1,0,1,0,870000000.0,21750000.0,name_match,pirouzi,,35.692726135253906,51.48339080810547,13.0,tehran_district
D21-02144,West Ferdows Boulevard,92,2,1,1,1,2970000000.0,32282608.695652176,author_assigned,kooy-e-ferdos,,35.72373008728027,51.3161506652832,5.0,tehran_district
D21-02145,Central Janatabad,86,2,1,1,1,3330000000.0,38720930.23255814,name_match,central-janat-abad,,35.75911331176758,51.30409622192383,5.0,tehran_district
D21-02146,Shahran,51,2,1,1,0,1850000000.0,36274509.803921565,author_assigned,north-shahran,,35.7661018371582,51.288944244384766,5.0,tehran_district
D21-02147,Baghestan,70,1,0,0,0,560000000.0,8000000.0,unlinked,,,,,,unlocated
D21-02148,Shahrake Qods,85,2,1,1,1,1062000000.0,12494117.647058824,author_assigned,,qods-city,,,,satellite_town
D21-02149,Ostad Moein,51,1,0,1,0,900000000.0,17647058.82352941,name_match,ostad-moein,,35.693721771240234,51.34459686279297,9.0,tehran_district
D21-02150,Ray,131,2,1,1,1,3400000000.0,25954198.47328244,author_assigned,,,,,20.0,tehran_district
D21-02151,Komeil,48,1,0,1,0,820000000.0,17083333.333333332,unlinked,,,,,,unlocated
D21-02152,Andisheh,84,2,1,1,0,773000000.0,9202380.952380951,author_assigned,,andisheh-new-town,,,,satellite_town
D21-02153,Hashemi,95,2,1,1,1,2350000000.0,24736842.10526316,name_match,hashemi,,35.68504333496094,51.360145568847656,10.0,tehran_district
D21-02154,Eskandari,74,2,1,1,1,2960000000.0,40000000.0,name_match,eskandari,,35.687496185302734,51.38174819946289,11.0,tehran_district
D21-02155,East Ferdows Boulevard,68,2,1,1,1,2500000000.0,36764705.88235294,author_assigned,kooy-e-ferdos,,35.72373008728027,51.3161506652832,5.0,tehran_district
D21-02156,Persian Gulf Martyrs Lake,240,4,1,1,1,4800000000.0,20000000.0,author_assigned,chitgar-lake,,35.749732971191406,51.210039138793945,22.0,tehran_district
D21-02157,Qasr-od-Dasht,44,1,0,1,0,770000000.0,17500000.0,unlinked,,,,,,unlocated
D21-02158,Shahran,82,2,1,1,1,2850000000.0,34756097.56097561,author_assigned,north-shahran,,35.7661018371582,51.288944244384766,5.0,tehran_district
D21-02159,Salsabil,44,1,1,1,0,1050000000.0,23863636.363636363,author_assigned,sarsabil,,35.68894577026367,51.37411117553711,10.0,tehran_district
D21-02160,Pirouzi,42,1,0,1,0,960000000.0,22857142.85714286,name_match,pirouzi,,35.692726135253906,51.48339080810547,13.0,tehran_district
D21-02161,Aqdasieh,63,1,1,1,1,4000000000.0,63492063.49206349,name_match,aghdasieh,,35.805532455444336,51.47702217102051,1.0,tehran_district
D21-02162,Salehabad,110,2,0,1,1,750000000.0,6818181.818181818,unlinked,,,,,,unlocated
D21-02163,Niavaran,235,3,1,1,1,31000000000.0,131914893.61702128,name_match,niavaran,,35.81520462036133,51.4692611694336,1.0,tehran_district
D21-02164,Absard,500,2,1,1,0,3100000000.0,6200000.0,author_assigned,,absard,,,,satellite_town
D21-02165,Feiz Garden,57,1,1,1,0,1930000000.0,33859649.12280702,author_assigned,bagh-feyz,,35.744869232177734,51.32010269165039,5.0,tehran_district
D21-02166,Pakdasht,170,3,1,1,1,1280000000.0,7529411.764705882,author_assigned,,pakdasht-city,,,,satellite_town
D21-02167,Golestan,115,2,1,1,0,2050000000.0,17826086.95652174,author_assigned,,golestan-baharestan,,,,satellite_town
D21-02168,Southern Program Organization,68,2,1,1,1,2700000000.0,39705882.35294118,author_assigned,sazamn-barnameh,,35.72991752624512,51.30108451843262,5.0,tehran_district
D21-02169,Baghestan,62,1,0,1,1,620000000.0,10000000.0,unlinked,,,,,,unlocated
D21-02170,Shahr-e-Ziba,56,1,1,1,1,2200000000.0,39285714.28571428,name_match,shahr-e-ziba,,35.7481575012207,51.291460037231445,5.0,tehran_district
D21-02171,Shahran,75,2,1,1,1,3110000000.0,41466666.666666664,author_assigned,north-shahran,,35.7661018371582,51.288944244384766,5.0,tehran_district
D21-02172,Pasdaran,95,2,1,1,1,5850000000.0,61578947.368421055,name_match,pasdaran,,35.76714897155762,51.46321868896485,4.0,tehran_district
D21-02173,Zafar,144,3,1,1,1,10368000000.0,72000000.0,name_match,zafar,,35.76667404174805,51.43242645263672,3.0,tehran_district
D21-02174,Qarchak,50,1,0,0,1,380000000.0,7600000.0,author_assigned,,qarchak-city,,,,satellite_town
D21-02175,Sattarkhan,78,2,1,1,0,2100000000.0,26923076.923076924,name_match,sattarkhan,,35.72103309631348,51.35769271850586,2.0,tehran_district
D21-02176,Ray,95,2,1,0,1,2050000000.0,21578947.36842105,author_assigned,,,,,20.0,tehran_district
D21-02177,Ray,90,2,1,1,1,1800000000.0,20000000.0,author_assigned,,,,,20.0,tehran_district
D21-02178,Punak,95,2,1,1,1,4200000000.0,44210526.315789476,author_assigned,poonak,,35.76210975646973,51.33013343811035,5.0,tehran_district
D21-02179,Niavaran,350,4,1,1,1,72000000000.0,205714285.7142857,name_match,niavaran,,35.81520462036133,51.4692611694336,1.0,tehran_district
D21-02180,West Ferdows Boulevard,71,2,1,1,1,2330000000.0,32816901.408450704,author_assigned,kooy-e-ferdos,,35.72373008728027,51.3161506652832,5.0,tehran_district
D21-02181,Pishva,80,1,0,0,0,380000000.0,4750000.0,author_assigned,,pishva,,,,satellite_town
D21-02182,Ostad Moein,44,1,1,0,1,1000000000.0,22727272.727272727,name_match,ostad-moein,,35.693721771240234,51.34459686279297,9.0,tehran_district
D21-02183,Jeyhoon,46,1,1,1,1,1150000000.0,25000000.0,name_match,jeyhoun,,35.68763732910156,51.36460494995117,10.0,tehran_district
D21-02184,Sattarkhan,78,2,1,1,0,2010000000.0,25769230.769230768,name_match,sattarkhan,,35.72103309631348,51.35769271850586,2.0,tehran_district
D21-02185,Karoon,67,2,0,1,0,1070000000.0,15970149.253731344,unlinked,,,,,,unlocated
D21-02186,Andisheh,49,1,1,1,0,110000000.0,2244897.9591836734,author_assigned,,andisheh-new-town,,,,satellite_town
D21-02187,Andisheh,105,2,1,1,1,1200000000.0,11428571.42857143,author_assigned,,andisheh-new-town,,,,satellite_town
D21-02188,Beryanak,72,2,0,1,1,1290000000.0,17916666.666666668,name_match,beryanak,,35.67388916015625,51.37664222717285,10.0,tehran_district
D21-02189,Salsabil,65,2,0,1,1,1220000000.0,18769230.769230768,author_assigned,sarsabil,,35.68894577026367,51.37411117553711,10.0,tehran_district
D21-02190,West Pars,80,2,1,1,1,2160000000.0,27000000.0,author_assigned,west-tehranpars,,35.73899841308594,51.52931213378906,4.0,tehran_district
D21-02191,Jeyhoon,66,2,0,1,0,1187000000.0,17984848.484848484,name_match,jeyhoun,,35.68763732910156,51.36460494995117,10.0,tehran_district
D21-02192,Jeyhoon,58,2,0,1,0,1210000000.0,20862068.96551724,name_match,jeyhoun,,35.68763732910156,51.36460494995117,10.0,tehran_district
D21-02193,Salsabil,67,2,0,1,0,1215000000.0,18134328.358208954,author_assigned,sarsabil,,35.68894577026367,51.37411117553711,10.0,tehran_district
D21-02194,Andisheh,89,2,1,1,0,1068000000.0,12000000.0,author_assigned,,andisheh-new-town,,,,satellite_town
D21-02195,Beryanak,75,2,1,1,1,1450000000.0,19333333.333333332,name_match,beryanak,,35.67388916015625,51.37664222717285,10.0,tehran_district
D21-02196,Si Metri Ji,85,2,0,1,1,1440000000.0,16941176.470588237,author_assigned,jey,,35.67786407470703,51.35260581970215,9.0,tehran_district
D21-02197,Central Janatabad,94,2,1,1,1,4300000000.0,45744680.85106383,name_match,central-janat-abad,,35.75911331176758,51.30409622192383,5.0,tehran_district
D21-02198,Jeyhoon,67,2,1,1,0,1440000000.0,21492537.313432835,name_match,jeyhoun,,35.68763732910156,51.36460494995117,10.0,tehran_district
D21-02199,Shahrake Qods,60,1,0,1,1,920000000.0,15333333.333333334,author_assigned,,qods-city,,,,satellite_town
D21-02200,Beryanak,67,1,1,0,1,1415000000.0,21119402.98507463,name_match,beryanak,,35.67388916015625,51.37664222717285,10.0,tehran_district
D21-02201,Beryanak,65,2,0,0,1,1310000000.0,20153846.153846152,name_match,beryanak,,35.67388916015625,51.37664222717285,10.0,tehran_district
D21-02202,Beryanak,72,2,0,1,1,1300000000.0,18055555.555555556,name_match,beryanak,,35.67388916015625,51.37664222717285,10.0,tehran_district
D21-02203,Salsabil,62,2,1,1,1,1350000000.0,21774193.548387095,author_assigned,sarsabil,,35.68894577026367,51.37411117553711,10.0,tehran_district
D21-02204,Ostad Moein,37,1,0,1,1,999000000.0,27000000.0,name_match,ostad-moein,,35.693721771240234,51.34459686279297,9.0,tehran_district
D21-02205,Shahr-e-Ziba,105,3,1,1,1,3550000000.0,33809523.809523806,name_match,shahr-e-ziba,,35.7481575012207,51.291460037231445,5.0,tehran_district
D21-02206,Parand,78,2,0,0,1,417000000.0,5346153.846153846,author_assigned,,parand-city,,,,satellite_town
D21-02207,Baghestan,53,1,0,1,0,450000000.0,8490566.03773585,unlinked,,,,,,unlocated
D21-02208,Shahr-e-Ziba,80,2,0,1,1,2450000000.0,30625000.0,name_match,shahr-e-ziba,,35.7481575012207,51.291460037231445,5.0,tehran_district
D21-02209,Persian Gulf Martyrs Lake,88,2,1,1,1,2850000000.0,32386363.636363637,author_assigned,chitgar-lake,,35.749732971191406,51.210039138793945,22.0,tehran_district
D21-02210,Andisheh,39,1,0,1,0,370000000.0,9487179.487179488,author_assigned,,andisheh-new-town,,,,satellite_town
D21-02211,Jordan,128,2,1,1,1,6144000000.0,48000000.0,name_match,jordan,,35.76803779602051,51.41743850708008,3.0,tehran_district
D21-02212,Shahrake Shahid Bagheri,87,2,1,1,1,2450000000.0,28160919.540229887,author_assigned,shahrak-shahid-bagheri,,35.7615852355957,51.20418167114258,22.0,tehran_district
D21-02213,Beryanak,48,1,0,1,0,830000000.0,17291666.666666668,name_match,beryanak,,35.67388916015625,51.37664222717285,10.0,tehran_district
D21-02214,Pardis,86,2,1,1,1,500000000.0,5813953.488372093,author_assigned,,pardis-city,,,,satellite_town
D21-02215,Pardis,86,2,1,1,1,600000000.0,6976744.186046512,author_assigned,,pardis-city,,,,satellite_town
D21-02216,Punak,75,2,1,1,1,2300000000.0,30666666.666666668,author_assigned,poonak,,35.76210975646973,51.33013343811035,5.0,tehran_district
D21-02217,Jordan,110,3,1,1,1,6160000000.0,56000000.0,name_match,jordan,,35.76803779602051,51.41743850708008,3.0,tehran_district
D21-02218,Heravi,172,3,1,1,1,9300000000.0,54069767.44186047,name_match,heravi,,35.76724433898926,51.47656440734863,4.0,tehran_district
D21-02219,Yousef Abad,147,3,1,1,1,11600000000.0,78911564.62585033,name_match,yousef-abad,,35.734426498413086,51.405574798583984,6.0,tehran_district
D21-02220,Enghelab,70,1,1,1,0,1540000000.0,22000000.0,name_match,enqelab,,35.69899368286133,51.399898529052734,11.0,tehran_district
D21-02221,Niavaran,235,3,1,1,1,28500000000.0,121276595.74468085,name_match,niavaran,,35.81520462036133,51.4692611694336,1.0,tehran_district
D21-02222,Heravi,115,2,1,1,1,6000000000.0,52173913.04347826,name_match,heravi,,35.76724433898926,51.47656440734863,4.0,tehran_district
D21-02223,Pakdasht,114,2,1,1,1,1090000000.0,9561403.50877193,author_assigned,,pakdasht-city,,,,satellite_town
D21-02224,Pirouzi,40,1,1,1,0,1380000000.0,34500000.0,name_match,pirouzi,,35.692726135253906,51.48339080810547,13.0,tehran_district
D21-02225,Yousef Abad,125,3,1,1,1,8450000000.0,67600000.0,name_match,yousef-abad,,35.734426498413086,51.405574798583984,6.0,tehran_district
D21-02226,Golestan,90,2,1,1,1,1315000000.0,14611111.111111112,author_assigned,,golestan-baharestan,,,,satellite_town
D21-02227,Gisha,78,2,0,1,1,1794000000.0,23000000.0,name_match,gisha,,35.7353458404541,51.37760925292969,2.0,tehran_district
D21-02228,Ostad Moein,47,1,0,1,0,1050000000.0,22340425.531914894,name_match,ostad-moein,,35.693721771240234,51.34459686279297,9.0,tehran_district
D21-02229,Yousef Abad,114,3,1,1,1,4900000000.0,42982456.14035088,name_match,yousef-abad,,35.734426498413086,51.405574798583984,6.0,tehran_district
D21-02230,Southern Janatabad,65,1,1,1,1,2500000000.0,38461538.461538464,author_assigned,south-janat-abad,,35.74760437011719,51.30598068237305,5.0,tehran_district
D21-02231,Baghestan,50,1,0,1,0,410000000.0,8200000.0,unlinked,,,,,,unlocated
D21-02232,Islamshahr Elahieh,125,2,1,1,1,1750000000.0,14000000.0,author_assigned,,eslamshahr,,,,satellite_town
D21-02233,Salsabil,41,1,0,0,0,815000000.0,19878048.780487806,author_assigned,sarsabil,,35.68894577026367,51.37411117553711,10.0,tehran_district
D21-02234,Yousef Abad,136,3,1,1,1,8200000000.0,60294117.64705882,name_match,yousef-abad,,35.734426498413086,51.405574798583984,6.0,tehran_district
D21-02235,Jeyhoon,40,1,0,1,0,800000000.0,20000000.0,name_match,jeyhoun,,35.68763732910156,51.36460494995117,10.0,tehran_district
D21-02236,Si Metri Ji,60,2,0,1,0,650000000.0,10833333.333333334,author_assigned,jey,,35.67786407470703,51.35260581970215,9.0,tehran_district
D21-02237,Pirouzi,75,2,1,1,1,1750000000.0,23333333.333333332,name_match,pirouzi,,35.692726135253906,51.48339080810547,13.0,tehran_district
D21-02238,Yousef Abad,120,3,1,1,1,8000000000.0,66666666.666666664,name_match,yousef-abad,,35.734426498413086,51.405574798583984,6.0,tehran_district
D21-02239,Pakdasht,165,3,1,1,1,1000000000.0,6060606.060606061,author_assigned,,pakdasht-city,,,,satellite_town
D21-02240,Pakdasht,110,2,0,1,0,640000000.0,5818181.818181818,author_assigned,,pakdasht-city,,,,satellite_town
D21-02241,Shahran,116,2,1,1,1,4640000000.0,40000000.0,author_assigned,north-shahran,,35.7661018371582,51.288944244384766,5.0,tehran_district
D21-02242,Shahran,115,2,1,1,1,4500000000.0,39130434.782608695,author_assigned,north-shahran,,35.7661018371582,51.288944244384766,5.0,tehran_district
D21-02243,Pakdasht,77,2,0,1,1,460000000.0,5974025.974025974,author_assigned,,pakdasht-city,,,,satellite_town
D21-02244,Yousef Abad,120,3,1,1,1,7000000000.0,58333333.333333336,name_match,yousef-abad,,35.734426498413086,51.405574798583984,6.0,tehran_district
D21-02245,Pakdasht,100,2,0,1,1,660000000.0,6600000.0,author_assigned,,pakdasht-city,,,,satellite_town
D21-02246,Yousef Abad,130,3,1,1,1,6000000000.0,46153846.15384615,name_match,yousef-abad,,35.734426498413086,51.405574798583984,6.0,tehran_district
D21-02247,Islamshahr,60,1,1,1,1,1200000000.0,20000000.0,author_assigned,,eslamshahr,,,,satellite_town
D21-02248,Parand,75,2,0,1,1,385000000.0,5133333.333333333,author_assigned,,parand-city,,,,satellite_town
D21-02249,Niavaran,128,3,1,1,0,8500000000.0,66406250.0,name_match,niavaran,,35.81520462036133,51.4692611694336,1.0,tehran_district
D21-02250,Zaferanieh,150,2,1,1,1,15000000000.0,100000000.0,author_assigned,zafaraniyeh,,35.807945251464844,51.41414260864258,1.0,tehran_district
D21-02251,Yousef Abad,135,3,1,1,1,10000000000.0,74074074.07407407,name_match,yousef-abad,,35.734426498413086,51.405574798583984,6.0,tehran_district
D21-02252,Zafar,60,1,1,1,1,1200000000.0,20000000.0,name_match,zafar,,35.76667404174805,51.43242645263672,3.0,tehran_district
D21-02253,Elahieh,41,1,0,0,0,815000000.0,19878048.780487806,name_match,elahiyeh,,35.79115676879883,51.426809310913086,1.0,tehran_district
D21-02254,Niavaran,113,2,1,1,1,9000000000.0,79646017.69911504,name_match,niavaran,,35.81520462036133,51.4692611694336,1.0,tehran_district
D21-02255,Andisheh,52,1,0,1,1,665000000.0,12788461.538461538,author_assigned,,andisheh-new-town,,,,satellite_town
D21-02256,Aqdasieh,100,2,1,1,1,7000000000.0,70000000.0,name_match,aghdasieh,,35.805532455444336,51.47702217102051,1.0,tehran_district
D21-02257,Punak,66,2,1,1,0,2650000000.0,40151515.15151515,author_assigned,poonak,,35.76210975646973,51.33013343811035,5.0,tehran_district
D21-02258,Niavaran,200,3,1,1,1,29000000000.0,145000000.0,name_match,niavaran,,35.81520462036133,51.4692611694336,1.0,tehran_district
D21-02259,Niavaran,170,3,1,1,1,22100000000.0,130000000.0,name_match,niavaran,,35.81520462036133,51.4692611694336,1.0,tehran_district
D21-02260,Gheitarieh,100,2,1,1,1,8300000000.0,83000000.0,author_assigned,qeytariyeh,,35.79129219055176,51.4472541809082,1.0,tehran_district
D21-02261,Kamranieh,90,1,1,1,1,10000000000.0,111111111.1111111,name_match,kamraniyeh,,35.806640625,51.46280670166016,1.0,tehran_district
D21-02262,Niavaran,200,3,1,1,1,14000000000.0,70000000.0,name_match,niavaran,,35.81520462036133,51.4692611694336,1.0,tehran_district
D21-02263,Ray - Montazeri,51,1,1,0,1,1250000000.0,24509803.92156863,author_assigned,,,,,20.0,tehran_district
D21-02264,Punak,70,2,1,1,0,2680000000.0,38285714.28571428,author_assigned,poonak,,35.76210975646973,51.33013343811035,5.0,tehran_district
D21-02265,West Ferdows Boulevard,73,2,1,1,0,2200000000.0,30136986.301369864,author_assigned,kooy-e-ferdos,,35.72373008728027,51.3161506652832,5.0,tehran_district
D21-02266,Islamshahr,245,2,0,0,0,7800000000.0,31836734.69387755,author_assigned,,eslamshahr,,,,satellite_town
D21-02267,Darabad,87,2,1,1,1,5850000000.0,67241379.31034483,name_match,darabad,,35.81655311584473,51.49126625061035,1.0,tehran_district
D21-02268,Velenjak,120,2,1,1,1,9000000000.0,75000000.0,name_match,velenjak,,35.806060791015625,51.40216255187988,1.0,tehran_district
D21-02269,Elahieh,171,3,1,1,1,12825000000.0,75000000.0,name_match,elahiyeh,,35.79115676879883,51.426809310913086,1.0,tehran_district
D21-02270,Punak,66,2,1,1,0,2460000000.0,37272727.27272727,author_assigned,poonak,,35.76210975646973,51.33013343811035,5.0,tehran_district
D21-02271,Aqdasieh,77,2,1,1,1,5200000000.0,67532467.53246753,name_match,aghdasieh,,35.805532455444336,51.47702217102051,1.0,tehran_district
D21-02272,Narmak,40,1,1,1,0,1250000000.0,31250000.0,name_match,narmak,,35.736019134521484,51.49953079223633,4.0,tehran_district
D21-02273,Shahr-e-Ziba,105,2,1,1,1,2800000000.0,26666666.666666668,name_match,shahr-e-ziba,,35.7481575012207,51.291460037231445,5.0,tehran_district
D21-02274,Ozgol,50,1,1,1,1,3000000000.0,60000000.0,name_match,ozgol,,35.79227256774902,51.49772834777832,1.0,tehran_district
D21-02275,Amirabad,94,2,1,1,0,3400000000.0,36170212.765957445,name_match,amir-abad,,35.735538482666016,51.39494323730469,6.0,tehran_district
D21-02276,West Ferdows Boulevard,65,2,1,1,0,2150000000.0,33076923.076923076,author_assigned,kooy-e-ferdos,,35.72373008728027,51.3161506652832,5.0,tehran_district
D21-02277,Valiasr,57,1,1,1,0,750000000.0,13157894.736842105,name_match,valiasr,,35.70859146118164,51.40704727172852,6.0,tehran_district
D21-02278,Parand,79,2,1,1,1,410000000.0,5189873.417721519,author_assigned,,parand-city,,,,satellite_town
D21-02279,Jeyhoon,60,2,0,1,0,650000000.0,10833333.333333334,name_match,jeyhoun,,35.68763732910156,51.36460494995117,10.0,tehran_district
D21-02280,West Ferdows Boulevard,68,2,1,1,1,2300000000.0,33823529.4117647,author_assigned,kooy-e-ferdos,,35.72373008728027,51.3161506652832,5.0,tehran_district
D21-02281,Firoozkooh Kuhsar,86,2,1,1,0,750000000.0,8720930.232558139,author_assigned,,firuzkooh,,,,satellite_town
D21-02282,West Ferdows Boulevard,80,2,1,1,1,2700000000.0,33750000.0,author_assigned,kooy-e-ferdos,,35.72373008728027,51.3161506652832,5.0,tehran_district
D21-02283,West Ferdows Boulevard,68,2,1,1,0,2300000000.0,33823529.4117647,author_assigned,kooy-e-ferdos,,35.72373008728027,51.3161506652832,5.0,tehran_district
D21-02284,Narmak,43,1,1,1,0,1330000000.0,30930232.558139537,name_match,narmak,,35.736019134521484,51.49953079223633,4.0,tehran_district
D21-02285,West Ferdows Boulevard,55,1,1,1,1,1900000000.0,34545454.54545455,author_assigned,kooy-e-ferdos,,35.72373008728027,51.3161506652832,5.0,tehran_district
D21-02286,Northern Janatabad,77,2,1,1,1,2680000000.0,34805194.8051948,author_assigned,north-janat-abad,,35.770896911621094,51.30755615234375,5.0,tehran_district
D21-02287,Parand,58,1,0,0,0,315000000.0,5431034.482758621,author_assigned,,parand-city,,,,satellite_town
D21-02288,Ostad Moein,62,1,1,0,1,1440000000.0,23225806.451612905,name_match,ostad-moein,,35.693721771240234,51.34459686279297,9.0,tehran_district
D21-02289,West Ferdows Boulevard,65,2,1,1,0,2200000000.0,33846153.84615385,author_assigned,kooy-e-ferdos,,35.72373008728027,51.3161506652832,5.0,tehran_district
D21-02290,Salsabil,60,1,1,1,1,1530000000.0,25500000.0,author_assigned,sarsabil,,35.68894577026367,51.37411117553711,10.0,tehran_district
D21-02291,Salsabil,35,1,0,1,0,660000000.0,18857142.85714286,author_assigned,sarsabil,,35.68894577026367,51.37411117553711,10.0,tehran_district
D21-02292,Azarbaijan,54,1,0,1,0,1100000000.0,20370370.37037037,name_match,azarbaijan,,35.698368072509766,51.36988830566406,10.0,tehran_district
D21-02293,Southern Program Organization,70,2,1,1,1,2250000000.0,32142857.14285714,author_assigned,sazamn-barnameh,,35.72991752624512,51.30108451843262,5.0,tehran_district
D21-02294,Ghoba,122,3,1,1,1,6700000000.0,54918032.78688525,name_match,qoba,,35.76119613647461,51.45028114318848,3.0,tehran_district
D21-02295,Salsabil,54,1,0,1,0,901000000.0,16685185.185185185,author_assigned,sarsabil,,35.68894577026367,51.37411117553711,10.0,tehran_district
D21-02296,Shahryar,80,2,1,1,1,850000000.0,10625000.0,author_assigned,,shahriar-city,,,,satellite_town
D21-02297,Salsabil,71,2,1,1,1,1750000000.0,24647887.323943663,author_assigned,sarsabil,,35.68894577026367,51.37411117553711,10.0,tehran_district
D21-02298,Shahryar,220,4,1,1,0,7500000000.0,34090909.09090909,author_assigned,,shahriar-city,,,,satellite_town
D21-02299,Qasr-od-Dasht,61,1,0,1,0,838000000.0,13737704.918032788,unlinked,,,,,,unlocated
D21-02300,Hashemi,49,1,0,1,0,1078000000.0,22000000.0,name_match,hashemi,,35.68504333496094,51.360145568847656,10.0,tehran_district
D21-02301,Salsabil,55,2,1,1,1,1349550000.0,24537272.727272727,author_assigned,sarsabil,,35.68894577026367,51.37411117553711,10.0,tehran_district
D21-02302,Hashemi,41,1,0,1,0,840000000.0,20487804.87804878,name_match,hashemi,,35.68504333496094,51.360145568847656,10.0,tehran_district
D21-02303,Salsabil,64,2,1,1,0,1100000000.0,17187500.0,author_assigned,sarsabil,,35.68894577026367,51.37411117553711,10.0,tehran_district
D21-02304,Andisheh,240,4,1,1,0,4300000000.0,17916666.666666668,author_assigned,,andisheh-new-town,,,,satellite_town
D21-02305,Hashemi,32,1,0,1,0,610000000.0,19062500.0,name_match,hashemi,,35.68504333496094,51.360145568847656,10.0,tehran_district
D21-02306,Hashemi,52,1,0,1,0,960000000.0,18461538.46153846,name_match,hashemi,,35.68504333496094,51.360145568847656,10.0,tehran_district
D21-02307,Salsabil,50,1,0,1,0,640000000.0,12800000.0,author_assigned,sarsabil,,35.68894577026367,51.37411117553711,10.0,tehran_district
D21-02308,Eskandari,32,1,0,1,1,940000000.0,29375000.0,name_match,eskandari,,35.687496185302734,51.38174819946289,11.0,tehran_district
D21-02309,Azarbaijan,40,1,1,1,1,1150000000.0,28750000.0,name_match,azarbaijan,,35.698368072509766,51.36988830566406,10.0,tehran_district
D21-02310,Komeil,73,1,0,1,1,1460000000.0,20000000.0,unlinked,,,,,,unlocated
D21-02311,Andisheh,50,1,1,1,0,755000000.0,15100000.0,author_assigned,,andisheh-new-town,,,,satellite_town
D21-02312,Jeyhoon,45,1,0,1,0,745000000.0,16555555.555555556,name_match,jeyhoun,,35.68763732910156,51.36460494995117,10.0,tehran_district
D21-02313,Qasr-od-Dasht,65,2,1,1,0,1280000000.0,19692307.692307692,unlinked,,,,,,unlocated
D21-02314,Salsabil,51,1,1,1,1,1150000000.0,22549019.60784314,author_assigned,sarsabil,,35.68894577026367,51.37411117553711,10.0,tehran_district
D21-02315,Golestan,300,3,1,1,0,24000000000.0,80000000.0,author_assigned,,golestan-baharestan,,,,satellite_town
D21-02316,Pardis,100,2,1,1,0,2700000000.0,27000000.0,author_assigned,,pardis-city,,,,satellite_town
D21-02317,Azarbaijan,55,2,1,1,1,1000000000.0,18181818.181818184,name_match,azarbaijan,,35.698368072509766,51.36988830566406,10.0,tehran_district
D21-02318,Kahrizak,200,2,0,0,0,2650000000.0,13250000.0,author_assigned,,kahrizak,,,,satellite_town
D21-02319,Karoon,38,1,1,1,1,1140000000.0,30000000.0,unlinked,,,,,,unlocated
D21-02320,Farmanieh,140,3,1,1,1,9300000000.0,66428571.428571425,name_match,farmaniyeh,,35.79709053039551,51.46924209594727,1.0,tehran_district
D21-02321,Central Janatabad,58,1,1,1,0,2000000000.0,34482758.62068965,name_match,central-janat-abad,,35.75911331176758,51.30409622192383,5.0,tehran_district
D21-02322,Jeyhoon,67,2,0,1,1,1200000000.0,17910447.76119403,name_match,jeyhoun,,35.68763732910156,51.36460494995117,10.0,tehran_district
D21-02323,Salsabil,57,1,1,1,0,870000000.0,15263157.894736841,author_assigned,sarsabil,,35.68894577026367,51.37411117553711,10.0,tehran_district
D21-02324,Jeyhoon,53,2,1,1,0,1100000000.0,20754716.981132075,name_match,jeyhoun,,35.68763732910156,51.36460494995117,10.0,tehran_district
D21-02325,Niavaran,95,2,1,1,1,8900000000.0,93684210.5263158,name_match,niavaran,,35.81520462036133,51.4692611694336,1.0,tehran_district
D21-02326,Pirouzi,128,3,1,1,1,4350000000.0,33984375.0,name_match,pirouzi,,35.692726135253906,51.48339080810547,13.0,tehran_district
D21-02327,Parand,62,2,0,0,1,350000000.0,5645161.29032258,author_assigned,,parand-city,,,,satellite_town
D21-02328,Salsabil,60,1,0,1,0,1130000000.0,18833333.333333332,author_assigned,sarsabil,,35.68894577026367,51.37411117553711,10.0,tehran_district
D21-02329,Salsabil,52,1,1,1,0,1100000000.0,21153846.153846152,author_assigned,sarsabil,,35.68894577026367,51.37411117553711,10.0,tehran_district
D21-02330,Jeyhoon,52,1,0,1,0,1150100000.0,22117307.692307692,name_match,jeyhoun,,35.68763732910156,51.36460494995117,10.0,tehran_district
D21-02331,Karoon,45,1,0,1,1,965000000.0,21444444.444444444,unlinked,,,,,,unlocated
D21-02332,Ekhtiarieh,60,1,1,1,1,3000000000.0,50000000.0,name_match,ekhtiyariyeh,,35.78642272949219,51.459720611572266,3.0,tehran_district
D21-02333,Valiasr,83,2,0,1,1,1700000000.0,20481927.710843373,name_match,valiasr,,35.70859146118164,51.40704727172852,6.0,tehran_district
D21-02334,Marzdaran,211,3,1,1,1,15800000000.0,74881516.58767773,name_match,marzdaran,,35.73454475402832,51.33983612060547,2.0,tehran_district
D21-02335,Karoon,65,2,1,1,0,1430000000.0,22000000.0,unlinked,,,,,,unlocated
D21-02336,Ostad Moein,115,2,0,1,0,1300000000.0,11304347.826086957,name_match,ostad-moein,,35.693721771240234,51.34459686279297,9.0,tehran_district
D21-02337,Central Janatabad,70,2,1,1,0,2100000000.0,30000000.0,name_match,central-janat-abad,,35.75911331176758,51.30409622192383,5.0,tehran_district
D21-02338,Salsabil,51,1,0,1,0,870000000.0,17058823.529411763,author_assigned,sarsabil,,35.68894577026367,51.37411117553711,10.0,tehran_district
D21-02339,Niavaran,100,2,1,1,1,7500000000.0,75000000.0,name_match,niavaran,,35.81520462036133,51.4692611694336,1.0,tehran_district
D21-02340,Zaferanieh,115,2,1,1,1,10200000000.0,88695652.17391305,author_assigned,zafaraniyeh,,35.807945251464844,51.41414260864258,1.0,tehran_district
D21-02341,Niavaran,160,3,1,1,1,17500000000.0,109375000.0,name_match,niavaran,,35.81520462036133,51.4692611694336,1.0,tehran_district
D21-02342,Hekmat,107,2,1,1,1,6500000000.0,60747663.55140187,name_match,hekmat,,35.80030059814453,51.442665100097656,1.0,tehran_district
D21-02343,Parand,82,2,1,0,1,500000000.0,6097560.975609756,author_assigned,,parand-city,,,,satellite_town
D21-02344,Zaferanieh,135,2,1,1,1,18000000000.0,133333333.33333333,author_assigned,zafaraniyeh,,35.807945251464844,51.41414260864258,1.0,tehran_district
D21-02345,Ekhtiarieh,198,3,1,1,1,18000000000.0,90909090.9090909,name_match,ekhtiyariyeh,,35.78642272949219,51.459720611572266,3.0,tehran_district
D21-02346,Andisheh,85,2,1,1,1,1100000000.0,12941176.470588235,author_assigned,,andisheh-new-town,,,,satellite_town
D21-02347,Shams Abad,92,2,1,1,1,3250000000.0,35326086.95652174,name_match,shams-abad,,35.74838066101074,51.47891616821289,4.0,tehran_district
D21-02348,Zaferanieh,115,2,1,1,1,18000000000.0,156521739.13043478,author_assigned,zafaraniyeh,,35.807945251464844,51.41414260864258,1.0,tehran_district
D21-02349,ShahrAra,137,3,1,1,1,7200000000.0,52554744.525547445,author_assigned,sharara,,35.72113800048828,51.37224197387695,2.0,tehran_district
D21-02350,East Ferdows Boulevard,65,1,1,1,1,2170000000.0,33384615.384615384,author_assigned,kooy-e-ferdos,,35.72373008728027,51.3161506652832,5.0,tehran_district
D21-02351,Farmanieh,175,3,1,1,1,22000000000.0,125714285.71428572,name_match,farmaniyeh,,35.79709053039551,51.46924209594727,1.0,tehran_district
D21-02352,Gheitarieh,95,2,1,1,1,9800000000.0,103157894.73684211,author_assigned,qeytariyeh,,35.79129219055176,51.4472541809082,1.0,tehran_district
D21-02353,Farmanieh,225,3,1,1,1,38500000000.0,171111111.1111111,name_match,farmaniyeh,,35.79709053039551,51.46924209594727,1.0,tehran_district
D21-02354,Niavaran,270,4,1,1,1,35000000000.0,129629629.62962963,name_match,niavaran,,35.81520462036133,51.4692611694336,1.0,tehran_district
D21-02355,Niavaran,200,3,1,1,1,34000000000.0,170000000.0,name_match,niavaran,,35.81520462036133,51.4692611694336,1.0,tehran_district
D21-02356,Northern Chitgar,60,1,1,1,1,1200000000.0,20000000.0,author_assigned,chitgar,,35.72515106201172,51.18548202514648,21.0,tehran_district
D21-02357,Shams Abad,88,2,0,1,1,3350000000.0,38068181.81818182,name_match,shams-abad,,35.74838066101074,51.47891616821289,4.0,tehran_district
D21-02358,Niavaran,250,3,1,1,1,34000000000.0,136000000.0,name_match,niavaran,,35.81520462036133,51.4692611694336,1.0,tehran_district
D21-02359,Pirouzi,55,1,0,1,0,1600000000.0,29090909.09090909,name_match,pirouzi,,35.692726135253906,51.48339080810547,13.0,tehran_district
D21-02360,Ostad Moein,91,2,1,1,1,2435000000.0,26758241.758241758,name_match,ostad-moein,,35.693721771240234,51.34459686279297,9.0,tehran_district
D21-02361,Punak,80,2,1,1,0,2800000000.0,35000000.0,author_assigned,poonak,,35.76210975646973,51.33013343811035,5.0,tehran_district
D21-02362,Parand,74,2,0,0,0,440000000.0,5945945.945945946,author_assigned,,parand-city,,,,satellite_town
D21-02363,Pirouzi,90,2,1,1,0,1700000000.0,18888888.888888888,name_match,pirouzi,,35.692726135253906,51.48339080810547,13.0,tehran_district
D21-02364,Si Metri Ji,43,1,0,1,1,750000000.0,17441860.465116277,author_assigned,jey,,35.67786407470703,51.35260581970215,9.0,tehran_district
D21-02365,Parand,78,2,0,1,1,430000000.0,5512820.512820513,author_assigned,,parand-city,,,,satellite_town
D21-02366,Parand,72,2,1,0,1,385000000.0,5347222.222222222,author_assigned,,parand-city,,,,satellite_town
D21-02367,Kahrizak,100,2,0,0,0,1200000000.0,12000000.0,author_assigned,,kahrizak,,,,satellite_town
D21-02368,Amirabad,110,2,1,0,0,4000000000.0,36363636.36363637,name_match,amir-abad,,35.735538482666016,51.39494323730469,6.0,tehran_district
D21-02369,Islamshahr,62,1,0,1,0,580000000.0,9354838.709677419,author_assigned,,eslamshahr,,,,satellite_town
D21-02370,Afsarieh,120,1,0,0,0,3150000000.0,26250000.0,name_match,afsariyeh,,35.649417877197266,51.49230194091797,15.0,tehran_district
D21-02371,Ekhtiarieh,120,2,1,1,1,9000000000.0,75000000.0,name_match,ekhtiyariyeh,,35.78642272949219,51.459720611572266,3.0,tehran_district
D21-02372,Ostad Moein,64,2,1,1,1,1790000000.0,27968750.0,name_match,ostad-moein,,35.693721771240234,51.34459686279297,9.0,tehran_district
D21-02373,Saadat Abad,147,3,1,1,1,9114000000.0,62000000.0,name_match,saadat-abad,,35.78205490112305,51.37488555908203,2.0,tehran_district
D21-02374,Kamranieh,140,3,1,1,1,8100000000.0,57857142.85714286,name_match,kamraniyeh,,35.806640625,51.46280670166016,1.0,tehran_district
D21-02375,Heravi,170,3,1,1,1,7990000000.0,47000000.0,name_match,heravi,,35.76724433898926,51.47656440734863,4.0,tehran_district
D21-02376,Heravi,109,2,1,1,1,7100000000.0,65137614.67889908,name_match,heravi,,35.76724433898926,51.47656440734863,4.0,tehran_district
D21-02377,Aqdasieh,310,3,1,1,1,74400000000.0,240000000.0,name_match,aghdasieh,,35.805532455444336,51.47702217102051,1.0,tehran_district
D21-02378,Farmanieh,283,3,1,1,1,33840000000.0,119575971.73144877,name_match,farmaniyeh,,35.79709053039551,51.46924209594727,1.0,tehran_district
D21-02379,Shahedshahr,66,1,0,0,0,297000000.0,4500000.0,author_assigned,,shahedshahr,,,,satellite_town
D21-02380,Golestan,75,2,0,1,0,600000000.0,8000000.0,author_assigned,,golestan-baharestan,,,,satellite_town
D21-02381,Ostad Moein,63,2,1,1,1,1670000000.0,26507936.507936507,name_match,ostad-moein,,35.693721771240234,51.34459686279297,9.0,tehran_district
D21-02382,Gholhak,77,2,1,1,1,6200000000.0,80519480.51948053,name_match,gholhak,,35.77467346191406,51.44390869140625,3.0,tehran_district
D21-02383,Shahr-e-Ziba,59,2,1,1,1,1600000000.0,27118644.06779661,name_match,shahr-e-ziba,,35.7481575012207,51.291460037231445,5.0,tehran_district
D21-02384,Andisheh,220,5,1,0,0,6500000000.0,29545454.545454547,author_assigned,,andisheh-new-town,,,,satellite_town
D21-02385,Southern Program Organization,66,2,1,1,0,2000000000.0,30303030.303030305,author_assigned,sazamn-barnameh,,35.72991752624512,51.30108451843262,5.0,tehran_district
D21-02386,Shahr-e-Ziba,80,2,1,1,0,2450000000.0,30625000.0,name_match,shahr-e-ziba,,35.7481575012207,51.291460037231445,5.0,tehran_district
D21-02387,Northren Jamalzadeh,55,1,0,0,1,1540000000.0,28000000.0,author_assigned,jamalzadeh,,35.69633483886719,51.38865280151367,11.0,tehran_district
D21-02388,Andisheh,63,2,0,1,0,410000000.0,6507936.507936508,author_assigned,,andisheh-new-town,,,,satellite_town
D21-02389,Punak,92,2,1,1,1,4000000000.0,43478260.86956522,author_assigned,poonak,,35.76210975646973,51.33013343811035,5.0,tehran_district
D21-02390,Shahrake Gharb,88,2,1,1,1,5250000000.0,59659090.90909091,name_match,shahrak-e-gharb,,35.76015853881836,51.371429443359375,2.0,tehran_district
D21-02391,Pardis,98,2,1,1,1,770000000.0,7857142.857142857,author_assigned,,pardis-city,,,,satellite_town
D21-02392,Jeyhoon,75,2,1,1,1,1980000000.0,26400000.0,name_match,jeyhoun,,35.68763732910156,51.36460494995117,10.0,tehran_district
D21-02393,Pakdasht,114,2,1,1,1,1100000000.0,9649122.807017544,author_assigned,,pakdasht-city,,,,satellite_town
D21-02394,Punak,80,2,1,1,1,3000000000.0,37500000.0,author_assigned,poonak,,35.76210975646973,51.33013343811035,5.0,tehran_district
D21-02395,Shahrake Qods,50,1,0,0,0,380000000.0,7600000.0,author_assigned,,qods-city,,,,satellite_town
D21-02396,Punak,66,2,1,1,1,2950000000.0,44696969.696969695,author_assigned,poonak,,35.76210975646973,51.33013343811035,5.0,tehran_district
D21-02397,Sattarkhan,102,2,1,1,1,650000000.0,6372549.019607843,name_match,sattarkhan,,35.72103309631348,51.35769271850586,2.0,tehran_district
D21-02398,Punak,72,2,1,1,1,3200000000.0,44444444.44444445,author_assigned,poonak,,35.76210975646973,51.33013343811035,5.0,tehran_district
D21-02399,Qasr-od-Dasht,62,1,0,0,0,1860000000.0,30000000.0,unlinked,,,,,,unlocated
D21-02400,Pakdasht,110,2,0,1,1,840000000.0,7636363.636363637,author_assigned,,pakdasht-city,,,,satellite_town
D21-02401,Zafar,70,2,1,1,1,5250000000.0,75000000.0,name_match,zafar,,35.76667404174805,51.43242645263672,3.0,tehran_district
D21-02402,Saadat Abad,115,2,1,1,1,6000000000.0,52173913.04347826,name_match,saadat-abad,,35.78205490112305,51.37488555908203,2.0,tehran_district
D21-02403,West Ferdows Boulevard,55,1,0,1,0,1550000000.0,28181818.181818184,author_assigned,kooy-e-ferdos,,35.72373008728027,51.3161506652832,5.0,tehran_district
D21-02404,Jeyhoon,71,2,1,1,0,1780000000.0,25070422.53521127,name_match,jeyhoun,,35.68763732910156,51.36460494995117,10.0,tehran_district
D21-02405,West Ferdows Boulevard,58,1,1,1,1,2050000000.0,35344827.5862069,author_assigned,kooy-e-ferdos,,35.72373008728027,51.3161506652832,5.0,tehran_district
D21-02406,Shahrake Qods,125,2,1,1,1,1375000000.0,11000000.0,author_assigned,,qods-city,,,,satellite_town
D21-02407,Shahran,42,1,1,0,1,1750000000.0,41666666.666666664,author_assigned,north-shahran,,35.7661018371582,51.288944244384766,5.0,tehran_district
D21-02408,Narmak,66,2,1,1,0,2200000000.0,33333333.333333332,name_match,narmak,,35.736019134521484,51.49953079223633,4.0,tehran_district
D21-02409,Mehrabad,130,4,0,0,0,6200000000.0,47692307.692307696,author_assigned,south-mehrabad,,35.675912857055664,51.33846664428711,9.0,tehran_district
D21-02410,Southern Program Organization,65,1,1,1,1,2450000000.0,37692307.692307696,author_assigned,sazamn-barnameh,,35.72991752624512,51.30108451843262,5.0,tehran_district
D21-02411,Salsabil,39,1,0,0,0,760000000.0,19487179.487179488,author_assigned,sarsabil,,35.68894577026367,51.37411117553711,10.0,tehran_district
D21-02412,Qasr-od-Dasht,60,2,0,1,1,1850000000.0,30833333.333333332,unlinked,,,,,,unlocated
D21-02413,Salsabil,75,2,1,1,1,2260000000.0,30133333.333333332,author_assigned,sarsabil,,35.68894577026367,51.37411117553711,10.0,tehran_district
D21-02414,Salsabil,70,1,0,1,0,1180000000.0,16857142.85714286,author_assigned,sarsabil,,35.68894577026367,51.37411117553711,10.0,tehran_district
D21-02415,Salsabil,57,2,1,1,1,1600000000.0,28070175.43859649,author_assigned,sarsabil,,35.68894577026367,51.37411117553711,10.0,tehran_district
D21-02416,Salsabil,39,1,0,1,0,800000000.0,20512820.512820512,author_assigned,sarsabil,,35.68894577026367,51.37411117553711,10.0,tehran_district
D21-02417,Tehran Now,70,2,0,0,0,1700000000.0,24285714.285714287,author_assigned,tehran-no,,35.709510803222656,51.49639129638672,13.0,tehran_district
D21-02418,Ekhtiarieh,110,2,1,1,1,6500000000.0,59090909.09090909,name_match,ekhtiyariyeh,,35.78642272949219,51.459720611572266,3.0,tehran_district
D21-02419,Qasr-od-Dasht,47,1,0,1,0,870000000.0,18510638.297872342,unlinked,,,,,,unlocated
D21-02420,Northern Suhrawardi,114,2,0,0,0,6500000000.0,57017543.85964912,author_assigned,north-sohrevardi,,35.72170639038086,51.43534851074219,7.0,tehran_district
D21-02421,Southern Suhrawardi,60,1,0,1,1,2210000000.0,36833333.333333336,author_assigned,north-sohrevardi,,35.72170639038086,51.43534851074219,7.0,tehran_district
D21-02422,Islamshahr,115,3,1,1,1,1650000000.0,14347826.086956521,author_assigned,,eslamshahr,,,,satellite_town
D21-02423,Heravi,110,3,1,1,1,5850000000.0,53181818.18181818,name_match,heravi,,35.76724433898926,51.47656440734863,4.0,tehran_district
D21-02424,Jeyhoon,78,2,1,1,1,2050000000.0,26282051.282051284,name_match,jeyhoun,,35.68763732910156,51.36460494995117,10.0,tehran_district
D21-02425,Ekhtiarieh,80,2,1,1,1,4400000000.0,55000000.0,name_match,ekhtiyariyeh,,35.78642272949219,51.459720611572266,3.0,tehran_district
D21-02426,Parand,78,2,0,0,1,420000000.0,5384615.384615385,author_assigned,,parand-city,,,,satellite_town
D21-02427,Andisheh,73,2,1,1,0,868000000.0,11890410.95890411,author_assigned,,andisheh-new-town,,,,satellite_town
D21-02428,Andisheh,95,2,1,1,1,1200000000.0,12631578.94736842,author_assigned,,andisheh-new-town,,,,satellite_town
D21-02429,Azarbaijan,63,2,1,1,0,1390000000.0,22063492.063492063,name_match,azarbaijan,,35.698368072509766,51.36988830566406,10.0,tehran_district
D21-02430,Andisheh,98,2,1,1,1,1370000000.0,13979591.836734693,author_assigned,,andisheh-new-town,,,,satellite_town
D21-02431,Islamshahr,105,2,1,1,1,1500000000.0,14285714.285714285,author_assigned,,eslamshahr,,,,satellite_town
D21-02432,Tehransar,50,1,1,1,0,1250000000.0,25000000.0,name_match,tehransar,,35.69601821899414,51.2551383972168,21.0,tehran_district
D21-02433,Kahrizak,51,1,0,1,1,610000000.0,11960784.31372549,author_assigned,,kahrizak,,,,satellite_town
D21-02434,Dezashib,125,2,1,1,1,11250000000.0,90000000.0,name_match,dezashib,,35.8081169128418,51.45136260986328,1.0,tehran_district
D21-02435,Kahrizak,105,3,1,1,1,1155000000.0,11000000.0,author_assigned,,kahrizak,,,,satellite_town
D21-02436,Kahrizak,55,1,0,1,1,660000000.0,12000000.0,author_assigned,,kahrizak,,,,satellite_town
D21-02437,Kahrizak,105,2,1,1,1,1160000000.0,11047619.047619049,author_assigned,,kahrizak,,,,satellite_town
D21-02438,Kahrizak,105,3,1,1,1,1312000000.0,12495238.095238095,author_assigned,,kahrizak,,,,satellite_town
D21-02439,Kahrizak,70,2,1,1,1,714000000.0,10200000.0,author_assigned,,kahrizak,,,,satellite_town
D21-02440,Kahrizak,82,2,1,1,1,820000000.0,10000000.0,author_assigned,,kahrizak,,,,satellite_town
D21-02441,Mirdamad,50,1,1,1,1,3250000000.0,65000000.0,name_match,mirdamad,,35.758596420288086,51.44007682800293,3.0,tehran_district
D21-02442,Pardis,105,2,1,1,1,760000000.0,7238095.238095238,author_assigned,,pardis-city,,,,satellite_town
D21-02443,Gholhak,110,2,1,1,1,8800000000.0,80000000.0,name_match,gholhak,,35.77467346191406,51.44390869140625,3.0,tehran_district
D21-02444,Kahrizak,85,2,1,1,1,850000000.0,10000000.0,author_assigned,,kahrizak,,,,satellite_town
D21-02445,Punak,78,2,1,1,0,3100000000.0,39743589.743589744,author_assigned,poonak,,35.76210975646973,51.33013343811035,5.0,tehran_district
D21-02446,Pardis,106,2,1,1,1,505000000.0,4764150.9433962265,author_assigned,,pardis-city,,,,satellite_town
D21-02447,Gheitarieh,95,2,1,1,1,5700000000.0,60000000.0,author_assigned,qeytariyeh,,35.79129219055176,51.4472541809082,1.0,tehran_district
D21-02448,Tehransar,62,1,1,0,1,1530000000.0,24677419.35483871,name_match,tehransar,,35.69601821899414,51.2551383972168,21.0,tehran_district
D21-02449,Damavand,78,2,0,0,0,490000000.0,6282051.282051282,author_assigned,,damavand,,,,satellite_town
D21-02450,Kamranieh,225,4,1,1,1,20250000000.0,90000000.0,name_match,kamraniyeh,,35.806640625,51.46280670166016,1.0,tehran_district
D21-02451,Shahran,72,2,1,1,0,2600000000.0,36111111.11111111,author_assigned,north-shahran,,35.7661018371582,51.288944244384766,5.0,tehran_district
D21-02452,Parand,50,1,1,0,0,375000000.0,7500000.0,author_assigned,,parand-city,,,,satellite_town
D21-02453,Abuzar,50,1,0,1,0,850000000.0,17000000.0,author_assigned,abouzar,,35.652414321899414,51.47984313964844,15.0,tehran_district
D21-02454,Northern Suhrawardi,103,2,0,1,0,3900000000.0,37864077.66990291,author_assigned,north-sohrevardi,,35.72170639038086,51.43534851074219,7.0,tehran_district
D21-02455,Dolatabad,47,1,1,1,0,695000000.0,14787234.042553192,name_match,dolat-abad,,35.619441986083984,51.449832916259766,20.0,tehran_district
D21-02456,Karoon,90,2,1,1,1,2000000000.0,22222222.222222224,unlinked,,,,,,unlocated
D21-02457,Punak,80,2,1,1,1,3760000000.0,47000000.0,author_assigned,poonak,,35.76210975646973,51.33013343811035,5.0,tehran_district
D21-02458,Niavaran,450,4,1,1,1,25000000000.0,55555555.55555555,name_match,niavaran,,35.81520462036133,51.4692611694336,1.0,tehran_district
D21-02459,Salsabil,72,2,1,1,1,1700000000.0,23611111.111111112,author_assigned,sarsabil,,35.68894577026367,51.37411117553711,10.0,tehran_district
D21-02460,Jordan,258,4,1,1,0,12000000000.0,46511627.906976745,name_match,jordan,,35.76803779602051,51.41743850708008,3.0,tehran_district
D21-02461,Salsabil,98,2,1,1,1,2630000000.0,26836734.69387755,author_assigned,sarsabil,,35.68894577026367,51.37411117553711,10.0,tehran_district
D21-02462,Shahrake Qods,130,3,0,1,0,600000000.0,4615384.615384615,author_assigned,,qods-city,,,,satellite_town
D21-02463,Damavand,700,3,1,1,0,4500000000.0,6428571.428571428,author_assigned,,damavand,,,,satellite_town
D21-02464,Shahrake Qods,104,2,1,1,1,900000000.0,8653846.153846154,author_assigned,,qods-city,,,,satellite_town
D21-02465,Ekhtiarieh,140,3,1,1,1,11000000000.0,78571428.57142857,name_match,ekhtiyariyeh,,35.78642272949219,51.459720611572266,3.0,tehran_district
D21-02466,Shahran,96,2,1,1,1,3500000000.0,36458333.333333336,author_assigned,north-shahran,,35.7661018371582,51.288944244384766,5.0,tehran_district
D21-02467,Shahrake Qods,58,1,0,1,0,400000000.0,6896551.724137931,author_assigned,,qods-city,,,,satellite_town
D21-02468,Salsabil,150,3,1,1,1,4500000000.0,30000000.0,author_assigned,sarsabil,,35.68894577026367,51.37411117553711,10.0,tehran_district
D21-02469,Shahran,55,2,1,1,0,1870000000.0,34000000.0,author_assigned,north-shahran,,35.7661018371582,51.288944244384766,5.0,tehran_district
D21-02470,Shahrake Qods,60,1,0,0,0,430000000.0,7166666.666666667,author_assigned,,qods-city,,,,satellite_town
D21-02471,Pardis,98,2,1,1,1,790000000.0,8061224.489795919,author_assigned,,pardis-city,,,,satellite_town
D21-02472,Shahrake Qods,85,2,1,1,1,670000000.0,7882352.94117647,author_assigned,,qods-city,,,,satellite_town
D21-02473,Elm-o-Sanat,85,2,1,0,1,3350000000.0,39411764.705882356,name_match,elm-o-sanat,,35.741071701049805,51.51243209838867,4.0,tehran_district
D21-02474,Punak,97,2,1,1,1,4700000000.0,48453608.24742268,author_assigned,poonak,,35.76210975646973,51.33013343811035,5.0,tehran_district
D21-02475,Hor Square,80,2,1,1,1,1874500000.0,23431250.0,name_match,hor-square,,35.687917709350586,51.3884334564209,11.0,tehran_district
D21-02476,Niavaran,57,1,0,0,1,3600000000.0,63157894.7368421,name_match,niavaran,,35.81520462036133,51.4692611694336,1.0,tehran_district
D21-02477,Jeyhoon,63,1,1,1,0,1200000000.0,19047619.04761905,name_match,jeyhoun,,35.68763732910156,51.36460494995117,10.0,tehran_district
D21-02478,Hor Square,85,2,1,1,1,1957300000.0,23027058.82352941,name_match,hor-square,,35.687917709350586,51.3884334564209,11.0,tehran_district
D21-02479,Hor Square,70,2,1,1,1,400000000.0,5714285.714285715,name_match,hor-square,,35.687917709350586,51.3884334564209,11.0,tehran_district
D21-02480,Hor Square,100,2,1,1,1,2283900000.0,22839000.0,name_match,hor-square,,35.687917709350586,51.3884334564209,11.0,tehran_district
D21-02481,Hor Square,90,2,1,1,1,2071150000.0,23012777.777777776,name_match,hor-square,,35.687917709350586,51.3884334564209,11.0,tehran_district
D21-02482,Parand,75,2,0,0,0,365000000.0,4866666.666666667,author_assigned,,parand-city,,,,satellite_town
D21-02483,Nezamabad,42,1,1,0,0,835000000.0,19880952.38095238,name_match,nezam-abad,,35.709041595458984,51.458778381347656,7.0,tehran_district
D21-02484,Zaferanieh,250,4,1,1,1,18750000000.0,75000000.0,author_assigned,zafaraniyeh,,35.807945251464844,51.41414260864258,1.0,tehran_district
D21-02485,Dolatabad,83,2,1,1,1,1490000000.0,17951807.22891566,name_match,dolat-abad,,35.619441986083984,51.449832916259766,20.0,tehran_district
D21-02486,Damavand,90,2,1,1,1,605000000.0,6722222.222222222,author_assigned,,damavand,,,,satellite_town
D21-02487,Razi,72,2,1,1,1,1206000000.0,16750000.0,unlinked,,,,,,unlocated
D21-02488,Damavand,52,1,0,0,0,375000000.0,7211538.461538462,author_assigned,,damavand,,,,satellite_town
D21-02489,Damavand,106,2,1,1,1,2360000000.0,22264150.943396226,author_assigned,,damavand,,,,satellite_town
D21-02490,Parand,73,2,1,1,1,385000000.0,5273972.602739726,author_assigned,,parand-city,,,,satellite_town
D21-02491,Razi,100,2,1,1,1,1850000000.0,18500000.0,unlinked,,,,,,unlocated
D21-02492,Shahrake Qods,85,2,1,1,0,640000000.0,7529411.764705882,author_assigned,,qods-city,,,,satellite_town
D21-02493,Abuzar,49,1,0,0,0,1020000000.0,20816326.530612245,author_assigned,abouzar,,35.652414321899414,51.47984313964844,15.0,tehran_district
D21-02494,East Pars,115,2,1,1,1,5400000000.0,46956521.73913044,author_assigned,east-tehranpars,,35.741506576538086,51.54642105102539,4.0,tehran_district
D21-02495,Narmak,127,2,1,1,1,4826000000.0,38000000.0,name_match,narmak,,35.736019134521484,51.49953079223633,4.0,tehran_district
D21-02496,Gisha,93,2,0,1,1,3600000000.0,38709677.41935484,name_match,gisha,,35.7353458404541,51.37760925292969,2.0,tehran_district
D21-02497,Islamshahr,47,1,0,0,0,295000000.0,6276595.744680851,author_assigned,,eslamshahr,,,,satellite_town
D21-02498,Tarasht,117,3,1,1,1,4440000000.0,37948717.94871795,name_match,tarasht,,35.70676803588867,51.342960357666016,2.0,tehran_district
D21-02499,Marzdaran,182,3,1,1,1,11600000000.0,63736263.73626374,name_match,marzdaran,,35.73454475402832,51.33983612060547,2.0,tehran_district
D21-02500,Azarbaijan,160,3,1,1,1,3000000000.0,18750000.0,name_match,azarbaijan,,35.698368072509766,51.36988830566406,10.0,tehran_district
D21-02501,Marzdaran,181,3,1,1,1,13000000000.0,71823204.41988951,name_match,marzdaran,,35.73454475402832,51.33983612060547,2.0,tehran_district
D21-02502,Marzdaran,163,3,1,1,1,11100000000.0,68098159.50920245,name_match,marzdaran,,35.73454475402832,51.33983612060547,2.0,tehran_district
D21-02503,Damavand,83,2,1,1,0,1550000000.0,18674698.795180723,author_assigned,,damavand,,,,satellite_town
D21-02504,Heravi,142,3,1,1,1,6465000000.0,45528169.01408451,name_match,heravi,,35.76724433898926,51.47656440734863,4.0,tehran_district
D21-02505,Pardis,92,2,1,1,1,565000000.0,6141304.347826087,author_assigned,,pardis-city,,,,satellite_town
D21-02506,Parand,100,2,1,0,1,900000000.0,9000000.0,author_assigned,,parand-city,,,,satellite_town
D21-02507,Parand,60,1,1,1,0,660000000.0,11000000.0,author_assigned,,parand-city,,,,satellite_town
D21-02508,Parand,58,1,0,0,1,320000000.0,5517241.379310345,author_assigned,,parand-city,,,,satellite_town
D21-02509,Parand,58,1,0,0,1,320000000.0,5517241.379310345,author_assigned,,parand-city,,,,satellite_town
D21-02510,Pardis,85,2,1,1,1,650000000.0,7647058.823529412,author_assigned,,pardis-city,,,,satellite_town
D21-02511,Pardis,87,2,1,1,1,680000000.0,7816091.954022989,author_assigned,,pardis-city,,,,satellite_town
D21-02512,Parand,78,2,0,0,1,370000000.0,4743589.743589744,author_assigned,,parand-city,,,,satellite_town
D21-02513,Parand,88,1,0,0,1,380000000.0,4318181.818181818,author_assigned,,parand-city,,,,satellite_town
D21-02514,Narmak,210,4,1,1,0,23000000000.0,109523809.52380952,name_match,narmak,,35.736019134521484,51.49953079223633,4.0,tehran_district
D21-02515,Razi,72,2,1,1,1,411000000.0,5708333.333333333,unlinked,,,,,,unlocated
D21-02516,Feiz Garden,101,2,1,1,1,4550000000.0,45049504.95049505,author_assigned,bagh-feyz,,35.744869232177734,51.32010269165039,5.0,tehran_district
D21-02517,Parand,68,2,0,1,1,310000000.0,4558823.529411765,author_assigned,,parand-city,,,,satellite_town
D21-02518,Islamshahr,60,1,0,1,1,660000000.0,11000000.0,author_assigned,,eslamshahr,,,,satellite_town
D21-02519,Islamshahr,65,2,0,1,1,780000000.0,12000000.0,author_assigned,,eslamshahr,,,,satellite_town
D21-02520,Shahrake Gharb,117,2,1,1,1,10600000000.0,90598290.59829059,name_match,shahrak-e-gharb,,35.76015853881836,51.371429443359375,2.0,tehran_district
D21-02521,Islamshahr,96,1,0,0,0,1700000000.0,17708333.333333332,author_assigned,,eslamshahr,,,,satellite_town
D21-02522,Pardis,98,2,1,1,1,910000000.0,9285714.285714285,author_assigned,,pardis-city,,,,satellite_town
D21-02523,Andisheh,52,1,1,1,0,670000000.0,12884615.384615384,author_assigned,,andisheh-new-town,,,,satellite_town
D21-02524,Punak,85,2,1,1,1,3400000000.0,40000000.0,author_assigned,poonak,,35.76210975646973,51.33013343811035,5.0,tehran_district
D21-02525,Punak,62,2,1,1,1,1750000000.0,28225806.451612905,author_assigned,poonak,,35.76210975646973,51.33013343811035,5.0,tehran_district
D21-02526,Parand,74,2,0,0,0,420000000.0,5675675.675675675,author_assigned,,parand-city,,,,satellite_town
D21-02527,Parand,74,2,0,0,1,305000000.0,4121621.621621622,author_assigned,,parand-city,,,,satellite_town
D21-02528,Parand,58,1,0,0,0,255000000.0,4396551.724137931,author_assigned,,parand-city,,,,satellite_town
D21-02529,Parand,125,3,1,1,0,1650000000.0,13200000.0,author_assigned,,parand-city,,,,satellite_town
D21-02530,Parand,75,2,0,0,1,345000000.0,4600000.0,author_assigned,,parand-city,,,,satellite_town
D21-02531,Parand,58,5,0,0,1,295000000.0,5086206.8965517245,author_assigned,,parand-city,,,,satellite_town
D21-02532,Parand,74,2,1,1,1,900000000.0,12162162.162162162,author_assigned,,parand-city,,,,satellite_town
D21-02533,Pirouzi,45,1,0,1,1,1250000000.0,27777777.777777776,name_match,pirouzi,,35.692726135253906,51.48339080810547,13.0,tehran_district
D21-02534,Parand,58,1,1,1,1,275000000.0,4741379.310344827,author_assigned,,parand-city,,,,satellite_town
D21-02535,Parand,75,2,0,0,0,245000000.0,3266666.6666666665,author_assigned,,parand-city,,,,satellite_town
D21-02536,Parand,75,2,1,0,1,305000000.0,4066666.6666666665,author_assigned,,parand-city,,,,satellite_town
D21-02537,Southern Janatabad,88,2,1,1,1,3500000000.0,39772727.27272727,author_assigned,south-janat-abad,,35.74760437011719,51.30598068237305,5.0,tehran_district
D21-02538,Jeyhoon,130,2,1,1,0,5200000000.0,40000000.0,name_match,jeyhoun,,35.68763732910156,51.36460494995117,10.0,tehran_district
D21-02539,Majidieh,120,2,1,1,1,1620000000.0,13500000.0,name_match,majidiyeh,,35.736013412475586,51.46651077270508,8.0,tehran_district
D21-02540,Central Janatabad,85,2,1,1,1,3300000000.0,38823529.4117647,name_match,central-janat-abad,,35.75911331176758,51.30409622192383,5.0,tehran_district
D21-02541,Punak,150,3,1,1,1,6800000000.0,45333333.333333336,author_assigned,poonak,,35.76210975646973,51.33013343811035,5.0,tehran_district
D21-02542,Gheitarieh,165,3,1,1,1,9850000000.0,59696969.696969695,author_assigned,qeytariyeh,,35.79129219055176,51.4472541809082,1.0,tehran_district
D21-02543,Andisheh,240,4,1,1,0,5700000000.0,23750000.0,author_assigned,,andisheh-new-town,,,,satellite_town
D21-02544,West Ferdows Boulevard,76,2,1,1,0,1990000000.0,26184210.52631579,author_assigned,kooy-e-ferdos,,35.72373008728027,51.3161506652832,5.0,tehran_district
D21-02545,Shahrake Gharb,120,2,1,1,1,9800000000.0,81666666.66666667,name_match,shahrak-e-gharb,,35.76015853881836,51.371429443359375,2.0,tehran_district
D21-02546,Heshmatieh,165,3,0,1,0,4125000000.0,25000000.0,author_assigned,heshamatiyeh,,35.726993560791016,51.45331573486328,7.0,tehran_district
D21-02547,Heshmatieh,165,3,0,1,0,4125000000.0,25000000.0,author_assigned,heshamatiyeh,,35.726993560791016,51.45331573486328,7.0,tehran_district
D21-02548,Jeyhoon,130,2,1,1,0,5200000000.0,40000000.0,name_match,jeyhoun,,35.68763732910156,51.36460494995117,10.0,tehran_district
D21-02549,Central Janatabad,73,2,1,0,0,2750000000.0,37671232.87671233,name_match,central-janat-abad,,35.75911331176758,51.30409622192383,5.0,tehran_district
D21-02550,East Ferdows Boulevard,70,2,1,1,1,2750000000.0,39285714.28571428,author_assigned,kooy-e-ferdos,,35.72373008728027,51.3161506652832,5.0,tehran_district
D21-02551,Shahr-e-Ziba,120,3,1,1,1,4530000000.0,37750000.0,name_match,shahr-e-ziba,,35.7481575012207,51.291460037231445,5.0,tehran_district
D21-02552,Persian Gulf Martyrs Lake,79,2,1,1,1,2500000000.0,31645569.620253164,author_assigned,chitgar-lake,,35.749732971191406,51.210039138793945,22.0,tehran_district
D21-02553,Shahrake Qods,90,2,1,1,1,980000000.0,10888888.888888888,author_assigned,,qods-city,,,,satellite_town
D21-02554,Parand,128,2,0,1,0,950000000.0,7421875.0,author_assigned,,parand-city,,,,satellite_town
D21-02555,Southern Janatabad,75,2,1,1,1,2300000000.0,30666666.666666668,author_assigned,south-janat-abad,,35.74760437011719,51.30598068237305,5.0,tehran_district
D21-02556,Taslihat,94,2,1,1,1,2650000000.0,28191489.36170213,name_match,taslihat,,35.718528747558594,51.47330474853516,8.0,tehran_district
D21-02557,Pakdasht,106,2,1,1,1,900000000.0,8490566.03773585,author_assigned,,pakdasht-city,,,,satellite_town
D21-02558,Punak,72,2,1,1,1,2300000000.0,31944444.444444444,author_assigned,poonak,,35.76210975646973,51.33013343811035,5.0,tehran_district
D21-02559,Persian Gulf Martyrs Lake,208,2,1,1,0,11500000000.0,55288461.538461536,author_assigned,chitgar-lake,,35.749732971191406,51.210039138793945,22.0,tehran_district
D21-02560,Zafar,126,3,1,1,1,7676000000.0,60920634.92063492,name_match,zafar,,35.76667404174805,51.43242645263672,3.0,tehran_district
D21-02561,Rudhen,105,2,1,1,0,1100000000.0,10476190.476190476,author_assigned,,rudehen,,,,satellite_town
D21-02562,Andisheh,216,4,1,1,0,5700000000.0,26388888.888888888,author_assigned,,andisheh-new-town,,,,satellite_town
D21-02563,Kazemabad,92,2,0,1,1,3000000000.0,32608695.652173914,name_match,kazem-abad,,35.7509651184082,51.46858406066895,4.0,tehran_district
D21-02564,Si Metri Ji,80,2,1,1,1,1410000000.0,17625000.0,author_assigned,jey,,35.67786407470703,51.35260581970215,9.0,tehran_district
D21-02565,Damavand,130,1,1,1,0,8500000000.0,65384615.384615384,author_assigned,,damavand,,,,satellite_town
D21-02566,Tajrish,300,4,1,1,1,9000000000.0,30000000.0,name_match,tajrish,,35.804771423339844,51.43100357055664,1.0,tehran_district
D21-02567,Persian Gulf Martyrs Lake,73,2,1,1,1,2200000000.0,30136986.301369864,author_assigned,chitgar-lake,,35.749732971191406,51.210039138793945,22.0,tehran_district
D21-02568,Shahedshahr,100,2,0,1,1,700000000.0,7000000.0,author_assigned,,shahedshahr,,,,satellite_town
D21-02569,Islamshahr,80,2,1,1,0,1100000000.0,13750000.0,author_assigned,,eslamshahr,,,,satellite_town
D21-02570,Feiz Garden,105,2,1,1,1,4550000000.0,43333333.333333336,author_assigned,bagh-feyz,,35.744869232177734,51.32010269165039,5.0,tehran_district
D21-02571,Narmak,59,1,1,1,1,2100000000.0,35593220.33898305,name_match,narmak,,35.736019134521484,51.49953079223633,4.0,tehran_district
D21-02572,Si Metri Ji,41,1,1,1,0,780000000.0,19024390.243902437,author_assigned,jey,,35.67786407470703,51.35260581970215,9.0,tehran_district
D21-02573,Zafar,85,2,1,1,1,5000000000.0,58823529.4117647,name_match,zafar,,35.76667404174805,51.43242645263672,3.0,tehran_district
D21-02574,Shahran,66,1,0,1,0,1850000000.0,28030303.03030303,author_assigned,north-shahran,,35.7661018371582,51.288944244384766,5.0,tehran_district
D21-02575,Ekhtiarieh,90,2,1,1,1,6000000000.0,66666666.666666664,name_match,ekhtiyariyeh,,35.78642272949219,51.459720611572266,3.0,tehran_district
D21-02576,Parand,78,2,0,0,1,405000000.0,5192307.692307692,author_assigned,,parand-city,,,,satellite_town
D21-02577,Islamshahr,113,2,1,1,0,1520000000.0,13451327.433628319,author_assigned,,eslamshahr,,,,satellite_town
D21-02578,Central Janatabad,88,2,1,1,1,4000000000.0,45454545.45454545,name_match,central-janat-abad,,35.75911331176758,51.30409622192383,5.0,tehran_district
D21-02579,Haft Tir,96,2,0,0,0,2850000000.0,29687500.0,unlinked,,,,,,unlocated
D21-02580,Shahrake Gharb,180,5,1,1,0,28800000000.0,160000000.0,name_match,shahrak-e-gharb,,35.76015853881836,51.371429443359375,2.0,tehran_district
D21-02581,Karoon,59,2,0,1,0,1070000000.0,18135593.22033898,unlinked,,,,,,unlocated
D21-02582,Qasr-od-Dasht,58,2,0,1,1,1270000000.0,21896551.724137932,unlinked,,,,,,unlocated
D21-02583,Jeyhoon,46,1,0,1,0,1013000000.0,22021739.13043478,name_match,jeyhoun,,35.68763732910156,51.36460494995117,10.0,tehran_district
D21-02584,Shams Abad,67,1,1,1,1,2600000000.0,38805970.14925373,name_match,shams-abad,,35.74838066101074,51.47891616821289,4.0,tehran_district
D21-02585,Salsabil,57,2,0,0,0,1090000000.0,19122807.01754386,author_assigned,sarsabil,,35.68894577026367,51.37411117553711,10.0,tehran_district
D21-02586,Central Janatabad,95,2,1,1,1,4000000000.0,42105263.15789474,name_match,central-janat-abad,,35.75911331176758,51.30409622192383,5.0,tehran_district
D21-02587,Pakdasht,73,1,1,1,1,480000000.0,6575342.465753425,author_assigned,,pakdasht-city,,,,satellite_town
D21-02588,Pardis,87,2,1,1,1,658000000.0,7563218.390804598,author_assigned,,pardis-city,,,,satellite_town
D21-02589,Keshavarz Boulevard,122,4,1,0,1,2420000000.0,19836065.573770493,author_assigned,bolvar-e-keshavarz,,35.71397972106934,51.401174545288086,6.0,tehran_district
D21-02590,Karoon,50,1,0,0,0,1000000000.0,20000000.0,unlinked,,,,,,unlocated
D21-02591,Karoon,62,1,0,0,0,1020000000.0,16451612.903225806,unlinked,,,,,,unlocated
D21-02592,Pasdaran,86,2,1,1,1,5400000000.0,62790697.674418606,name_match,pasdaran,,35.76714897155762,51.46321868896485,4.0,tehran_district
D21-02593,Jeyhoon,53,1,0,0,0,900000000.0,16981132.0754717,name_match,jeyhoun,,35.68763732910156,51.36460494995117,10.0,tehran_district
D21-02594,Persian Gulf Martyrs Lake,100,2,1,1,1,435000000.0,4350000.0,author_assigned,chitgar-lake,,35.749732971191406,51.210039138793945,22.0,tehran_district
D21-02595,Robat Karim,55,1,1,1,0,305000000.0,5545454.545454546,author_assigned,,robat-karim,,,,satellite_town
D21-02596,Parand,58,1,0,0,1,305000000.0,5258620.689655173,author_assigned,,parand-city,,,,satellite_town
D21-02597,Islamshahr,78,2,1,1,0,1000000000.0,12820512.82051282,author_assigned,,eslamshahr,,,,satellite_town
D21-02598,Elahieh,145,3,1,1,1,10150000000.0,70000000.0,name_match,elahiyeh,,35.79115676879883,51.426809310913086,1.0,tehran_district
D21-02599,Yousef Abad,110,2,1,1,1,6000000000.0,54545454.54545455,name_match,yousef-abad,,35.734426498413086,51.405574798583984,6.0,tehran_district
D21-02600,Robat Karim,64,1,1,1,1,350000000.0,5468750.0,author_assigned,,robat-karim,,,,satellite_town
D21-02601,East Pars,86,2,0,1,0,1204000000.0,14000000.0,author_assigned,east-tehranpars,,35.741506576538086,51.54642105102539,4.0,tehran_district
D21-02602,Damavand,75,2,0,0,0,520000000.0,6933333.333333333,author_assigned,,damavand,,,,satellite_town
D21-02603,Feiz Garden,110,2,1,1,1,4550000000.0,41363636.36363637,author_assigned,bagh-feyz,,35.744869232177734,51.32010269165039,5.0,tehran_district
D21-02604,West Ferdows Boulevard,71,2,0,0,0,2000000000.0,28169014.08450704,author_assigned,kooy-e-ferdos,,35.72373008728027,51.3161506652832,5.0,tehran_district
D21-02605,Southern Janatabad,90,2,1,1,1,3750000000.0,41666666.666666664,author_assigned,south-janat-abad,,35.74760437011719,51.30598068237305,5.0,tehran_district
D21-02606,Pirouzi,63,1,1,0,1,2153000000.0,34174603.17460317,name_match,pirouzi,,35.692726135253906,51.48339080810547,13.0,tehran_district
D21-02607,Northern Chitgar,50,0,1,1,1,345000000.0,6900000.0,author_assigned,chitgar,,35.72515106201172,51.18548202514648,21.0,tehran_district
D21-02608,Pardis,85,2,1,0,1,730000000.0,8588235.294117646,author_assigned,,pardis-city,,,,satellite_town
D21-02609,Pasdaran,83,2,1,1,1,4700000000.0,56626506.024096385,name_match,pasdaran,,35.76714897155762,51.46321868896485,4.0,tehran_district
D21-02610,Elahieh,175,3,1,1,1,17500000000.0,100000000.0,name_match,elahiyeh,,35.79115676879883,51.426809310913086,1.0,tehran_district
D21-02611,Pasdaran,57,1,1,1,1,3700000000.0,64912280.701754384,name_match,pasdaran,,35.76714897155762,51.46321868896485,4.0,tehran_district
D21-02612,Feiz Garden,66,2,0,0,0,1750000000.0,26515151.515151516,author_assigned,bagh-feyz,,35.744869232177734,51.32010269165039,5.0,tehran_district
D21-02613,Shahran,74,2,1,1,1,2390000000.0,32297297.2972973,author_assigned,north-shahran,,35.7661018371582,51.288944244384766,5.0,tehran_district
D21-02614,Ray - Pilgosh,45,1,1,0,1,990000000.0,22000000.0,author_assigned,,,,,20.0,tehran_district
D21-02615,Ekhtiarieh,78,2,1,1,1,4700000000.0,60256410.256410256,name_match,ekhtiyariyeh,,35.78642272949219,51.459720611572266,3.0,tehran_district
D21-02616,Parand,75,2,0,1,1,280000000.0,3733333.3333333335,author_assigned,,parand-city,,,,satellite_town
D21-02617,Islamshahr,103,2,1,1,1,1442000000.0,14000000.0,author_assigned,,eslamshahr,,,,satellite_town
D21-02618,Feiz Garden,61,1,0,0,0,1800000000.0,29508196.721311476,author_assigned,bagh-feyz,,35.744869232177734,51.32010269165039,5.0,tehran_district
D21-02619,Shahr-e-Ziba,124,3,1,1,1,3900000000.0,31451612.903225806,name_match,shahr-e-ziba,,35.7481575012207,51.291460037231445,5.0,tehran_district
D21-02620,Damavand,62,1,0,0,0,710000000.0,11451612.903225806,author_assigned,,damavand,,,,satellite_town
D21-02621,Gholhak,110,2,1,1,1,7000000000.0,63636363.63636363,name_match,gholhak,,35.77467346191406,51.44390869140625,3.0,tehran_district
D21-02622,Pasdaran,180,3,1,1,1,13000000000.0,72222222.22222222,name_match,pasdaran,,35.76714897155762,51.46321868896485,4.0,tehran_district
D21-02623,Andisheh,40,1,1,1,0,260000000.0,6500000.0,author_assigned,,andisheh-new-town,,,,satellite_town
D21-02624,Republic,95,2,1,1,1,1450000000.0,15263157.894736841,author_assigned,jomhouri,,35.696685791015625,51.38128662109375,11.0,tehran_district
D21-02625,Tehran Now,104,2,1,1,0,2200000000.0,21153846.153846152,author_assigned,tehran-no,,35.709510803222656,51.49639129638672,13.0,tehran_district
D21-02626,Andisheh,37,1,1,1,0,345000000.0,9324324.324324325,author_assigned,,andisheh-new-town,,,,satellite_town
D21-02627,Shahryar,60,1,1,1,0,600000000.0,10000000.0,author_assigned,,shahriar-city,,,,satellite_town
D21-02628,Shahran,69,2,1,1,1,2600000000.0,37681159.42028985,author_assigned,north-shahran,,35.7661018371582,51.288944244384766,5.0,tehran_district
D21-02629,Damavand,700,3,1,1,0,7000000000.0,10000000.0,author_assigned,,damavand,,,,satellite_town
D21-02630,Northern Chitgar,60,1,1,1,1,875000000.0,14583333.333333334,author_assigned,chitgar,,35.72515106201172,51.18548202514648,21.0,tehran_district
D21-02631,Niavaran,95,2,1,0,1,9000000000.0,94736842.10526316,name_match,niavaran,,35.81520462036133,51.4692611694336,1.0,tehran_district
D21-02632,Andisheh,51,1,1,1,0,670000000.0,13137254.901960785,author_assigned,,andisheh-new-town,,,,satellite_town
D21-02633,Zargandeh,106,2,1,1,1,5600000000.0,52830188.679245286,name_match,zargandeh,,35.7764835357666,51.43245315551758,3.0,tehran_district
D21-02634,Narmak,100,2,1,1,1,3200000000.0,32000000.0,name_match,narmak,,35.736019134521484,51.49953079223633,4.0,tehran_district
D21-02635,Koohsar,80,2,1,1,1,2400000000.0,30000000.0,author_assigned,shahrak-e-koohsar,,35.781354904174805,51.33292198181152,5.0,tehran_district
D21-02636,Ghiyamdasht,78,2,1,1,1,640000000.0,8205128.205128205,author_assigned,qiamdash,,35.52367973327637,51.64959907531738,,unlocated
D21-02637,Damavand,90,2,1,1,1,1350000000.0,15000000.0,author_assigned,,damavand,,,,satellite_town
D21-02638,Saadat Abad,95,2,0,1,1,9500000000.0,100000000.0,name_match,saadat-abad,,35.78205490112305,51.37488555908203,2.0,tehran_district
D21-02639,Parand,86,3,0,1,1,330000000.0,3837209.302325581,author_assigned,,parand-city,,,,satellite_town
D21-02640,Golestan,65,1,1,1,1,360000000.0,5538461.538461538,author_assigned,,golestan-baharestan,,,,satellite_town
D21-02641,Islamshahr,102,1,0,1,0,1650000000.0,16176470.588235294,author_assigned,,eslamshahr,,,,satellite_town
D21-02642,Southern Janatabad,75,2,1,1,1,2700000000.0,36000000.0,author_assigned,south-janat-abad,,35.74760437011719,51.30598068237305,5.0,tehran_district
D21-02643,Shahr-e-Ziba,150,5,1,1,0,10700000000.0,71333333.33333333,name_match,shahr-e-ziba,,35.7481575012207,51.291460037231445,5.0,tehran_district
D21-02644,Parand,60,1,1,1,1,390000000.0,6500000.0,author_assigned,,parand-city,,,,satellite_town
D21-02645,Elahieh,72,1,1,1,1,8250000000.0,114583333.33333333,name_match,elahiyeh,,35.79115676879883,51.426809310913086,1.0,tehran_district
D21-02646,Pirouzi,93,2,0,0,0,5500000000.0,59139784.94623656,name_match,pirouzi,,35.692726135253906,51.48339080810547,13.0,tehran_district
D21-02647,Gholhak,106,2,1,1,1,6400000000.0,60377358.49056604,name_match,gholhak,,35.77467346191406,51.44390869140625,3.0,tehran_district
D21-02648,Shahedshahr,48,1,0,1,0,210000000.0,4375000.0,author_assigned,,shahedshahr,,,,satellite_town
D21-02649,Southern Janatabad,75,2,1,1,0,2100000000.0,28000000.0,author_assigned,south-janat-abad,,35.74760437011719,51.30598068237305,5.0,tehran_district
D21-02650,Farmanieh,163,2,1,1,1,9780000000.0,60000000.0,name_match,farmaniyeh,,35.79709053039551,51.46924209594727,1.0,tehran_district
D21-02651,Kahrizak,138,3,1,1,1,1242000000.0,9000000.0,author_assigned,,kahrizak,,,,satellite_town
D21-02652,Shahran,119,2,1,1,1,4000000000.0,33613445.37815126,author_assigned,north-shahran,,35.7661018371582,51.288944244384766,5.0,tehran_district
D21-02653,Abazar,65,2,1,1,1,2500000000.0,38461538.461538464,author_assigned,aboozar,,35.73118209838867,51.32947540283203,5.0,tehran_district
D21-02654,Pakdasht,57,1,0,0,1,450000000.0,7894736.842105263,author_assigned,,pakdasht-city,,,,satellite_town
D21-02655,Telecommunication,74,2,0,1,1,780000000.0,10540540.54054054,unlinked,,,,,,unlocated
D21-02656,Shahran,119,3,1,1,1,5500000000.0,46218487.39495798,author_assigned,north-shahran,,35.7661018371582,51.288944244384766,5.0,tehran_district
D21-02657,Parand,75,2,0,1,1,280000000.0,3733333.3333333335,author_assigned,,parand-city,,,,satellite_town
D21-02658,Islamshahr,68,1,0,0,0,815000000.0,11985294.11764706,author_assigned,,eslamshahr,,,,satellite_town
D21-02659,Northern Chitgar,180,4,1,1,1,2720000000.0,15111111.111111112,author_assigned,chitgar,,35.72515106201172,51.18548202514648,21.0,tehran_district
D21-02660,Hakimiyeh,70,1,1,1,1,2310000000.0,33000000.0,name_match,hakimiyeh,,35.738651275634766,51.591064453125,4.0,tehran_district
D21-02661,Parand,58,1,0,0,0,255000000.0,4396551.724137931,author_assigned,,parand-city,,,,satellite_town
D21-02662,Qasr-od-Dasht,60,1,1,1,1,1985000000.0,33083333.333333332,unlinked,,,,,,unlocated
D21-02663,Air force,88,2,0,1,0,2500000000.0,28409090.90909091,author_assigned,niroo-havayi,,35.70080757141113,51.484256744384766,13.0,tehran_district
D21-02664,Shahran,82,2,1,1,1,2800000000.0,34146341.46341463,author_assigned,north-shahran,,35.7661018371582,51.288944244384766,5.0,tehran_district
D21-02665,Ray,63,1,1,1,1,1134000000.0,18000000.0,author_assigned,,,,,20.0,tehran_district
D21-02666,Northern Chitgar,120,3,1,1,1,1750000000.0,14583333.333333334,author_assigned,chitgar,,35.72515106201172,51.18548202514648,21.0,tehran_district
D21-02667,Republic,56,1,0,0,0,1900000000.0,33928571.428571425,author_assigned,jomhouri,,35.696685791015625,51.38128662109375,11.0,tehran_district
D21-02668,Saadat Abad,75,2,1,0,1,3850000000.0,51333333.333333336,name_match,saadat-abad,,35.78205490112305,51.37488555908203,2.0,tehran_district
D21-02669,Golestan,60,1,0,1,0,420000000.0,7000000.0,author_assigned,,golestan-baharestan,,,,satellite_town
D21-02670,Persian Gulf Martyrs Lake,50,2,1,1,1,330000000.0,6600000.0,author_assigned,chitgar-lake,,35.749732971191406,51.210039138793945,22.0,tehran_district
D21-02671,North Program Organization,253,5,1,1,0,30360000000.0,120000000.0,author_assigned,sazamn-barnameh,,35.72991752624512,51.30108451843262,5.0,tehran_district
D21-02672,East Ferdows Boulevard,111,2,1,1,1,3990000000.0,35945945.94594595,author_assigned,kooy-e-ferdos,,35.72373008728027,51.3161506652832,5.0,tehran_district
D21-02673,North Program Organization,105,3,1,1,1,5985000000.0,57000000.0,author_assigned,sazamn-barnameh,,35.72991752624512,51.30108451843262,5.0,tehran_district
D21-02674,Niavaran,92,1,1,1,1,6300000000.0,68478260.86956522,name_match,niavaran,,35.81520462036133,51.4692611694336,1.0,tehran_district
D21-02675,Gheitarieh,350,4,1,1,1,35000000000.0,100000000.0,author_assigned,qeytariyeh,,35.79129219055176,51.4472541809082,1.0,tehran_district
D21-02676,Mirza Shirazi,100,2,1,1,1,4100000000.0,41000000.0,author_assigned,shirazi,,35.74708938598633,51.39885902404785,6.0,tehran_district
D21-02677,Northern Chitgar,150,3,1,1,1,2240000000.0,14933333.333333334,author_assigned,chitgar,,35.72515106201172,51.18548202514648,21.0,tehran_district
D21-02678,Northren Jamalzadeh,94,2,0,1,0,2400000000.0,25531914.893617023,author_assigned,jamalzadeh,,35.69633483886719,51.38865280151367,11.0,tehran_district
D21-02679,Northren Jamalzadeh,140,3,1,1,1,6700000000.0,47857142.85714286,author_assigned,jamalzadeh,,35.69633483886719,51.38865280151367,11.0,tehran_district
D21-02680,Yousef Abad,65,4,1,1,0,8500000000.0,130769230.76923077,name_match,yousef-abad,,35.734426498413086,51.405574798583984,6.0,tehran_district
D21-02681,Northren Jamalzadeh,84,2,1,1,1,2600000000.0,30952380.95238095,author_assigned,jamalzadeh,,35.69633483886719,51.38865280151367,11.0,tehran_district
D21-02682,Mehran,114,2,1,1,1,6840000000.0,60000000.0,unlinked,,,,,,unlocated
D21-02683,Northren Jamalzadeh,114,2,1,1,1,5500000000.0,48245614.03508772,author_assigned,jamalzadeh,,35.69633483886719,51.38865280151367,11.0,tehran_district
D21-02684,Northren Jamalzadeh,40,1,1,0,1,1500000000.0,37500000.0,author_assigned,jamalzadeh,,35.69633483886719,51.38865280151367,11.0,tehran_district
D21-02685,Parand,82,2,0,0,1,353000000.0,4304878.048780488,author_assigned,,parand-city,,,,satellite_town
D21-02686,Koohsar,87,2,1,1,1,2350000000.0,27011494.252873562,author_assigned,shahrak-e-koohsar,,35.781354904174805,51.33292198181152,5.0,tehran_district
D21-02687,Parand,86,2,0,0,1,470000000.0,5465116.279069767,author_assigned,,parand-city,,,,satellite_town
D21-02688,Gandhi,500,5,1,1,0,70000000000.0,140000000.0,author_assigned,gandi,,35.74911117553711,51.41309928894043,6.0,tehran_district
D21-02689,Shahr-e-Ziba,61,1,0,1,0,1490000000.0,24426229.508196723,name_match,shahr-e-ziba,,35.7481575012207,51.291460037231445,5.0,tehran_district
D21-02690,Shahr-e-Ziba,96,2,1,1,1,5280000000.0,55000000.0,name_match,shahr-e-ziba,,35.7481575012207,51.291460037231445,5.0,tehran_district
D21-02691,Shahran,90,2,1,1,1,3400000000.0,37777777.777777776,author_assigned,north-shahran,,35.7661018371582,51.288944244384766,5.0,tehran_district
D21-02692,Northren Jamalzadeh,135,3,1,1,1,6000000000.0,44444444.44444445,author_assigned,jamalzadeh,,35.69633483886719,51.38865280151367,11.0,tehran_district
D21-02693,Parand,58,1,0,0,1,295000000.0,5086206.8965517245,author_assigned,,parand-city,,,,satellite_town
D21-02694,Gholhak,114,2,1,1,1,7550000000.0,66228070.1754386,name_match,gholhak,,35.77467346191406,51.44390869140625,3.0,tehran_district
D21-02695,Parand,75,2,0,0,0,380000000.0,5066666.666666667,author_assigned,,parand-city,,,,satellite_town
D21-02696,Northren Jamalzadeh,90,2,1,1,1,3450000000.0,38333333.333333336,author_assigned,jamalzadeh,,35.69633483886719,51.38865280151367,11.0,tehran_district
D21-02697,Shahr-e-Ziba,90,2,1,1,1,2900000000.0,32222222.222222224,name_match,shahr-e-ziba,,35.7481575012207,51.291460037231445,5.0,tehran_district
D21-02698,Shahr-e-Ziba,90,2,1,1,1,2900000000.0,32222222.222222224,name_match,shahr-e-ziba,,35.7481575012207,51.291460037231445,5.0,tehran_district
D21-02699,Narmak,100,2,1,1,1,3800000000.0,38000000.0,name_match,narmak,,35.736019134521484,51.49953079223633,4.0,tehran_district
D21-02700,Si Metri Ji,82,2,1,1,1,1600000000.0,19512195.12195122,author_assigned,jey,,35.67786407470703,51.35260581970215,9.0,tehran_district
D21-02701,Andisheh,58,2,1,1,0,754000000.0,13000000.0,author_assigned,,andisheh-new-town,,,,satellite_town
D21-02702,Karimkhan,70,2,1,1,1,3200000000.0,45714285.71428572,unlinked,,,,,,unlocated
D21-02703,Argentina,303,5,1,1,0,33330000000.0,110000000.0,author_assigned,arjantin,,35.73590850830078,51.41465950012207,6.0,tehran_district
D21-02704,Parand,83,2,0,0,1,500000000.0,6024096.385542168,author_assigned,,parand-city,,,,satellite_town
D21-02705,Parand,75,2,1,1,1,250000000.0,3333333.3333333335,author_assigned,,parand-city,,,,satellite_town
D21-02706,Mehran,114,2,1,1,1,6840000000.0,60000000.0,unlinked,,,,,,unlocated
D21-02707,Central Janatabad,60,2,1,1,0,2100000000.0,35000000.0,name_match,central-janat-abad,,35.75911331176758,51.30409622192383,5.0,tehran_district
D21-02708,Parand,54,1,0,0,0,260000000.0,4814814.814814814,author_assigned,,parand-city,,,,satellite_town
D21-02709,Parand,75,2,1,1,1,390000000.0,5200000.0,author_assigned,,parand-city,,,,satellite_town
D21-02710,Parand,78,2,1,0,1,400000000.0,5128205.128205128,author_assigned,,parand-city,,,,satellite_town
D21-02711,Parand,78,2,0,0,1,395000000.0,5064102.564102564,author_assigned,,parand-city,,,,satellite_town
D21-02712,Marzdaran,95,2,1,1,1,4085000000.0,43000000.0,name_match,marzdaran,,35.73454475402832,51.33983612060547,2.0,tehran_district
D21-02713,Ostad Moein,100,2,1,1,1,3150000000.0,31500000.0,name_match,ostad-moein,,35.693721771240234,51.34459686279297,9.0,tehran_district
D21-02714,Parand,75,2,0,1,1,397000000.0,5293333.333333333,author_assigned,,parand-city,,,,satellite_town
D21-02715,Seyed Khandan,114,2,1,1,1,6840000000.0,60000000.0,name_match,seyed-khandan,,35.74592590332031,51.45535659790039,4.0,tehran_district
D21-02716,Malard,50,1,0,0,0,250000000.0,5000000.0,unlinked,,,,,,unlocated
D21-02717,Feiz Garden,75,2,1,0,1,2700000000.0,36000000.0,author_assigned,bagh-feyz,,35.744869232177734,51.32010269165039,5.0,tehran_district
D21-02718,Afsarieh,105,2,1,1,1,2400000000.0,22857142.85714286,name_match,afsariyeh,,35.649417877197266,51.49230194091797,15.0,tehran_district
D21-02719,Shahrake Quds,141,3,1,1,1,2115000000.0,15000000.0,author_assigned,,qods-city,,,,satellite_town
D21-02720,Pirouzi,74,2,0,1,0,1600000000.0,21621621.62162162,name_match,pirouzi,,35.692726135253906,51.48339080810547,13.0,tehran_district
D21-02721,Fallah,38,1,1,1,0,650000000.0,17105263.157894738,name_match,fallah,,35.65802574157715,51.36517333984375,17.0,tehran_district
D21-02722,Gheitarieh,80,1,1,1,1,850000000.0,10625000.0,author_assigned,qeytariyeh,,35.79129219055176,51.4472541809082,1.0,tehran_district
D21-02723,Safadasht,102,2,1,1,1,938400000.0,9200000.0,author_assigned,,safadasht-industrial-city,,,,satellite_town
D21-02724,Niavaran,110,2,1,1,1,10640000000.0,96727272.72727273,name_match,niavaran,,35.81520462036133,51.4692611694336,1.0,tehran_district
D21-02725,Shahrake Qods,98,2,0,0,0,830000000.0,8469387.75510204,author_assigned,,qods-city,,,,satellite_town
D21-02726,Ostad Moein,57,1,1,1,1,1600000000.0,28070175.43859649,name_match,ostad-moein,,35.693721771240234,51.34459686279297,9.0,tehran_district
D21-02727,Si Metri Ji,45,1,0,1,1,890000000.0,19777777.777777776,author_assigned,jey,,35.67786407470703,51.35260581970215,9.0,tehran_district
D21-02728,Jeyhoon,105,2,1,1,1,2500000000.0,23809523.80952381,name_match,jeyhoun,,35.68763732910156,51.36460494995117,10.0,tehran_district
D21-02729,Rudhen,135,2,1,1,0,3500000000.0,25925925.925925925,author_assigned,,rudehen,,,,satellite_town
D21-02730,Saadat Abad,65,1,0,0,1,3490000000.0,53692307.692307696,name_match,saadat-abad,,35.78205490112305,51.37488555908203,2.0,tehran_district
D21-02731,Shahrake Quds,88,2,0,1,1,750000000.0,8522727.272727273,author_assigned,,qods-city,,,,satellite_town
D21-02732,West Ferdows Boulevard,110,2,1,1,1,5050000000.0,45909090.90909091,author_assigned,kooy-e-ferdos,,35.72373008728027,51.3161506652832,5.0,tehran_district
D21-02733,Northren Jamalzadeh,63,2,1,1,1,2600000000.0,41269841.26984127,author_assigned,jamalzadeh,,35.69633483886719,51.38865280151367,11.0,tehran_district
D21-02734,Northren Jamalzadeh,94,2,0,1,0,2400000000.0,25531914.893617023,author_assigned,jamalzadeh,,35.69633483886719,51.38865280151367,11.0,tehran_district
D21-02735,Karoon,45,1,0,1,0,890000000.0,19777777.777777776,unlinked,,,,,,unlocated
D21-02736,Azarbaijan,40,1,0,1,0,1000000000.0,25000000.0,name_match,azarbaijan,,35.698368072509766,51.36988830566406,10.0,tehran_district
D21-02737,Northren Jamalzadeh,100,2,0,0,0,3600000000.0,36000000.0,author_assigned,jamalzadeh,,35.69633483886719,51.38865280151367,11.0,tehran_district
D21-02738,Amirabad,89,2,1,1,0,3500000000.0,39325842.69662921,name_match,amir-abad,,35.735538482666016,51.39494323730469,6.0,tehran_district
D21-02739,Afsarieh,65,2,1,1,0,1330000000.0,20461538.46153846,name_match,afsariyeh,,35.649417877197266,51.49230194091797,15.0,tehran_district
D21-02740,Central Janatabad,125,2,1,1,1,6250000000.0,50000000.0,name_match,central-janat-abad,,35.75911331176758,51.30409622192383,5.0,tehran_district
D21-02741,Central Janatabad,125,2,1,1,1,6250000000.0,50000000.0,name_match,central-janat-abad,,35.75911331176758,51.30409622192383,5.0,tehran_district
D21-02742,Pasdaran,136,3,1,1,1,7300000000.0,53676470.5882353,name_match,pasdaran,,35.76714897155762,51.46321868896485,4.0,tehran_district
D21-02743,Heravi,150,3,1,1,1,7600000000.0,50666666.666666664,name_match,heravi,,35.76724433898926,51.47656440734863,4.0,tehran_district
D21-02744,West Ferdows Boulevard,55,1,0,1,0,1580000000.0,28727272.727272727,author_assigned,kooy-e-ferdos,,35.72373008728027,51.3161506652832,5.0,tehran_district
D21-02745,Seyed Khandan,130,3,1,1,1,8450000000.0,65000000.0,name_match,seyed-khandan,,35.74592590332031,51.45535659790039,4.0,tehran_district
D21-02746,West Ferdows Boulevard,73,2,0,1,0,1840000000.0,25205479.452054795,author_assigned,kooy-e-ferdos,,35.72373008728027,51.3161506652832,5.0,tehran_district
D21-02747,Northren Jamalzadeh,85,2,1,1,1,3600000000.0,42352941.176470585,author_assigned,jamalzadeh,,35.69633483886719,51.38865280151367,11.0,tehran_district
D21-02748,Ostad Moein,63,1,1,1,1,1380000000.0,21904761.904761903,name_match,ostad-moein,,35.693721771240234,51.34459686279297,9.0,tehran_district
D21-02749,Tajrish,100,2,1,1,1,5700000000.0,57000000.0,name_match,tajrish,,35.804771423339844,51.43100357055664,1.0,tehran_district
D21-02750,Persian Gulf Martyrs Lake,110,3,1,1,1,3150000000.0,28636363.636363637,author_assigned,chitgar-lake,,35.749732971191406,51.210039138793945,22.0,tehran_district
D21-02751,North Program Organization,71,2,1,1,1,2160000000.0,30422535.211267605,author_assigned,sazamn-barnameh,,35.72991752624512,51.30108451843262,5.0,tehran_district
D21-02752,Hashemi,37,1,0,1,0,570000000.0,15405405.405405406,name_match,hashemi,,35.68504333496094,51.360145568847656,10.0,tehran_district
D21-02753,Persian Gulf Martyrs Lake,68,1,1,1,1,2100000000.0,30882352.94117647,author_assigned,chitgar-lake,,35.749732971191406,51.210039138793945,22.0,tehran_district
D21-02754,Persian Gulf Martyrs Lake,78,1,1,1,1,2450000000.0,31410256.410256412,author_assigned,chitgar-lake,,35.749732971191406,51.210039138793945,22.0,tehran_district
D21-02755,Persian Gulf Martyrs Lake,105,2,1,1,1,3250000000.0,30952380.95238095,author_assigned,chitgar-lake,,35.749732971191406,51.210039138793945,22.0,tehran_district
D21-02756,Punak,60,1,1,1,0,2000000000.0,33333333.333333332,author_assigned,poonak,,35.76210975646973,51.33013343811035,5.0,tehran_district
D21-02757,Karimkhan,113,2,1,1,1,3170000000.0,28053097.345132742,unlinked,,,,,,unlocated
D21-02758,Lavasan,300,5,1,1,0,25000000000.0,83333333.33333333,author_assigned,,lavasan-city,,,,satellite_town
D21-02759,Jeyhoon,50,2,0,1,0,730000000.0,14600000.0,name_match,jeyhoun,,35.68763732910156,51.36460494995117,10.0,tehran_district
D21-02760,Beryanak,60,1,0,1,0,830000000.0,13833333.333333334,name_match,beryanak,,35.67388916015625,51.37664222717285,10.0,tehran_district
D21-02761,Ostad Moein,37,1,0,0,0,620000000.0,16756756.756756756,name_match,ostad-moein,,35.693721771240234,51.34459686279297,9.0,tehran_district
D21-02762,Beryanak,33,1,0,1,0,560000000.0,16969696.96969697,name_match,beryanak,,35.67388916015625,51.37664222717285,10.0,tehran_district
D21-02763,Jeyhoon,73,2,0,1,1,1580000000.0,21643835.616438355,name_match,jeyhoun,,35.68763732910156,51.36460494995117,10.0,tehran_district
D21-02764,Beryanak,59,1,0,1,0,880000000.0,14915254.237288136,name_match,beryanak,,35.67388916015625,51.37664222717285,10.0,tehran_district
D21-02765,Qarchak,95,2,1,1,1,1450000000.0,15263157.894736841,author_assigned,,qarchak-city,,,,satellite_town
D21-02766,Parand,75,2,0,0,0,300000000.0,4000000.0,author_assigned,,parand-city,,,,satellite_town
D21-02767,Ostad Moein,65,2,0,1,1,1550000000.0,23846153.846153848,name_match,ostad-moein,,35.693721771240234,51.34459686279297,9.0,tehran_district
D21-02768,Pirouzi,52,1,0,1,0,1250000000.0,24038461.53846154,name_match,pirouzi,,35.692726135253906,51.48339080810547,13.0,tehran_district
D21-02769,Andisheh,105,2,1,1,0,1100000000.0,10476190.476190476,author_assigned,,andisheh-new-town,,,,satellite_town
D21-02770,Ostad Moein,50,1,0,1,0,850000000.0,17000000.0,name_match,ostad-moein,,35.693721771240234,51.34459686279297,9.0,tehran_district
D21-02771,Pirouzi,74,2,1,1,1,2200000000.0,29729729.72972973,name_match,pirouzi,,35.692726135253906,51.48339080810547,13.0,tehran_district
D21-02772,Southern Suhrawardi,132,3,1,0,1,6700000000.0,50757575.75757576,author_assigned,north-sohrevardi,,35.72170639038086,51.43534851074219,7.0,tehran_district
D21-02773,Mehran,104,2,1,1,1,4200000000.0,40384615.384615384,unlinked,,,,,,unlocated
D21-02774,Jeyhoon,50,1,0,0,0,715000000.0,14300000.0,name_match,jeyhoun,,35.68763732910156,51.36460494995117,10.0,tehran_district
D21-02775,Komeil,55,1,1,1,1,1100000000.0,20000000.0,unlinked,,,,,,unlocated
D21-02776,Komeil,46,1,0,0,0,700000000.0,15217391.304347826,unlinked,,,,,,unlocated
D21-02777,Beryanak,55,2,0,1,1,1020000000.0,18545454.545454547,name_match,beryanak,,35.67388916015625,51.37664222717285,10.0,tehran_district
D21-02778,Parand,108,2,1,1,0,1150000000.0,10648148.148148147,author_assigned,,parand-city,,,,satellite_town
D21-02779,Ostad Moein,68,2,1,1,1,1970000000.0,28970588.23529412,name_match,ostad-moein,,35.693721771240234,51.34459686279297,9.0,tehran_district
D21-02780,Khademabad Garden,130,2,1,1,1,1755000000.0,13500000.0,unlinked,,,,,,unlocated
D21-02781,Tenant,40,1,0,1,0,1050000000.0,26250000.0,unlinked,,,,,,unlocated
D21-02782,Tenant,63,1,0,0,1,1350000000.0,21428571.42857143,unlinked,,,,,,unlocated
D21-02783,Mirdamad,140,3,1,1,1,8000000000.0,57142857.14285714,name_match,mirdamad,,35.758596420288086,51.44007682800293,3.0,tehran_district
D21-02784,Jeyhoon,42,1,1,1,1,900000000.0,21428571.42857143,name_match,jeyhoun,,35.68763732910156,51.36460494995117,10.0,tehran_district
D21-02785,Tenant,90,2,1,1,1,3150000000.0,35000000.0,unlinked,,,,,,unlocated
D21-02786,Andisheh,39,1,1,1,0,550000000.0,14102564.102564102,author_assigned,,andisheh-new-town,,,,satellite_town
D21-02787,Andisheh,55,2,1,1,1,450000000.0,8181818.181818182,author_assigned,,andisheh-new-town,,,,satellite_town
D21-02788,Shahrake Gharb,200,3,1,1,1,14000000000.0,70000000.0,name_match,shahrak-e-gharb,,35.76015853881836,51.371429443359375,2.0,tehran_district
D21-02789,Si Metri Ji,98,2,1,1,1,1950000000.0,19897959.18367347,author_assigned,jey,,35.67786407470703,51.35260581970215,9.0,tehran_district
D21-02790,Salsabil,71,2,1,1,0,1185000000.0,16690140.845070422,author_assigned,sarsabil,,35.68894577026367,51.37411117553711,10.0,tehran_district
D21-02791,Tenant,50,1,0,0,1,1250000000.0,25000000.0,unlinked,,,,,,unlocated
D21-02792,Tenant,53,1,0,1,0,1113000000.0,21000000.0,unlinked,,,,,,unlocated
D21-02793,Punak,60,1,1,1,1,2750000000.0,45833333.333333336,author_assigned,poonak,,35.76210975646973,51.33013343811035,5.0,tehran_district
D21-02794,Pakdasht,160,3,1,1,1,980000000.0,6125000.0,author_assigned,,pakdasht-city,,,,satellite_town
D21-02795,Tenant,63,2,1,0,1,1890000000.0,30000000.0,unlinked,,,,,,unlocated
D21-02796,Tenant,96,2,1,1,1,2400000000.0,25000000.0,unlinked,,,,,,unlocated
D21-02797,Tenant,90,2,1,1,1,2300000000.0,25555555.555555556,unlinked,,,,,,unlocated
D21-02798,Tenant,120,3,1,1,1,3240000000.0,27000000.0,unlinked,,,,,,unlocated
D21-02799,Tenant,100,2,1,1,1,2600000000.0,26000000.0,unlinked,,,,,,unlocated
D21-02800,Ostad Moein,80,2,1,1,1,2440000000.0,30500000.0,name_match,ostad-moein,,35.693721771240234,51.34459686279297,9.0,tehran_district
D21-02801,Tenant,43,1,1,1,1,1200000000.0,27906976.744186047,unlinked,,,,,,unlocated
D21-02802,Tenant,79,2,1,1,1,2930000000.0,37088607.594936706,unlinked,,,,,,unlocated
D21-02803,Tenant,50,1,0,0,1,1200000000.0,24000000.0,unlinked,,,,,,unlocated
D21-02804,Tenant,60,1,0,1,0,1120000000.0,18666666.666666668,unlinked,,,,,,unlocated
D21-02805,Tenant,55,1,0,0,0,1420000000.0,25818181.818181816,unlinked,,,,,,unlocated
D21-02806,Dezashib,150,3,1,1,1,12000000000.0,80000000.0,name_match,dezashib,,35.8081169128418,51.45136260986328,1.0,tehran_district
D21-02807,Andisheh,55,1,1,1,1,450000000.0,8181818.181818182,author_assigned,,andisheh-new-town,,,,satellite_town
D21-02808,Tenant,55,1,0,1,0,1155000000.0,21000000.0,unlinked,,,,,,unlocated
D21-02809,Tajrish,100,2,1,1,1,5700000000.0,57000000.0,name_match,tajrish,,35.804771423339844,51.43100357055664,1.0,tehran_district
D21-02810,Tenant,60,1,1,1,0,1400000000.0,23333333.333333332,unlinked,,,,,,unlocated
D21-02811,Gisha,96,2,1,1,1,5500000000.0,57291666.666666664,name_match,gisha,,35.7353458404541,51.37760925292969,2.0,tehran_district
D21-02812,Persian Gulf Martyrs Lake,112,2,1,1,1,3300000000.0,29464285.714285713,author_assigned,chitgar-lake,,35.749732971191406,51.210039138793945,22.0,tehran_district
D21-02813,Andisheh,65,2,1,1,0,600000000.0,9230769.23076923,author_assigned,,andisheh-new-town,,,,satellite_town
D21-02814,Persian Gulf Martyrs Lake,100,2,1,1,1,1060000000.0,10600000.0,author_assigned,chitgar-lake,,35.749732971191406,51.210039138793945,22.0,tehran_district
D21-02815,Yousef Abad,105,2,1,1,1,5600000000.0,53333333.333333336,name_match,yousef-abad,,35.734426498413086,51.405574798583984,6.0,tehran_district
D21-02816,Mirdamad,125,3,1,0,0,6500000000.0,52000000.0,name_match,mirdamad,,35.758596420288086,51.44007682800293,3.0,tehran_district
D21-02817,Jeyhoon,48,1,1,1,0,995000000.0,20729166.666666668,name_match,jeyhoun,,35.68763732910156,51.36460494995117,10.0,tehran_district
D21-02818,Hakimiyeh,67,2,1,1,1,2170000000.0,32388059.701492537,name_match,hakimiyeh,,35.738651275634766,51.591064453125,4.0,tehran_district
D21-02819,Farmanieh,83,2,1,1,1,6200000000.0,74698795.18072289,name_match,farmaniyeh,,35.79709053039551,51.46924209594727,1.0,tehran_district
D21-02820,Pardis,150,3,1,1,1,3900000000.0,26000000.0,author_assigned,,pardis-city,,,,satellite_town
D21-02821,Ostad Moein,100,2,1,1,1,3150000000.0,31500000.0,name_match,ostad-moein,,35.693721771240234,51.34459686279297,9.0,tehran_district
D21-02822,Persian Gulf Martyrs Lake,111,3,1,1,1,3150000000.0,28378378.37837838,author_assigned,chitgar-lake,,35.749732971191406,51.210039138793945,22.0,tehran_district
D21-02823,Tenant,53,2,0,0,0,1100000000.0,20754716.981132075,unlinked,,,,,,unlocated
D21-02824,Parand,75,2,0,0,1,350000000.0,4666666.666666667,author_assigned,,parand-city,,,,satellite_town
D21-02825,Sabalan,92,2,1,1,1,2300000000.0,25000000.0,name_match,sabalan,,35.723472595214844,51.463626861572266,8.0,tehran_district
D21-02826,Jeyhoon,53,1,1,1,1,1500000000.0,28301886.79245283,name_match,jeyhoun,,35.68763732910156,51.36460494995117,10.0,tehran_district
D21-02827,Karoon,47,1,0,1,0,800000000.0,17021276.59574468,unlinked,,,,,,unlocated
D21-02828,Farmanieh,330,3,1,1,1,46200000000.0,140000000.0,name_match,farmaniyeh,,35.79709053039551,51.46924209594727,1.0,tehran_district
D21-02829,Jeyhoon,44,1,1,1,0,1040000000.0,23636363.636363637,name_match,jeyhoun,,35.68763732910156,51.36460494995117,10.0,tehran_district
D21-02830,Gheitarieh,80,2,1,1,1,6000000000.0,75000000.0,author_assigned,qeytariyeh,,35.79129219055176,51.4472541809082,1.0,tehran_district
D21-02831,Valiasr,81,2,1,1,0,1800000000.0,22222222.222222224,name_match,valiasr,,35.70859146118164,51.40704727172852,6.0,tehran_district
D21-02832,Ostad Moein,117,3,1,1,1,3680000000.0,31452991.452991452,name_match,ostad-moein,,35.693721771240234,51.34459686279297,9.0,tehran_district
D21-02833,Azarbaijan,37,1,0,1,0,950000000.0,25675675.675675675,name_match,azarbaijan,,35.698368072509766,51.36988830566406,10.0,tehran_district
D21-02834,Parand,82,2,1,1,1,360000000.0,4390243.902439024,author_assigned,,parand-city,,,,satellite_town
D21-02835,Si Metri Ji,98,2,1,1,1,1950000000.0,19897959.18367347,author_assigned,jey,,35.67786407470703,51.35260581970215,9.0,tehran_district
D21-02836,Zafar,150,3,0,1,0,6000000000.0,40000000.0,name_match,zafar,,35.76667404174805,51.43242645263672,3.0,tehran_district
D21-02837,Hor Square,51,1,1,1,0,858500000.0,16833333.333333332,name_match,hor-square,,35.687917709350586,51.3884334564209,11.0,tehran_district
D21-02838,Shahran,95,2,1,1,1,3250000000.0,34210526.315789476,author_assigned,north-shahran,,35.7661018371582,51.288944244384766,5.0,tehran_district
D21-02839,Ostad Moein,63,1,1,1,1,1280000000.0,20317460.317460317,name_match,ostad-moein,,35.693721771240234,51.34459686279297,9.0,tehran_district
D21-02840,Parand,80,2,0,0,1,390000000.0,4875000.0,author_assigned,,parand-city,,,,satellite_town
D21-02841,Ekhtiarieh,133,3,1,1,1,8400000000.0,63157894.7368421,name_match,ekhtiyariyeh,,35.78642272949219,51.459720611572266,3.0,tehran_district
D21-02842,Fallah,48,1,0,0,1,710000000.0,14791666.666666666,name_match,fallah,,35.65802574157715,51.36517333984375,17.0,tehran_district
D21-02843,East Ferdows Boulevard,185,3,1,1,1,9500000000.0,51351351.35135135,author_assigned,kooy-e-ferdos,,35.72373008728027,51.3161506652832,5.0,tehran_district
D21-02844,Fallah,62,1,1,1,1,806000000.0,13000000.0,name_match,fallah,,35.65802574157715,51.36517333984375,17.0,tehran_district
D21-02845,Fallah,75,2,1,0,1,1200000000.0,16000000.0,name_match,fallah,,35.65802574157715,51.36517333984375,17.0,tehran_district
D21-02846,Fallah,48,1,0,0,1,740000000.0,15416666.666666666,name_match,fallah,,35.65802574157715,51.36517333984375,17.0,tehran_district
D21-02847,Ostad Moein,57,1,1,1,1,1600000000.0,28070175.43859649,name_match,ostad-moein,,35.693721771240234,51.34459686279297,9.0,tehran_district
D21-02848,Hashemi,55,3,1,1,1,1650000000.0,30000000.0,name_match,hashemi,,35.68504333496094,51.360145568847656,10.0,tehran_district
D21-02849,Ostad Moein,48,1,1,1,1,1350000000.0,28125000.0,name_match,ostad-moein,,35.693721771240234,51.34459686279297,9.0,tehran_district
D21-02850,Si Metri Ji,49,1,1,1,1,900000000.0,18367346.93877551,author_assigned,jey,,35.67786407470703,51.35260581970215,9.0,tehran_district
D21-02851,East Pars,60,2,0,1,1,1380000000.0,23000000.0,author_assigned,east-tehranpars,,35.741506576538086,51.54642105102539,4.0,tehran_district
D21-02852,Persian Gulf Martyrs Lake,130,3,1,1,1,4150000000.0,31923076.923076924,author_assigned,chitgar-lake,,35.749732971191406,51.210039138793945,22.0,tehran_district
D21-02853,Ray,70,2,1,0,1,1820000000.0,26000000.0,author_assigned,,,,,20.0,tehran_district
D21-02854,Persian Gulf Martyrs Lake,113,2,1,1,1,3170000000.0,28053097.345132742,author_assigned,chitgar-lake,,35.749732971191406,51.210039138793945,22.0,tehran_district
D21-02855,Abazar,80,2,1,1,1,3000000000.0,37500000.0,author_assigned,aboozar,,35.73118209838867,51.32947540283203,5.0,tehran_district
D21-02856,Shahrake Quds,93,2,1,1,0,650000000.0,6989247.311827957,author_assigned,,qods-city,,,,satellite_town
D21-02857,Railway,60,1,1,1,1,870000000.0,14500000.0,unlinked,,,,,,unlocated
D21-02858,East Pars,56,2,1,1,1,1550000000.0,27678571.42857143,author_assigned,east-tehranpars,,35.741506576538086,51.54642105102539,4.0,tehran_district
D21-02859,Central Janatabad,65,2,1,1,1,2620000000.0,40307692.307692304,name_match,central-janat-abad,,35.75911331176758,51.30409622192383,5.0,tehran_district
D21-02860,Ostad Moein,68,2,0,1,1,1320000000.0,19411764.70588235,name_match,ostad-moein,,35.693721771240234,51.34459686279297,9.0,tehran_district
D21-02861,Si Metri Ji,104,2,1,1,1,1830000000.0,17596153.846153848,author_assigned,jey,,35.67786407470703,51.35260581970215,9.0,tehran_district
D21-02862,Central Janatabad,84,2,1,1,1,3850000000.0,45833333.333333336,name_match,central-janat-abad,,35.75911331176758,51.30409622192383,5.0,tehran_district
D21-02863,West Ferdows Boulevard,72,2,1,1,0,2000000000.0,27777777.777777776,author_assigned,kooy-e-ferdos,,35.72373008728027,51.3161506652832,5.0,tehran_district
D21-02864,Shahrake Qods,80,2,1,1,1,880000000.0,11000000.0,author_assigned,,qods-city,,,,satellite_town
D21-02865,Ostad Moein,68,2,1,1,1,1970000000.0,28970588.23529412,name_match,ostad-moein,,35.693721771240234,51.34459686279297,9.0,tehran_district
D21-02866,Jeyhoon,44,1,1,1,0,1050000000.0,23863636.363636363,name_match,jeyhoun,,35.68763732910156,51.36460494995117,10.0,tehran_district
D21-02867,Persian Gulf Martyrs Lake,105,2,1,1,1,2700000000.0,25714285.714285713,author_assigned,chitgar-lake,,35.749732971191406,51.210039138793945,22.0,tehran_district
D21-02868,Shahr-e-Ziba,124,3,1,1,1,3980000000.0,32096774.19354839,name_match,shahr-e-ziba,,35.7481575012207,51.291460037231445,5.0,tehran_district
D21-02869,Niavaran,220,3,1,1,1,20900000000.0,95000000.0,name_match,niavaran,,35.81520462036133,51.4692611694336,1.0,tehran_district
D21-02870,West Ferdows Boulevard,83,2,1,1,1,2640000000.0,31807228.91566265,author_assigned,kooy-e-ferdos,,35.72373008728027,51.3161506652832,5.0,tehran_district
D21-02871,Ostad Moein,68,2,1,1,1,1970000000.0,28970588.23529412,name_match,ostad-moein,,35.693721771240234,51.34459686279297,9.0,tehran_district
D21-02872,West Ferdows Boulevard,115,2,1,1,1,4900000000.0,42608695.652173914,author_assigned,kooy-e-ferdos,,35.72373008728027,51.3161506652832,5.0,tehran_district
D21-02873,Ostad Moein,80,2,1,1,1,2250000000.0,28125000.0,name_match,ostad-moein,,35.693721771240234,51.34459686279297,9.0,tehran_district
D21-02874,Andisheh,66,1,0,1,0,750000000.0,11363636.363636363,author_assigned,,andisheh-new-town,,,,satellite_town
D21-02875,West Ferdows Boulevard,68,2,1,1,1,2930000000.0,43088235.294117644,author_assigned,kooy-e-ferdos,,35.72373008728027,51.3161506652832,5.0,tehran_district
D21-02876,West Ferdows Boulevard,60,2,1,1,1,2550000000.0,42500000.0,author_assigned,kooy-e-ferdos,,35.72373008728027,51.3161506652832,5.0,tehran_district
D21-02877,Punak,62,2,1,1,0,2250000000.0,36290322.58064516,author_assigned,poonak,,35.76210975646973,51.33013343811035,5.0,tehran_district
D21-02878,Ostad Moein,57,1,1,1,1,1600000000.0,28070175.43859649,name_match,ostad-moein,,35.693721771240234,51.34459686279297,9.0,tehran_district
D21-02879,Parastar,87,2,1,0,1,2500000000.0,28735632.183908045,name_match,parastar,,35.687538146972656,51.48453903198242,14.0,tehran_district
D21-02880,West Ferdows Boulevard,59,1,1,1,0,1950000000.0,33050847.457627118,author_assigned,kooy-e-ferdos,,35.72373008728027,51.3161506652832,5.0,tehran_district
D21-02881,East Pars,55,1,1,1,1,1450000000.0,26363636.363636363,author_assigned,east-tehranpars,,35.741506576538086,51.54642105102539,4.0,tehran_district
D21-02882,Persian Gulf Martyrs Lake,101,2,1,1,1,5252000000.0,52000000.0,author_assigned,chitgar-lake,,35.749732971191406,51.210039138793945,22.0,tehran_district
D21-02883,Shahran,62,2,1,1,0,2100000000.0,33870967.741935484,author_assigned,north-shahran,,35.7661018371582,51.288944244384766,5.0,tehran_district
D21-02884,Pasdaran,113,2,1,1,1,8475000000.0,75000000.0,name_match,pasdaran,,35.76714897155762,51.46321868896485,4.0,tehran_district
D21-02885,Keshavarz Boulevard,78,2,1,1,1,3500000000.0,44871794.87179487,author_assigned,bolvar-e-keshavarz,,35.71397972106934,51.401174545288086,6.0,tehran_district
D21-02886,Shahrake Quds,66,1,1,1,0,520000000.0,7878787.878787879,author_assigned,,qods-city,,,,satellite_town
D21-02887,Andisheh,38,1,0,1,0,320000000.0,8421052.631578946,author_assigned,,andisheh-new-town,,,,satellite_town
D21-02888,Yousef Abad,90,2,1,1,0,6300000000.0,70000000.0,name_match,yousef-abad,,35.734426498413086,51.405574798583984,6.0,tehran_district
D21-02889,Karoon,45,1,0,0,0,680000000.0,15111111.111111112,unlinked,,,,,,unlocated
D21-02890,Saadat Abad,72,2,1,1,1,4000000000.0,55555555.55555555,name_match,saadat-abad,,35.78205490112305,51.37488555908203,2.0,tehran_district
D21-02891,North Program Organization,105,2,1,1,1,4900000000.0,46666666.666666664,author_assigned,sazamn-barnameh,,35.72991752624512,51.30108451843262,5.0,tehran_district
D21-02892,North Program Organization,155,3,1,1,1,5100000000.0,32903225.80645161,author_assigned,sazamn-barnameh,,35.72991752624512,51.30108451843262,5.0,tehran_district
D21-02893,Abazar,112,3,1,1,1,4300000000.0,38392857.14285714,author_assigned,aboozar,,35.73118209838867,51.32947540283203,5.0,tehran_district
D21-02894,Hassan Abad,65,1,1,1,1,510000000.0,7846153.846153846,name_match,hassan-abad,,35.37493705749512,51.24930381774902,,unlocated
D21-02895,East Pars,40,1,1,1,1,1145000000.0,28625000.0,author_assigned,east-tehranpars,,35.741506576538086,51.54642105102539,4.0,tehran_district
D21-02896,Persian Gulf Martyrs Lake,140,3,1,1,1,3800000000.0,27142857.14285714,author_assigned,chitgar-lake,,35.749732971191406,51.210039138793945,22.0,tehran_district
D21-02897,North Program Organization,155,3,1,1,1,5300000000.0,34193548.38709678,author_assigned,sazamn-barnameh,,35.72991752624512,51.30108451843262,5.0,tehran_district
D21-02898,West Ferdows Boulevard,50,1,1,1,1,2200000000.0,44000000.0,author_assigned,kooy-e-ferdos,,35.72373008728027,51.3161506652832,5.0,tehran_district
D21-02899,Islamshahr,45,1,0,1,0,218000000.0,4844444.444444444,author_assigned,,eslamshahr,,,,satellite_town
D21-02900,Shahrake Gharb,68,1,1,1,1,5000000000.0,73529411.76470588,name_match,shahrak-e-gharb,,35.76015853881836,51.371429443359375,2.0,tehran_district
D21-02901,Islamshahr,85,2,0,1,0,430000000.0,5058823.529411765,author_assigned,,eslamshahr,,,,satellite_town
D21-02902,North Program Organization,170,3,1,1,1,8000000000.0,47058823.52941176,author_assigned,sazamn-barnameh,,35.72991752624512,51.30108451843262,5.0,tehran_district
D21-02903,Islamshahr,50,1,0,1,0,240000000.0,4800000.0,author_assigned,,eslamshahr,,,,satellite_town
D21-02904,Islamshahr,55,1,0,1,0,330000000.0,6000000.0,author_assigned,,eslamshahr,,,,satellite_town
D21-02905,Saadat Abad,75,2,1,1,1,315000000.0,4200000.0,name_match,saadat-abad,,35.78205490112305,51.37488555908203,2.0,tehran_district
D21-02906,Shahryar,96,3,1,0,1,1145000000.0,11927083.333333334,author_assigned,,shahriar-city,,,,satellite_town
D21-02907,Parand,58,1,0,0,0,235000000.0,4051724.1379310344,author_assigned,,parand-city,,,,satellite_town
D21-02908,Nawab,43,1,0,1,0,700000000.0,16279069.767441861,author_assigned,shahid-navab-safavi,,35.67668151855469,51.380897521972656,11.0,tehran_district
D21-02909,Parand,58,1,0,0,0,255000000.0,4396551.724137931,author_assigned,,parand-city,,,,satellite_town
D21-02910,Feiz Garden,103,2,1,1,1,4000000000.0,38834951.45631068,author_assigned,bagh-feyz,,35.744869232177734,51.32010269165039,5.0,tehran_district
D21-02911,Pasdaran,70,1,1,1,1,5100000000.0,72857142.85714285,name_match,pasdaran,,35.76714897155762,51.46321868896485,4.0,tehran_district
D21-02912,Pasdaran,150,3,1,1,1,9750000000.0,65000000.0,name_match,pasdaran,,35.76714897155762,51.46321868896485,4.0,tehran_district
D21-02913,Pakdasht,65,1,0,1,0,320000000.0,4923076.923076923,author_assigned,,pakdasht-city,,,,satellite_town
D21-02914,Marzdaran,140,2,0,1,1,5400000000.0,38571428.571428575,name_match,marzdaran,,35.73454475402832,51.33983612060547,2.0,tehran_district
D21-02915,Si Metri Ji,79,2,0,1,1,1400000000.0,17721518.987341773,author_assigned,jey,,35.67786407470703,51.35260581970215,9.0,tehran_district
D21-02916,Jeyhoon,97,2,0,0,1,2300000000.0,23711340.206185568,name_match,jeyhoun,,35.68763732910156,51.36460494995117,10.0,tehran_district
D21-02917,Marzdaran,90,2,1,1,1,6230000000.0,69222222.22222222,name_match,marzdaran,,35.73454475402832,51.33983612060547,2.0,tehran_district
D21-02918,Waterfall,175,3,1,1,1,8600000000.0,49142857.14285714,author_assigned,abshar,,35.67765998840332,51.44130516052246,12.0,tehran_district
D21-02919,Marzdaran,90,2,1,1,1,6500000000.0,72222222.22222222,name_match,marzdaran,,35.73454475402832,51.33983612060547,2.0,tehran_district
D21-02920,Chidz,58,1,1,1,0,3000000000.0,51724137.93103448,author_assigned,chizar,,35.79753875732422,51.45467376708984,1.0,tehran_district
D21-02921,Mahallati,100,2,1,1,1,5300000000.0,53000000.0,author_assigned,shahrak-e-mahalati,,35.80434036254883,51.517839431762695,1.0,tehran_district
D21-02922,Seyed Khandan,135,2,0,0,0,3800000000.0,28148148.14814815,name_match,seyed-khandan,,35.74592590332031,51.45535659790039,4.0,tehran_district
D21-02923,Ekhtiarieh,185,3,1,1,1,16200000000.0,87567567.56756757,name_match,ekhtiyariyeh,,35.78642272949219,51.459720611572266,3.0,tehran_district
D21-02924,Northern Janatabad,50,1,0,1,0,1745000000.0,34900000.0,author_assigned,north-janat-abad,,35.770896911621094,51.30755615234375,5.0,tehran_district
D21-02925,Salsabil,85,2,1,1,1,2000000000.0,23529411.76470588,author_assigned,sarsabil,,35.68894577026367,51.37411117553711,10.0,tehran_district
D21-02926,Abazar,110,3,1,1,1,4250000000.0,38636363.63636363,author_assigned,aboozar,,35.73118209838867,51.32947540283203,5.0,tehran_district
D21-02927,Central Janatabad,67,2,1,1,1,3150000000.0,47014925.37313433,name_match,central-janat-abad,,35.75911331176758,51.30409622192383,5.0,tehran_district
D21-02928,East Ferdows Boulevard,190,3,1,1,1,9500000000.0,50000000.0,author_assigned,kooy-e-ferdos,,35.72373008728027,51.3161506652832,5.0,tehran_district
D21-02929,Yousef Abad,95,2,1,1,1,6300000000.0,66315789.473684214,name_match,yousef-abad,,35.734426498413086,51.405574798583984,6.0,tehran_district
D21-02930,Salsabil,55,1,1,1,0,1050000000.0,19090909.09090909,author_assigned,sarsabil,,35.68894577026367,51.37411117553711,10.0,tehran_district
D21-02931,Parand,75,2,0,0,1,550000000.0,7333333.333333333,author_assigned,,parand-city,,,,satellite_town
D21-02932,Jeyhoon,87,2,1,1,1,1860000000.0,21379310.344827585,name_match,jeyhoun,,35.68763732910156,51.36460494995117,10.0,tehran_district
D21-02933,Jeyhoon,42,1,1,1,1,930000000.0,22142857.14285714,name_match,jeyhoun,,35.68763732910156,51.36460494995117,10.0,tehran_district
D21-02934,Jordan,80,1,1,1,1,4500000000.0,56250000.0,name_match,jordan,,35.76803779602051,51.41743850708008,3.0,tehran_district
D21-02935,Saadat Abad,102,2,1,1,1,5000000000.0,49019607.84313726,name_match,saadat-abad,,35.78205490112305,51.37488555908203,2.0,tehran_district
D21-02936,East Ferdows Boulevard,140,3,1,1,1,7300000000.0,52142857.14285714,author_assigned,kooy-e-ferdos,,35.72373008728027,51.3161506652832,5.0,tehran_district
D21-02937,Saadat Abad,120,2,1,1,1,6000000000.0,50000000.0,name_match,saadat-abad,,35.78205490112305,51.37488555908203,2.0,tehran_district
D21-02938,Farmanieh,212,4,1,1,0,36000000000.0,169811320.754717,name_match,farmaniyeh,,35.79709053039551,51.46924209594727,1.0,tehran_district
D21-02939,Punak,62,2,1,1,0,2100000000.0,33870967.741935484,author_assigned,poonak,,35.76210975646973,51.33013343811035,5.0,tehran_district
D21-02940,Si Metri Ji,41,1,0,0,1,790000000.0,19268292.68292683,author_assigned,jey,,35.67786407470703,51.35260581970215,9.0,tehran_district
D21-02941,Jeyhoon,75,2,0,1,1,1700000000.0,22666666.666666668,name_match,jeyhoun,,35.68763732910156,51.36460494995117,10.0,tehran_district
D21-02942,Si Metri Ji,57,1,1,1,1,990000000.0,17368421.05263158,author_assigned,jey,,35.67786407470703,51.35260581970215,9.0,tehran_district
D21-02943,Hashemi,50,1,1,1,1,1500000000.0,30000000.0,name_match,hashemi,,35.68504333496094,51.360145568847656,10.0,tehran_district
D21-02944,Punak,54,1,1,1,1,2820000000.0,52222222.222222224,author_assigned,poonak,,35.76210975646973,51.33013343811035,5.0,tehran_district
D21-02945,Persian Gulf Martyrs Lake,133,3,1,1,1,7500000000.0,56390977.44360902,author_assigned,chitgar-lake,,35.749732971191406,51.210039138793945,22.0,tehran_district
D21-02946,Shahrake Gharb,97,2,1,1,1,5600000000.0,57731958.7628866,name_match,shahrak-e-gharb,,35.76015853881836,51.371429443359375,2.0,tehran_district
D21-02947,Niavaran,165,3,1,1,1,17655000000.0,107000000.0,name_match,niavaran,,35.81520462036133,51.4692611694336,1.0,tehran_district
D21-02948,Qasr-od-Dasht,59,1,1,1,1,1150000000.0,19491525.423728812,unlinked,,,,,,unlocated
D21-02949,Karoon,60,2,1,1,0,1450000000.0,24166666.666666668,unlinked,,,,,,unlocated
D21-02950,Mirdamad,135,2,1,1,1,9970000000.0,73851851.85185185,name_match,mirdamad,,35.758596420288086,51.44007682800293,3.0,tehran_district
D21-02951,Azarbaijan,60,1,0,1,0,740000000.0,12333333.333333334,name_match,azarbaijan,,35.698368072509766,51.36988830566406,10.0,tehran_district
D21-02952,Niavaran,52,1,1,1,1,4600000000.0,88461538.46153846,name_match,niavaran,,35.81520462036133,51.4692611694336,1.0,tehran_district
D21-02953,Hashemi,65,1,1,1,1,1530000000.0,23538461.53846154,name_match,hashemi,,35.68504333496094,51.360145568847656,10.0,tehran_district
D21-02954,Shahran,95,2,1,1,1,3150000000.0,33157894.736842107,author_assigned,north-shahran,,35.7661018371582,51.288944244384766,5.0,tehran_district
D21-02955,Northern Janatabad,60,1,1,1,0,2280000000.0,38000000.0,author_assigned,north-janat-abad,,35.770896911621094,51.30755615234375,5.0,tehran_district
D21-02956,Parand,92,2,1,1,1,590000000.0,6413043.478260869,author_assigned,,parand-city,,,,satellite_town
D21-02957,Mirdamad,83,2,1,1,1,4900000000.0,59036144.578313254,name_match,mirdamad,,35.758596420288086,51.44007682800293,3.0,tehran_district
D21-02958,Southern Janatabad,72,2,1,1,0,2090000000.0,29027777.777777776,author_assigned,south-janat-abad,,35.74760437011719,51.30598068237305,5.0,tehran_district
D21-02959,Yousef Abad,122,3,1,1,1,6000000000.0,49180327.86885246,name_match,yousef-abad,,35.734426498413086,51.405574798583984,6.0,tehran_district
D21-02960,Shahrake Gharb,118,2,1,1,1,10300000000.0,87288135.59322034,name_match,shahrak-e-gharb,,35.76015853881836,51.371429443359375,2.0,tehran_district
D21-02961,Tehransar,120,2,1,1,1,3480000000.0,29000000.0,name_match,tehransar,,35.69601821899414,51.2551383972168,21.0,tehran_district
D21-02962,Gheitarieh,115,3,1,1,0,6400000000.0,55652173.91304348,author_assigned,qeytariyeh,,35.79129219055176,51.4472541809082,1.0,tehran_district
D21-02963,Shahryar,102,2,1,1,1,1225000000.0,12009803.921568627,author_assigned,,shahriar-city,,,,satellite_town
D21-02964,Shahran,65,2,1,1,1,2400000000.0,36923076.92307692,author_assigned,north-shahran,,35.7661018371582,51.288944244384766,5.0,tehran_district
D21-02965,Punak,70,2,1,1,0,2170000000.0,31000000.0,author_assigned,poonak,,35.76210975646973,51.33013343811035,5.0,tehran_district
D21-02966,Central Janatabad,66,2,1,1,1,2620000000.0,39696969.696969695,name_match,central-janat-abad,,35.75911331176758,51.30409622192383,5.0,tehran_district
D21-02967,Punak,60,1,1,1,0,2700000000.0,45000000.0,author_assigned,poonak,,35.76210975646973,51.33013343811035,5.0,tehran_district
D21-02968,Shahran,46,1,1,1,0,1650000000.0,35869565.217391305,author_assigned,north-shahran,,35.7661018371582,51.288944244384766,5.0,tehran_district
D21-02969,Niavaran,180,3,1,1,1,16000000000.0,88888888.8888889,name_match,niavaran,,35.81520462036133,51.4692611694336,1.0,tehran_district
D21-02970,Keshavarz Boulevard,60,1,0,1,0,1900000000.0,31666666.666666668,author_assigned,bolvar-e-keshavarz,,35.71397972106934,51.401174545288086,6.0,tehran_district
D21-02971,Shahrake Qods,145,3,1,1,1,1740000000.0,12000000.0,author_assigned,,qods-city,,,,satellite_town
D21-02972,Sadeghieh,63,1,1,1,1,1620000000.0,25714285.714285713,name_match,sadeghiyeh,,35.72065734863281,51.34082221984863,2.0,tehran_district
D21-02973,Jeyhoon,58,1,1,1,1,1300000000.0,22413793.103448275,name_match,jeyhoun,,35.68763732910156,51.36460494995117,10.0,tehran_district
D21-02974,Shahran,83,2,1,1,1,3200000000.0,38554216.86746988,author_assigned,north-shahran,,35.7661018371582,51.288944244384766,5.0,tehran_district
D21-02975,Sadeghieh,136,3,1,1,1,5150000000.0,37867647.058823526,name_match,sadeghiyeh,,35.72065734863281,51.34082221984863,2.0,tehran_district
D21-02976,Pakdasht,68,2,0,1,0,510000000.0,7500000.0,author_assigned,,pakdasht-city,,,,satellite_town
D21-02977,Tenant,55,1,0,1,1,1400000000.0,25454545.454545453,unlinked,,,,,,unlocated
D21-02978,Damavand,600,2,0,0,0,4000000000.0,6666666.666666667,author_assigned,,damavand,,,,satellite_town
D21-02979,Shahr-e-Ziba,89,2,1,1,1,3150000000.0,35393258.426966295,name_match,shahr-e-ziba,,35.7481575012207,51.291460037231445,5.0,tehran_district
D21-02980,Mirdamad,101,2,1,1,1,7300000000.0,72277227.72277227,name_match,mirdamad,,35.758596420288086,51.44007682800293,3.0,tehran_district
D21-02981,Shahr-e-Ziba,85,2,1,1,1,2975000000.0,35000000.0,name_match,shahr-e-ziba,,35.7481575012207,51.291460037231445,5.0,tehran_district
D21-02982,Parand,87,3,0,0,1,488000000.0,5609195.402298851,author_assigned,,parand-city,,,,satellite_town
D21-02983,West Pars,73,1,1,1,1,2200000000.0,30136986.301369864,author_assigned,west-tehranpars,,35.73899841308594,51.52931213378906,4.0,tehran_district
D21-02984,Shahrake Qods,145,3,1,1,1,1740000000.0,12000000.0,author_assigned,,qods-city,,,,satellite_town
D21-02985,Pardis,98,2,1,1,1,550000000.0,5612244.897959184,author_assigned,,pardis-city,,,,satellite_town
D21-02986,Central Janatabad,90,2,1,1,1,3600000000.0,40000000.0,name_match,central-janat-abad,,35.75911331176758,51.30409622192383,5.0,tehran_district
D21-02987,Gheitarieh,135,3,1,1,1,5700000000.0,42222222.222222224,author_assigned,qeytariyeh,,35.79129219055176,51.4472541809082,1.0,tehran_district
D21-02988,Mirdamad,105,2,1,1,1,7770000000.0,74000000.0,name_match,mirdamad,,35.758596420288086,51.44007682800293,3.0,tehran_district
D21-02989,Shahrake Azadi,90,2,1,1,0,1000000000.0,11111111.111111112,name_match,shahrak-e-azadi,,35.7115364074707,51.27526473999024,21.0,tehran_district
D21-02990,West Ferdows Boulevard,71,2,1,1,0,2800000000.0,39436619.71830986,author_assigned,kooy-e-ferdos,,35.72373008728027,51.3161506652832,5.0,tehran_district
D21-02991,Central Janatabad,75,2,1,1,1,3300000000.0,44000000.0,name_match,central-janat-abad,,35.75911331176758,51.30409622192383,5.0,tehran_district
D21-02992,Parand,75,2,1,1,1,385000000.0,5133333.333333333,author_assigned,,parand-city,,,,satellite_town
D21-02993,Pardis,79,2,1,1,1,550000000.0,6962025.316455696,author_assigned,,pardis-city,,,,satellite_town
D21-02994,Jordan,345,4,1,1,1,17000000000.0,49275362.31884058,name_match,jordan,,35.76803779602051,51.41743850708008,3.0,tehran_district
D21-02995,Shahr-e-Ziba,90,2,1,1,1,3250000000.0,36111111.11111111,name_match,shahr-e-ziba,,35.7481575012207,51.291460037231445,5.0,tehran_district
D21-02996,Fallah,48,1,1,0,0,800000000.0,16666666.666666666,name_match,fallah,,35.65802574157715,51.36517333984375,17.0,tehran_district
D21-02997,Niavaran,110,2,1,1,1,12100000000.0,110000000.0,name_match,niavaran,,35.81520462036133,51.4692611694336,1.0,tehran_district
D21-02998,Jeyhoon,82,2,1,1,1,1890000000.0,23048780.48780488,name_match,jeyhoun,,35.68763732910156,51.36460494995117,10.0,tehran_district
D21-02999,Northern Janatabad,44,1,0,0,0,1650000000.0,37500000.0,author_assigned,north-janat-abad,,35.770896911621094,51.30755615234375,5.0,tehran_district
D21-03000,Southern Program Organization,58,1,1,1,1,2500000000.0,43103448.27586207,author_assigned,sazamn-barnameh,,35.72991752624512,51.30108451843262,5.0,tehran_district
D21-03001,Shahrake Gharb,117,2,1,1,1,7200000000.0,61538461.538461536,name_match,shahrak-e-gharb,,35.76015853881836,51.371429443359375,2.0,tehran_district
D21-03002,Shahr-e-Ziba,96,2,1,1,1,3000000000.0,31250000.0,name_match,shahr-e-ziba,,35.7481575012207,51.291460037231445,5.0,tehran_district
D21-03003,Shahr-e-Ziba,108,2,1,1,1,5100000000.0,47222222.222222224,name_match,shahr-e-ziba,,35.7481575012207,51.291460037231445,5.0,tehran_district
D21-03004,Mehran,134,2,1,1,1,940000000.0,7014925.373134328,unlinked,,,,,,unlocated
D21-03005,East Ferdows Boulevard,70,2,1,1,1,2160000000.0,30857142.85714286,author_assigned,kooy-e-ferdos,,35.72373008728027,51.3161506652832,5.0,tehran_district
D21-03006,Punak,64,2,1,1,1,2240000000.0,35000000.0,author_assigned,poonak,,35.76210975646973,51.33013343811035,5.0,tehran_district
D21-03007,Atabak,56,3,0,1,0,900000000.0,16071428.57142857,name_match,atabak,,35.65052032470703,51.46204376220703,15.0,tehran_district
D21-03008,Amir Bahador,57,1,0,1,0,9800000000.0,171929824.5614035,name_match,amir-bahador,,35.67104148864746,51.40328788757324,11.0,tehran_district
D21-03009,Southern Janatabad,68,2,1,1,1,2200000000.0,32352941.17647059,author_assigned,south-janat-abad,,35.74760437011719,51.30598068237305,5.0,tehran_district
D21-03010,West Ferdows Boulevard,55,1,1,1,1,2250000000.0,40909090.90909091,author_assigned,kooy-e-ferdos,,35.72373008728027,51.3161506652832,5.0,tehran_district
D21-03011,Jeyhoon,43,1,0,1,1,900000000.0,20930232.558139537,name_match,jeyhoun,,35.68763732910156,51.36460494995117,10.0,tehran_district
D21-03012,Shahran,105,2,1,1,1,3800000000.0,36190476.190476194,author_assigned,north-shahran,,35.7661018371582,51.288944244384766,5.0,tehran_district
D21-03013,Salsabil,41,2,0,0,0,790000000.0,19268292.68292683,author_assigned,sarsabil,,35.68894577026367,51.37411117553711,10.0,tehran_district
D21-03014,Si Metri Ji,78,2,1,1,1,1350000000.0,17307692.307692308,author_assigned,jey,,35.67786407470703,51.35260581970215,9.0,tehran_district
D21-03015,Zafar,110,2,1,1,1,5700000000.0,51818181.81818182,name_match,zafar,,35.76667404174805,51.43242645263672,3.0,tehran_district
D21-03016,Punak,92,2,1,1,1,4100000000.0,44565217.39130435,author_assigned,poonak,,35.76210975646973,51.33013343811035,5.0,tehran_district
D21-03017,Gheitarieh,96,2,1,1,1,6175000000.0,64322916.666666664,author_assigned,qeytariyeh,,35.79129219055176,51.4472541809082,1.0,tehran_district
D21-03018,Persian Gulf Martyrs Lake,108,2,1,1,1,3500000000.0,32407407.407407407,author_assigned,chitgar-lake,,35.749732971191406,51.210039138793945,22.0,tehran_district
D21-03019,Si Metri Ji,76,2,0,1,1,1350000000.0,17763157.89473684,author_assigned,jey,,35.67786407470703,51.35260581970215,9.0,tehran_district
D21-03020,Heravi,80,2,1,1,1,4300000000.0,53750000.0,name_match,heravi,,35.76724433898926,51.47656440734863,4.0,tehran_district
D21-03021,West Ferdows Boulevard,105,2,0,0,0,3150000000.0,30000000.0,author_assigned,kooy-e-ferdos,,35.72373008728027,51.3161506652832,5.0,tehran_district
D21-03022,Golestan,75,1,0,1,0,750000000.0,10000000.0,author_assigned,,golestan-baharestan,,,,satellite_town
D21-03023,Andisheh,56,2,1,1,0,515000000.0,9196428.57142857,author_assigned,,andisheh-new-town,,,,satellite_town
D21-03024,Azarbaijan,50,1,0,0,0,1200000000.0,24000000.0,name_match,azarbaijan,,35.698368072509766,51.36988830566406,10.0,tehran_district
D21-03025,Jeyhoon,40,1,1,1,0,830000000.0,20750000.0,name_match,jeyhoun,,35.68763732910156,51.36460494995117,10.0,tehran_district
D21-03026,Jeyhoon,46,1,0,1,1,940000000.0,20434782.608695652,name_match,jeyhoun,,35.68763732910156,51.36460494995117,10.0,tehran_district
D21-03027,Jeyhoon,93,2,1,1,1,2600000000.0,27956989.247311827,name_match,jeyhoun,,35.68763732910156,51.36460494995117,10.0,tehran_district
D21-03028,Dorous,530,4,1,1,1,79500000000.0,150000000.0,author_assigned,darrous,,35.77359199523926,51.45492362976074,3.0,tehran_district
D21-03029,Si Metri Ji,98,2,1,1,1,1950000000.0,19897959.18367347,author_assigned,jey,,35.67786407470703,51.35260581970215,9.0,tehran_district
D21-03030,Narmak,62,1,1,1,0,2100000000.0,33870967.741935484,name_match,narmak,,35.736019134521484,51.49953079223633,4.0,tehran_district
D21-03031,Shahr-e-Ziba,100,2,1,1,0,3800000000.0,38000000.0,name_match,shahr-e-ziba,,35.7481575012207,51.291460037231445,5.0,tehran_district
D21-03032,Persian Gulf Martyrs Lake,150,3,1,1,1,765000000.0,5100000.0,author_assigned,chitgar-lake,,35.749732971191406,51.210039138793945,22.0,tehran_district
D21-03033,Jordan,270,4,1,1,0,13000000000.0,48148148.14814815,name_match,jordan,,35.76803779602051,51.41743850708008,3.0,tehran_district
D21-03034,Khavaran,50,1,0,1,0,710000000.0,14200000.0,name_match,khavaran,,35.6649284362793,51.45326614379883,14.0,tehran_district
D21-03035,Pasdaran,130,2,1,1,1,9500000000.0,73076923.07692307,name_match,pasdaran,,35.76714897155762,51.46321868896485,4.0,tehran_district
D21-03036,Salsabil,69,2,0,1,0,1400000000.0,20289855.07246377,author_assigned,sarsabil,,35.68894577026367,51.37411117553711,10.0,tehran_district
D21-03037,Qarchak,66,1,0,1,0,600000000.0,9090909.090909092,author_assigned,,qarchak-city,,,,satellite_town
D21-03038,Northern Chitgar,90,2,1,1,1,690000000.0,7666666.666666667,author_assigned,chitgar,,35.72515106201172,51.18548202514648,21.0,tehran_district
D21-03039,Heravi,75,2,1,1,1,4590000000.0,61200000.0,name_match,heravi,,35.76724433898926,51.47656440734863,4.0,tehran_district
D21-03040,East Ferdows Boulevard,58,1,1,1,1,2200000000.0,37931034.48275862,author_assigned,kooy-e-ferdos,,35.72373008728027,51.3161506652832,5.0,tehran_district
D21-03041,Argentina,300,3,1,1,0,17000000000.0,56666666.666666664,author_assigned,arjantin,,35.73590850830078,51.41465950012207,6.0,tehran_district
D21-03042,Si Metri Ji,97,2,1,0,1,1900000000.0,19587628.86597938,author_assigned,jey,,35.67786407470703,51.35260581970215,9.0,tehran_district
D21-03043,Parand,98,2,0,1,0,750000000.0,7653061.224489796,author_assigned,,parand-city,,,,satellite_town
D21-03044,Parand,73,2,1,1,0,375000000.0,5136986.301369863,author_assigned,,parand-city,,,,satellite_town
D21-03045,Qasr-od-Dasht,35,1,1,1,0,990000000.0,28285714.285714287,unlinked,,,,,,unlocated
D21-03046,Ostad Moein,85,2,1,1,0,2000000000.0,23529411.76470588,name_match,ostad-moein,,35.693721771240234,51.34459686279297,9.0,tehran_district
D21-03047,West Ferdows Boulevard,105,2,1,1,1,3500000000.0,33333333.333333332,author_assigned,kooy-e-ferdos,,35.72373008728027,51.3161506652832,5.0,tehran_district
D21-03048,Southern Program Organization,55,1,1,1,0,2050000000.0,37272727.27272727,author_assigned,sazamn-barnameh,,35.72991752624512,51.30108451843262,5.0,tehran_district
D21-03049,Komeil,40,1,0,1,1,810000000.0,20250000.0,unlinked,,,,,,unlocated
D21-03050,Southern Janatabad,90,2,1,1,1,3750000000.0,41666666.666666664,author_assigned,south-janat-abad,,35.74760437011719,51.30598068237305,5.0,tehran_district
D21-03051,Ostad Moein,68,2,0,1,0,1500000000.0,22058823.529411763,name_match,ostad-moein,,35.693721771240234,51.34459686279297,9.0,tehran_district
D21-03052,Khavaran,44,1,1,1,1,649000000.0,14750000.0,name_match,khavaran,,35.6649284362793,51.45326614379883,14.0,tehran_district
D21-03053,Velenjak,130,2,1,1,1,18200000000.0,140000000.0,name_match,velenjak,,35.806060791015625,51.40216255187988,1.0,tehran_district
D21-03054,Ostad Moein,68,2,0,0,1,1320000000.0,19411764.70588235,name_match,ostad-moein,,35.693721771240234,51.34459686279297,9.0,tehran_district
D21-03055,North Program Organization,90,2,1,1,1,4750000000.0,52777777.777777776,author_assigned,sazamn-barnameh,,35.72991752624512,51.30108451843262,5.0,tehran_district
D21-03056,Shahrake Gharb,73,1,1,1,0,7500000000.0,102739726.02739726,name_match,shahrak-e-gharb,,35.76015853881836,51.371429443359375,2.0,tehran_district
D21-03057,Shahran,64,2,0,1,0,1900000000.0,29687500.0,author_assigned,north-shahran,,35.7661018371582,51.288944244384766,5.0,tehran_district
D21-03058,Boloorsazi,82,2,1,1,1,1600000000.0,19512195.12195122,name_match,bolursazi,,35.66257858276367,51.37925148010254,17.0,tehran_district
D21-03059,Salsabil,51,1,0,1,0,850000000.0,16666666.666666666,author_assigned,sarsabil,,35.68894577026367,51.37411117553711,10.0,tehran_district
D21-03060,Beryanak,43,1,0,1,1,725000000.0,16860465.11627907,name_match,beryanak,,35.67388916015625,51.37664222717285,10.0,tehran_district
D21-03061,Punak,65,1,1,1,1,2340000000.0,36000000.0,author_assigned,poonak,,35.76210975646973,51.33013343811035,5.0,tehran_district
D21-03062,Heravi,68,1,0,0,0,4115000000.0,60514705.88235294,name_match,heravi,,35.76724433898926,51.47656440734863,4.0,tehran_district
D21-03063,Air force,65,2,1,0,1,1750000000.0,26923076.923076924,author_assigned,niroo-havayi,,35.70080757141113,51.484256744384766,13.0,tehran_district
D21-03064,West Ferdows Boulevard,59,1,1,1,1,2000000000.0,33898305.084745765,author_assigned,kooy-e-ferdos,,35.72373008728027,51.3161506652832,5.0,tehran_district
D21-03065,Gheitarieh,155,3,1,1,1,13000000000.0,83870967.74193548,author_assigned,qeytariyeh,,35.79129219055176,51.4472541809082,1.0,tehran_district
D21-03066,Punak,58,1,1,1,1,2350000000.0,40517241.37931035,author_assigned,poonak,,35.76210975646973,51.33013343811035,5.0,tehran_district
D21-03067,Parand,72,2,0,0,0,380000000.0,5277777.777777778,author_assigned,,parand-city,,,,satellite_town
D21-03068,Khavaran,56,1,0,1,0,668000000.0,11928571.42857143,name_match,khavaran,,35.6649284362793,51.45326614379883,14.0,tehran_district
D21-03069,Central Janatabad,90,2,1,1,1,3550000000.0,39444444.44444445,name_match,central-janat-abad,,35.75911331176758,51.30409622192383,5.0,tehran_district
D21-03070,Shahran,93,2,1,1,1,2880000000.0,30967741.93548387,author_assigned,north-shahran,,35.7661018371582,51.288944244384766,5.0,tehran_district
D21-03071,Shahran,84,2,1,1,1,2400000000.0,28571428.57142857,author_assigned,north-shahran,,35.7661018371582,51.288944244384766,5.0,tehran_district
D21-03072,Parand,107,2,1,1,1,550000000.0,5140186.91588785,author_assigned,,parand-city,,,,satellite_town
D21-03073,Tajrish,150,3,1,1,1,12750000000.0,85000000.0,name_match,tajrish,,35.804771423339844,51.43100357055664,1.0,tehran_district
D21-03074,Mehrabad River River,120,2,0,0,0,2600000000.0,21666666.666666668,unlinked,,,,,,unlocated
D21-03075,Gheitarieh,165,3,1,1,1,12300000000.0,74545454.54545455,author_assigned,qeytariyeh,,35.79129219055176,51.4472541809082,1.0,tehran_district
D21-03076,Parand,87,2,1,0,1,550000000.0,6321839.08045977,author_assigned,,parand-city,,,,satellite_town
D21-03077,Shahran,76,2,1,1,0,1990000000.0,26184210.52631579,author_assigned,north-shahran,,35.7661018371582,51.288944244384766,5.0,tehran_district
D21-03078,Shahran,83,2,1,1,1,2980000000.0,35903614.45783132,author_assigned,north-shahran,,35.7661018371582,51.288944244384766,5.0,tehran_district
D21-03079,Central Janatabad,115,2,1,1,1,3900000000.0,33913043.47826087,name_match,central-janat-abad,,35.75911331176758,51.30409622192383,5.0,tehran_district
D21-03080,Jordan,115,2,1,1,1,6200000000.0,53913043.47826087,name_match,jordan,,35.76803779602051,51.41743850708008,3.0,tehran_district
D21-03081,Abuzar,85,2,1,0,1,2715000000.0,31941176.470588237,author_assigned,abouzar,,35.652414321899414,51.47984313964844,15.0,tehran_district
D21-03082,Komeil,50,2,0,1,0,730000000.0,14600000.0,unlinked,,,,,,unlocated
D21-03083,Yousef Abad,123,2,1,1,1,7630000000.0,62032520.325203255,name_match,yousef-abad,,35.734426498413086,51.405574798583984,6.0,tehran_district
D21-03084,Tajrish,630,0,0,0,0,75600000000.0,120000000.0,name_match,tajrish,,35.804771423339844,51.43100357055664,1.0,tehran_district
D21-03085,Shahrake Qods,115,2,1,0,1,950000000.0,8260869.565217392,author_assigned,,qods-city,,,,satellite_town
D21-03086,Qasr-od-Dasht,47,1,0,1,0,800000000.0,17021276.59574468,unlinked,,,,,,unlocated
D21-03087,Salsabil,40,1,0,1,0,750000000.0,18750000.0,author_assigned,sarsabil,,35.68894577026367,51.37411117553711,10.0,tehran_district
D21-03088,Velenjak,250,3,1,1,1,40000000000.0,160000000.0,name_match,velenjak,,35.806060791015625,51.40216255187988,1.0,tehran_district
D21-03089,Shahrake Qods,85,2,0,1,1,850000000.0,10000000.0,author_assigned,,qods-city,,,,satellite_town
D21-03090,Jeyhoon,80,2,1,1,1,2220000000.0,27750000.0,name_match,jeyhoun,,35.68763732910156,51.36460494995117,10.0,tehran_district
D21-03091,Gheitarieh,125,2,1,1,1,12500000000.0,100000000.0,author_assigned,qeytariyeh,,35.79129219055176,51.4472541809082,1.0,tehran_district
D21-03092,Varamin - Beheshti,750,5,1,1,0,3500000000.0,4666666.666666667,author_assigned,,varamin-city,,,,satellite_town
D21-03093,Jeyhoon,85,2,0,0,1,1885000000.0,22176470.588235293,name_match,jeyhoun,,35.68763732910156,51.36460494995117,10.0,tehran_district
D21-03094,Mirdamad,170,3,1,1,1,11800000000.0,69411764.70588236,name_match,mirdamad,,35.758596420288086,51.44007682800293,3.0,tehran_district
D21-03095,Shahrake Qods,71,2,0,1,1,525000000.0,7394366.197183099,author_assigned,,qods-city,,,,satellite_town
D21-03096,Shahrake Qods,105,2,1,1,1,920000000.0,8761904.761904761,author_assigned,,qods-city,,,,satellite_town
D21-03097,Shahrake Qods,80,1,0,1,1,580000000.0,7250000.0,author_assigned,,qods-city,,,,satellite_town
D21-03098,Shahrake Qods,95,2,1,1,1,930000000.0,9789473.684210526,author_assigned,,qods-city,,,,satellite_town
D21-03099,Water Organization,78,2,1,1,0,2500000000.0,32051282.051282052,author_assigned,sazman-ab,,35.73834800720215,51.28927040100098,5.0,tehran_district
D21-03100,Shahran,110,2,1,1,1,4070000000.0,37000000.0,author_assigned,north-shahran,,35.7661018371582,51.288944244384766,5.0,tehran_district
D21-03101,East Ferdows Boulevard,71,2,1,1,1,2950000000.0,41549295.774647884,author_assigned,kooy-e-ferdos,,35.72373008728027,51.3161506652832,5.0,tehran_district
D21-03102,Saadat Abad,65,1,1,1,1,3490000000.0,53692307.692307696,name_match,saadat-abad,,35.78205490112305,51.37488555908203,2.0,tehran_district
D21-03103,Saadat Abad,88,2,1,1,1,5200000000.0,59090909.09090909,name_match,saadat-abad,,35.78205490112305,51.37488555908203,2.0,tehran_district
D21-03104,Saadat Abad,135,3,1,1,1,7500000000.0,55555555.55555555,name_match,saadat-abad,,35.78205490112305,51.37488555908203,2.0,tehran_district
D21-03105,Si Metri Ji,50,1,1,1,0,810000000.0,16200000.0,author_assigned,jey,,35.67786407470703,51.35260581970215,9.0,tehran_district
D21-03106,Shoosh,42,1,0,1,0,920000000.0,21904761.904761903,name_match,shoosh,,35.656288146972656,51.440677642822266,15.0,tehran_district
D21-03107,Elahieh,171,2,0,1,0,11500000000.0,67251461.9883041,name_match,elahiyeh,,35.79115676879883,51.426809310913086,1.0,tehran_district
D21-03108,Persian Gulf Martyrs Lake,120,3,1,1,1,1750000000.0,14583333.333333334,author_assigned,chitgar-lake,,35.749732971191406,51.210039138793945,22.0,tehran_district
D21-03109,Shahr-e-Ziba,60,1,0,0,0,18000000000.0,300000000.0,name_match,shahr-e-ziba,,35.7481575012207,51.291460037231445,5.0,tehran_district
D21-03110,Jeyhoon,45,1,0,1,0,800000000.0,17777777.777777776,name_match,jeyhoun,,35.68763732910156,51.36460494995117,10.0,tehran_district
D21-03111,Salsabil,55,1,0,1,0,1100000000.0,20000000.0,author_assigned,sarsabil,,35.68894577026367,51.37411117553711,10.0,tehran_district
D21-03112,Salsabil,72,2,0,1,0,1350000000.0,18750000.0,author_assigned,sarsabil,,35.68894577026367,51.37411117553711,10.0,tehran_district
D21-03113,Ostad Moein,72,2,1,1,1,1860000000.0,25833333.333333332,name_match,ostad-moein,,35.693721771240234,51.34459686279297,9.0,tehran_district
D21-03114,Southern Janatabad,100,2,1,1,1,5600000000.0,56000000.0,author_assigned,south-janat-abad,,35.74760437011719,51.30598068237305,5.0,tehran_district
D21-03115,Ostad Moein,63,1,1,1,1,1380000000.0,21904761.904761903,name_match,ostad-moein,,35.693721771240234,51.34459686279297,9.0,tehran_district
D21-03116,Ostad Moein,61,1,0,0,1,1180000000.0,19344262.295081966,name_match,ostad-moein,,35.693721771240234,51.34459686279297,9.0,tehran_district
D21-03117,Jordan,253,4,1,1,1,11385000000.0,45000000.0,name_match,jordan,,35.76803779602051,51.41743850708008,3.0,tehran_district
D21-03118,Northern Chitgar,90,2,1,1,1,690000000.0,7666666.666666667,author_assigned,chitgar,,35.72515106201172,51.18548202514648,21.0,tehran_district
D21-03119,Jeyhoon,72,2,1,1,1,1850000000.0,25694444.444444444,name_match,jeyhoun,,35.68763732910156,51.36460494995117,10.0,tehran_district
D21-03120,Shahran,98,2,1,1,1,4080000000.0,41632653.06122449,author_assigned,north-shahran,,35.7661018371582,51.288944244384766,5.0,tehran_district
D21-03121,Vanak,145,3,1,1,1,7900000000.0,54482758.62068965,name_match,vanak,,35.758527755737305,51.39923858642578,3.0,tehran_district
D21-03122,Saadat Abad,93,2,1,1,1,4950000000.0,53225806.451612905,name_match,saadat-abad,,35.78205490112305,51.37488555908203,2.0,tehran_district
D21-03123,Salsabil,125,3,1,1,1,3500000000.0,28000000.0,author_assigned,sarsabil,,35.68894577026367,51.37411117553711,10.0,tehran_district
D21-03124,Azarbaijan,60,2,1,1,0,1620000000.0,27000000.0,name_match,azarbaijan,,35.698368072509766,51.36988830566406,10.0,tehran_district
D21-03125,Yousef Abad,120,2,1,1,1,7200000000.0,60000000.0,name_match,yousef-abad,,35.734426498413086,51.405574798583984,6.0,tehran_district
D21-03126,Northern Chitgar,118,2,1,1,1,320000000.0,2711864.406779661,author_assigned,chitgar,,35.72515106201172,51.18548202514648,21.0,tehran_district
D21-03127,Punak,89,2,1,1,1,3000000000.0,33707865.16853932,author_assigned,poonak,,35.76210975646973,51.33013343811035,5.0,tehran_district
D21-03128,Komeil,62,1,1,1,1,1670000000.0,26935483.870967742,unlinked,,,,,,unlocated
D21-03129,North Program Organization,80,2,1,1,1,2950000000.0,36875000.0,author_assigned,sazamn-barnameh,,35.72991752624512,51.30108451843262,5.0,tehran_district
D21-03130,Azarbaijan,77,2,0,1,1,1800000000.0,23376623.376623377,name_match,azarbaijan,,35.698368072509766,51.36988830566406,10.0,tehran_district
D21-03131,Andisheh,72,2,0,0,0,950000000.0,13194444.444444444,author_assigned,,andisheh-new-town,,,,satellite_town
D21-03132,East Ferdows Boulevard,80,2,1,1,1,2980000000.0,37250000.0,author_assigned,kooy-e-ferdos,,35.72373008728027,51.3161506652832,5.0,tehran_district
D21-03133,Northern Chitgar,62,1,1,1,1,875000000.0,14112903.225806452,author_assigned,chitgar,,35.72515106201172,51.18548202514648,21.0,tehran_district
D21-03134,Saadat Abad,115,2,1,1,1,6000000000.0,52173913.04347826,name_match,saadat-abad,,35.78205490112305,51.37488555908203,2.0,tehran_district
D21-03135,Fatemi,94,2,0,1,0,3100000000.0,32978723.40425532,unlinked,,,,,,unlocated
D21-03136,Parand,91,2,1,1,1,465000000.0,5109890.10989011,author_assigned,,parand-city,,,,satellite_town
D21-03137,Amirieh,74,2,1,1,1,1700000000.0,22972972.972972974,name_match,amiriyeh,,35.6776237487793,51.40111541748047,11.0,tehran_district
D21-03138,Shahran,92,2,1,1,1,3200000000.0,34782608.69565217,author_assigned,north-shahran,,35.7661018371582,51.288944244384766,5.0,tehran_district
D21-03139,Shahran,71,1,1,1,1,2300000000.0,32394366.1971831,author_assigned,north-shahran,,35.7661018371582,51.288944244384766,5.0,tehran_district
D21-03140,Shahr-e-Ziba,92,2,1,1,1,3300000000.0,35869565.217391305,name_match,shahr-e-ziba,,35.7481575012207,51.291460037231445,5.0,tehran_district
D21-03141,Shahran,42,1,1,0,1,1760000000.0,41904761.9047619,author_assigned,north-shahran,,35.7661018371582,51.288944244384766,5.0,tehran_district
D21-03142,Taslihat,63,2,0,1,1,1800000000.0,28571428.57142857,name_match,taslihat,,35.718528747558594,51.47330474853516,8.0,tehran_district
D21-03143,Sadeghieh,90,2,1,1,1,3300000000.0,36666666.666666664,name_match,sadeghiyeh,,35.72065734863281,51.34082221984863,2.0,tehran_district
D21-03144,Kook,140,3,1,1,1,1792000000.0,12800000.0,unlinked,,,,,,unlocated
D21-03145,Thirteen November,63,1,1,0,1,800000000.0,12698412.698412698,author_assigned,sizdah-aban,,35.60715675354004,51.41303825378418,20.0,tehran_district
D21-03146,West Ferdows Boulevard,81,2,1,1,1,3400000000.0,41975308.641975306,author_assigned,kooy-e-ferdos,,35.72373008728027,51.3161506652832,5.0,tehran_district
D21-03147,West Ferdows Boulevard,55,1,1,1,1,2150000000.0,39090909.09090909,author_assigned,kooy-e-ferdos,,35.72373008728027,51.3161506652832,5.0,tehran_district
D21-03148,Zargandeh,98,2,1,1,1,5800000000.0,59183673.469387755,name_match,zargandeh,,35.7764835357666,51.43245315551758,3.0,tehran_district
D21-03149,Shahran,84,2,1,1,1,2410000000.0,28690476.19047619,author_assigned,north-shahran,,35.7661018371582,51.288944244384766,5.0,tehran_district
D21-03150,Shahran,92,2,1,1,1,2900000000.0,31521739.13043478,author_assigned,north-shahran,,35.7661018371582,51.288944244384766,5.0,tehran_district
D21-03151,Shahedshahr,86,2,1,1,1,421000000.0,4895348.837209302,author_assigned,,shahedshahr,,,,satellite_town
D21-03152,Shahran,56,1,1,1,1,1890000000.0,33750000.0,author_assigned,north-shahran,,35.7661018371582,51.288944244384766,5.0,tehran_district
D21-03153,Northern Chitgar,90,2,1,1,1,1315000000.0,14611111.111111112,author_assigned,chitgar,,35.72515106201172,51.18548202514648,21.0,tehran_district
D21-03154,Hashemi,48,1,0,0,0,950000000.0,19791666.666666668,name_match,hashemi,,35.68504333496094,51.360145568847656,10.0,tehran_district
D21-03155,Punak,80,2,1,1,1,2800000000.0,35000000.0,author_assigned,poonak,,35.76210975646973,51.33013343811035,5.0,tehran_district
D21-03156,Railway,120,2,1,1,1,1536000000.0,12800000.0,unlinked,,,,,,unlocated
D21-03157,Ostad Moein,39,1,1,0,1,1170000000.0,30000000.0,name_match,ostad-moein,,35.693721771240234,51.34459686279297,9.0,tehran_district
D21-03158,Jeyhoon,80,2,1,1,1,2100000000.0,26250000.0,name_match,jeyhoun,,35.68763732910156,51.36460494995117,10.0,tehran_district
D21-03159,Niavaran,190,3,1,1,1,15200000000.0,80000000.0,name_match,niavaran,,35.81520462036133,51.4692611694336,1.0,tehran_district
D21-03160,Kamranieh,210,3,1,1,1,34560000000.0,164571428.57142857,name_match,kamraniyeh,,35.806640625,51.46280670166016,1.0,tehran_district
D21-03161,Central Janatabad,90,2,1,1,1,3590000000.0,39888888.88888889,name_match,central-janat-abad,,35.75911331176758,51.30409622192383,5.0,tehran_district
D21-03162,Parand,75,2,0,0,1,398000000.0,5306666.666666667,author_assigned,,parand-city,,,,satellite_town
D21-03163,Punak,67,1,1,1,0,2150000000.0,32089552.23880597,author_assigned,poonak,,35.76210975646973,51.33013343811035,5.0,tehran_district
D21-03164,Darakeh,72,2,1,1,1,2900000000.0,40277777.777777776,name_match,darakeh,,35.804832458496094,51.38396835327149,2.0,tehran_district
D21-03165,Persian Gulf Martyrs Lake,93,2,1,1,1,2300000000.0,24731182.795698926,author_assigned,chitgar-lake,,35.749732971191406,51.210039138793945,22.0,tehran_district
D21-03166,West Ferdows Boulevard,119,2,1,1,1,4950000000.0,41596638.65546218,author_assigned,kooy-e-ferdos,,35.72373008728027,51.3161506652832,5.0,tehran_district
D21-03167,Punak,62,2,1,1,1,2200000000.0,35483870.96774194,author_assigned,poonak,,35.76210975646973,51.33013343811035,5.0,tehran_district
D21-03168,Shahran,65,1,1,1,1,1880000000.0,28923076.923076924,author_assigned,north-shahran,,35.7661018371582,51.288944244384766,5.0,tehran_district
D21-03169,Sattarkhan,320,5,0,0,0,28000000000.0,87500000.0,name_match,sattarkhan,,35.72103309631348,51.35769271850586,2.0,tehran_district
D21-03170,Jeyhoon,145,5,0,0,0,5000000000.0,34482758.62068965,name_match,jeyhoun,,35.68763732910156,51.36460494995117,10.0,tehran_district
D21-03171,Parand,75,2,0,0,0,395000000.0,5266666.666666667,author_assigned,,parand-city,,,,satellite_town
D21-03172,Aliabad South,73,2,1,1,0,850000000.0,11643835.616438355,author_assigned,south-ali-abad,,35.626651763916016,51.42118835449219,16.0,tehran_district
D21-03173,Punak,62,2,0,1,0,2300000000.0,37096774.19354839,author_assigned,poonak,,35.76210975646973,51.33013343811035,5.0,tehran_district
D21-03174,Parand,149,3,1,1,1,2100000000.0,14093959.731543625,author_assigned,,parand-city,,,,satellite_town
D21-03175,Punak,68,2,0,1,1,2050000000.0,30147058.82352941,author_assigned,poonak,,35.76210975646973,51.33013343811035,5.0,tehran_district
D21-03176,West Ferdows Boulevard,75,2,1,1,0,2480000000.0,33066666.666666668,author_assigned,kooy-e-ferdos,,35.72373008728027,51.3161506652832,5.0,tehran_district
D21-03177,Jeyhoon,133,5,0,0,0,4700000000.0,35338345.86466166,name_match,jeyhoun,,35.68763732910156,51.36460494995117,10.0,tehran_district
D21-03178,Punak,63,2,1,1,0,1880000000.0,29841269.84126984,author_assigned,poonak,,35.76210975646973,51.33013343811035,5.0,tehran_district
D21-03179,Pirouzi,58,1,1,1,1,500000000.0,8620689.655172413,name_match,pirouzi,,35.692726135253906,51.48339080810547,13.0,tehran_district
D21-03180,Jordan,67,1,1,1,1,6700000000.0,100000000.0,name_match,jordan,,35.76803779602051,51.41743850708008,3.0,tehran_district
D21-03181,Shahran,70,1,1,1,1,2270000000.0,32428571.42857143,author_assigned,north-shahran,,35.7661018371582,51.288944244384766,5.0,tehran_district
D21-03182,Niavaran,135,3,1,1,1,9000000000.0,66666666.666666664,name_match,niavaran,,35.81520462036133,51.4692611694336,1.0,tehran_district
D21-03183,Amirabad,122,4,1,0,1,2400000000.0,19672131.147540983,name_match,amir-abad,,35.735538482666016,51.39494323730469,6.0,tehran_district
D21-03184,Shahran,80,2,1,1,1,2590000000.0,32375000.0,author_assigned,north-shahran,,35.7661018371582,51.288944244384766,5.0,tehran_district
D21-03185,Punak,55,1,1,1,1,2750000000.0,50000000.0,author_assigned,poonak,,35.76210975646973,51.33013343811035,5.0,tehran_district
D21-03186,Shahran,86,2,1,1,0,3100000000.0,36046511.62790698,author_assigned,north-shahran,,35.7661018371582,51.288944244384766,5.0,tehran_district
D21-03187,Ostad Moein,30,0,0,1,0,500000000.0,16666666.666666666,name_match,ostad-moein,,35.693721771240234,51.34459686279297,9.0,tehran_district
D21-03188,Southern Janatabad,88,2,1,1,1,4500000000.0,51136363.63636363,author_assigned,south-janat-abad,,35.74760437011719,51.30598068237305,5.0,tehran_district
D21-03189,Jordan,220,3,1,1,1,13500000000.0,61363636.36363637,name_match,jordan,,35.76803779602051,51.41743850708008,3.0,tehran_district
D21-03190,ShahrAra,102,2,1,1,0,2950000000.0,28921568.62745098,author_assigned,sharara,,35.72113800048828,51.37224197387695,2.0,tehran_district
D21-03191,Gheitarieh,97,2,1,1,1,6000000000.0,61855670.10309278,author_assigned,qeytariyeh,,35.79129219055176,51.4472541809082,1.0,tehran_district
D21-03192,Yousef Abad,150,3,1,1,1,11000000000.0,73333333.33333333,name_match,yousef-abad,,35.734426498413086,51.405574798583984,6.0,tehran_district
D21-03193,Alborz Complex,64,1,1,1,0,645000000.0,10078125.0,unlinked,,,,,,unlocated
D21-03194,Punak,62,2,0,1,0,2300000000.0,37096774.19354839,author_assigned,poonak,,35.76210975646973,51.33013343811035,5.0,tehran_district
D21-03195,Shahran,100,2,1,1,1,4200000000.0,42000000.0,author_assigned,north-shahran,,35.7661018371582,51.288944244384766,5.0,tehran_district
D21-03196,Shahran,97,2,1,1,1,3300000000.0,34020618.556701034,author_assigned,north-shahran,,35.7661018371582,51.288944244384766,5.0,tehran_district
D21-03197,Shahran,80,2,1,1,1,3950000000.0,49375000.0,author_assigned,north-shahran,,35.7661018371582,51.288944244384766,5.0,tehran_district
D21-03198,Narmak,53,1,0,1,1,2300000000.0,43396226.41509434,name_match,narmak,,35.736019134521484,51.49953079223633,4.0,tehran_district
D21-03199,Ostad Moein,68,2,1,1,1,1680000000.0,24705882.352941178,name_match,ostad-moein,,35.693721771240234,51.34459686279297,9.0,tehran_district
D21-03200,Fatemi,105,2,1,1,0,4300000000.0,40952380.952380955,unlinked,,,,,,unlocated
D21-03201,Punak,70,2,1,1,0,2300000000.0,32857142.85714286,author_assigned,poonak,,35.76210975646973,51.33013343811035,5.0,tehran_district
D21-03202,Central Janatabad,86,2,1,1,1,4300000000.0,50000000.0,name_match,central-janat-abad,,35.75911331176758,51.30409622192383,5.0,tehran_district
D21-03203,Beryanak,62,1,0,1,0,682000000.0,11000000.0,name_match,beryanak,,35.67388916015625,51.37664222717285,10.0,tehran_district
D21-03204,Salsabil,40,2,0,0,0,830000000.0,20750000.0,author_assigned,sarsabil,,35.68894577026367,51.37411117553711,10.0,tehran_district
D21-03205,Karoon,57,1,1,0,1,1700000000.0,29824561.40350877,unlinked,,,,,,unlocated
D21-03206,Jordan,140,3,1,1,1,7700000000.0,55000000.0,name_match,jordan,,35.76803779602051,51.41743850708008,3.0,tehran_district
D21-03207,Qasr-od-Dasht,40,1,0,1,0,790000000.0,19750000.0,unlinked,,,,,,unlocated
D21-03208,Salsabil,35,1,1,1,0,780000000.0,22285714.285714287,author_assigned,sarsabil,,35.68894577026367,51.37411117553711,10.0,tehran_district
D21-03209,Gheitarieh,112,2,1,1,1,8610000000.0,76875000.0,author_assigned,qeytariyeh,,35.79129219055176,51.4472541809082,1.0,tehran_district
D21-03210,Saadat Abad,140,3,1,1,1,8000000000.0,57142857.14285714,name_match,saadat-abad,,35.78205490112305,51.37488555908203,2.0,tehran_district
D21-03211,Eskandari,48,1,0,0,1,1280000000.0,26666666.666666668,name_match,eskandari,,35.687496185302734,51.38174819946289,11.0,tehran_district
D21-03212,Punak,70,2,1,1,1,2800000000.0,40000000.0,author_assigned,poonak,,35.76210975646973,51.33013343811035,5.0,tehran_district
D21-03213,Kamranieh,175,3,1,1,1,17000000000.0,97142857.14285715,name_match,kamraniyeh,,35.806640625,51.46280670166016,1.0,tehran_district
D21-03214,Ekhtiarieh,135,2,1,1,1,8100000000.0,60000000.0,name_match,ekhtiyariyeh,,35.78642272949219,51.459720611572266,3.0,tehran_district
D21-03215,Karoon,45,1,0,1,0,880000000.0,19555555.555555556,unlinked,,,,,,unlocated
D21-03216,Azarbaijan,50,1,1,1,0,1250000000.0,25000000.0,name_match,azarbaijan,,35.698368072509766,51.36988830566406,10.0,tehran_district
D21-03217,Central Janatabad,61,1,1,1,1,2000000000.0,32786885.24590164,name_match,central-janat-abad,,35.75911331176758,51.30409622192383,5.0,tehran_district
D21-03218,Salsabil,47,1,1,1,0,1050000000.0,22340425.531914894,author_assigned,sarsabil,,35.68894577026367,51.37411117553711,10.0,tehran_district
D21-03219,Farmanieh,210,3,1,1,1,33600000000.0,160000000.0,name_match,farmaniyeh,,35.79709053039551,51.46924209594727,1.0,tehran_district
D21-03220,Parand,82,2,0,0,1,455000000.0,5548780.4878048785,author_assigned,,parand-city,,,,satellite_town
D21-03221,Pirouzi,72,2,0,0,0,2376000000.0,33000000.0,name_match,pirouzi,,35.692726135253906,51.48339080810547,13.0,tehran_district
D21-03222,Feiz Garden,65,2,0,1,0,1900000000.0,29230769.230769232,author_assigned,bagh-feyz,,35.744869232177734,51.32010269165039,5.0,tehran_district
D21-03223,Jeyhoon,44,1,0,1,0,945000000.0,21477272.727272727,name_match,jeyhoun,,35.68763732910156,51.36460494995117,10.0,tehran_district
D21-03224,Azarbaijan,58,1,0,1,0,1270000000.0,21896551.724137932,name_match,azarbaijan,,35.698368072509766,51.36988830566406,10.0,tehran_district
D21-03225,Shahryar,127,2,1,1,1,2500000000.0,19685039.37007874,author_assigned,,shahriar-city,,,,satellite_town
D21-03226,Gheitarieh,124,3,1,1,1,7700000000.0,62096774.19354839,author_assigned,qeytariyeh,,35.79129219055176,51.4472541809082,1.0,tehran_district
D21-03227,Shahran,65,2,1,1,1,2350000000.0,36153846.15384615,author_assigned,north-shahran,,35.7661018371582,51.288944244384766,5.0,tehran_district
D21-03228,Gheitarieh,110,2,1,1,1,8660000000.0,78727272.72727273,author_assigned,qeytariyeh,,35.79129219055176,51.4472541809082,1.0,tehran_district
D21-03229,Niavaran,200,4,1,1,1,15000000000.0,75000000.0,name_match,niavaran,,35.81520462036133,51.4692611694336,1.0,tehran_district
D21-03230,Elahieh,240,3,1,1,0,34560000000.0,144000000.0,name_match,elahiyeh,,35.79115676879883,51.426809310913086,1.0,tehran_district
D21-03231,Parand,75,2,0,0,1,330000000.0,4400000.0,author_assigned,,parand-city,,,,satellite_town
D21-03232,Ostad Moein,130,1,1,1,1,1280000000.0,9846153.846153846,name_match,ostad-moein,,35.693721771240234,51.34459686279297,9.0,tehran_district
D21-03233,Pishva,72,2,0,0,0,300000000.0,4166666.6666666665,author_assigned,,pishva,,,,satellite_town
D21-03234,Jordan,101,2,1,1,1,5200000000.0,51485148.51485149,name_match,jordan,,35.76803779602051,51.41743850708008,3.0,tehran_district
D21-03235,Punak,82,2,1,1,1,3300000000.0,40243902.43902439,author_assigned,poonak,,35.76210975646973,51.33013343811035,5.0,tehran_district
D21-03236,Elahieh,150,3,1,1,0,11760000000.0,78400000.0,name_match,elahiyeh,,35.79115676879883,51.426809310913086,1.0,tehran_district
D21-03237,Beryanak,48,1,0,0,0,740000000.0,15416666.666666666,name_match,beryanak,,35.67388916015625,51.37664222717285,10.0,tehran_district
D21-03238,Farmanieh,106,2,1,1,1,4450000000.0,41981132.0754717,name_match,farmaniyeh,,35.79709053039551,51.46924209594727,1.0,tehran_district
D21-03239,Farmanieh,205,3,1,1,1,20000000000.0,97560975.6097561,name_match,farmaniyeh,,35.79709053039551,51.46924209594727,1.0,tehran_district
D21-03240,Gheitarieh,125,2,1,1,1,1125000000.0,9000000.0,author_assigned,qeytariyeh,,35.79129219055176,51.4472541809082,1.0,tehran_district
D21-03241,Shahr-e-Ziba,85,2,1,1,1,2900000000.0,34117647.058823526,name_match,shahr-e-ziba,,35.7481575012207,51.291460037231445,5.0,tehran_district
D21-03242,Azarbaijan,220,4,1,1,0,15000000000.0,68181818.18181819,name_match,azarbaijan,,35.698368072509766,51.36988830566406,10.0,tehran_district
D21-03243,Shahran,104,2,0,0,0,4080000000.0,39230769.23076923,author_assigned,north-shahran,,35.7661018371582,51.288944244384766,5.0,tehran_district
D21-03244,Shahran,99,2,1,1,1,3900000000.0,39393939.39393939,author_assigned,north-shahran,,35.7661018371582,51.288944244384766,5.0,tehran_district
D21-03245,Shahrake Gharb,165,3,1,1,1,18150000000.0,110000000.0,name_match,shahrak-e-gharb,,35.76015853881836,51.371429443359375,2.0,tehran_district
D21-03246,Pardis,98,2,1,1,1,650000000.0,6632653.0612244895,author_assigned,,pardis-city,,,,satellite_town
D21-03247,Shahr-e-Ziba,71,2,0,1,1,2150000000.0,30281690.14084507,name_match,shahr-e-ziba,,35.7481575012207,51.291460037231445,5.0,tehran_district
D21-03248,Persian Gulf Martyrs Lake,104,2,1,1,1,3500000000.0,33653846.15384615,author_assigned,chitgar-lake,,35.749732971191406,51.210039138793945,22.0,tehran_district
D21-03249,Shahran,102,2,1,1,1,4000000000.0,39215686.2745098,author_assigned,north-shahran,,35.7661018371582,51.288944244384766,5.0,tehran_district
D21-03250,Shahran,112,2,1,1,1,5400000000.0,48214285.71428572,author_assigned,north-shahran,,35.7661018371582,51.288944244384766,5.0,tehran_district
D21-03251,Shahrake Qods,80,1,0,1,0,550000000.0,6875000.0,author_assigned,,qods-city,,,,satellite_town
D21-03252,Jeyhoon,69,2,1,1,1,1700000000.0,24637681.15942029,name_match,jeyhoun,,35.68763732910156,51.36460494995117,10.0,tehran_district
D21-03253,Saadat Abad,135,3,1,1,1,9000000000.0,66666666.666666664,name_match,saadat-abad,,35.78205490112305,51.37488555908203,2.0,tehran_district
D21-03254,Qasr-od-Dasht,44,1,0,1,0,1000000000.0,22727272.727272727,unlinked,,,,,,unlocated
D21-03255,Shahr-e-Ziba,80,2,1,1,0,2480000000.0,31000000.0,name_match,shahr-e-ziba,,35.7481575012207,51.291460037231445,5.0,tehran_district
D21-03256,Persian Gulf Martyrs Lake,80,2,1,1,1,750000000.0,9375000.0,author_assigned,chitgar-lake,,35.749732971191406,51.210039138793945,22.0,tehran_district
D21-03257,Parand,60,1,0,0,0,300000000.0,5000000.0,author_assigned,,parand-city,,,,satellite_town
D21-03258,Parand,60,1,0,0,0,300000000.0,5000000.0,author_assigned,,parand-city,,,,satellite_town
D21-03259,Saadat Abad,108,2,1,1,1,8600000000.0,79629629.62962963,name_match,saadat-abad,,35.78205490112305,51.37488555908203,2.0,tehran_district
D21-03260,Mirdamad,150,2,1,1,1,8200000000.0,54666666.666666664,name_match,mirdamad,,35.758596420288086,51.44007682800293,3.0,tehran_district
D21-03261,Parand,78,2,0,0,0,780000000.0,10000000.0,author_assigned,,parand-city,,,,satellite_town
D21-03262,Firoozkooh,77,2,1,1,0,470000000.0,6103896.103896104,author_assigned,,firuzkooh,,,,satellite_town
D21-03263,Yousef Abad,160,5,1,1,0,18000000000.0,112500000.0,name_match,yousef-abad,,35.734426498413086,51.405574798583984,6.0,tehran_district
D21-03264,Golestan,106,2,1,1,1,2340000000.0,22075471.698113207,author_assigned,,golestan-baharestan,,,,satellite_town
D21-03265,West Pars,135,3,1,1,1,5600000000.0,41481481.481481485,author_assigned,west-tehranpars,,35.73899841308594,51.52931213378906,4.0,tehran_district
D21-03266,Amirabad,102,3,0,0,1,4300000000.0,42156862.74509804,name_match,amir-abad,,35.735538482666016,51.39494323730469,6.0,tehran_district
D21-03267,Punak,68,2,1,1,1,2150000000.0,31617647.05882353,author_assigned,poonak,,35.76210975646973,51.33013343811035,5.0,tehran_district
D21-03268,Saadat Abad,136,3,1,1,1,11000000000.0,80882352.94117647,name_match,saadat-abad,,35.78205490112305,51.37488555908203,2.0,tehran_district
D21-03269,Jeyhoon,77,2,1,1,1,1680000000.0,21818181.818181816,name_match,jeyhoun,,35.68763732910156,51.36460494995117,10.0,tehran_district
D21-03270,Vahidiyeh,84,2,0,1,1,588000000.0,7000000.0,name_match,vahidiyeh,,35.71516418457031,51.47038841247559,8.0,tehran_district
D21-03271,Shadabad,69,1,1,1,1,890000000.0,12898550.724637682,name_match,shadabad,,35.65815353393555,51.30338096618652,18.0,tehran_district
D21-03272,Andisheh,55,1,1,1,1,797500000.0,14500000.0,author_assigned,,andisheh-new-town,,,,satellite_town
D21-03273,West Ferdows Boulevard,94,2,1,1,1,4100000000.0,43617021.27659574,author_assigned,kooy-e-ferdos,,35.72373008728027,51.3161506652832,5.0,tehran_district
D21-03274,Persian Gulf Martyrs Lake,120,3,1,1,1,295000000.0,2458333.3333333335,author_assigned,chitgar-lake,,35.749732971191406,51.210039138793945,22.0,tehran_district
D21-03275,Persian Gulf Martyrs Lake,90,2,1,1,1,290000000.0,3222222.222222222,author_assigned,chitgar-lake,,35.749732971191406,51.210039138793945,22.0,tehran_district
D21-03276,Persian Gulf Martyrs Lake,60,1,1,1,1,295000000.0,4916666.666666667,author_assigned,chitgar-lake,,35.749732971191406,51.210039138793945,22.0,tehran_district
D21-03277,Beryanak,54,1,0,1,0,760000000.0,14074074.074074075,name_match,beryanak,,35.67388916015625,51.37664222717285,10.0,tehran_district
D21-03278,Gheitarieh,144,3,1,1,1,7250000000.0,50347222.222222224,author_assigned,qeytariyeh,,35.79129219055176,51.4472541809082,1.0,tehran_district
D21-03279,Parand,80,2,0,0,0,380000000.0,4750000.0,author_assigned,,parand-city,,,,satellite_town
D21-03280,Ozgol,110,3,1,1,1,6550000000.0,59545454.54545455,name_match,ozgol,,35.79227256774902,51.49772834777832,1.0,tehran_district
D21-03281,Yousef Abad,55,2,0,1,0,2150000000.0,39090909.09090909,name_match,yousef-abad,,35.734426498413086,51.405574798583984,6.0,tehran_district
D21-03282,Punak,65,2,0,1,0,1900000000.0,29230769.230769232,author_assigned,poonak,,35.76210975646973,51.33013343811035,5.0,tehran_district
D21-03283,Salsabil,60,2,1,1,1,1520000000.0,25333333.333333332,author_assigned,sarsabil,,35.68894577026367,51.37411117553711,10.0,tehran_district
D21-03284,Andisheh,69,2,1,1,0,980000000.0,14202898.550724637,author_assigned,,andisheh-new-town,,,,satellite_town
D21-03285,Persian Gulf Martyrs Lake,180,4,1,1,1,2720000000.0,15111111.111111112,author_assigned,chitgar-lake,,35.749732971191406,51.210039138793945,22.0,tehran_district
D21-03286,Parand,180,2,1,1,0,2100000000.0,11666666.666666666,author_assigned,,parand-city,,,,satellite_town
D21-03287,Ozgol,110,3,1,1,1,6550000000.0,59545454.54545455,name_match,ozgol,,35.79227256774902,51.49772834777832,1.0,tehran_district
D21-03288,Narmak,130,2,0,1,0,6300000000.0,48461538.461538464,name_match,narmak,,35.736019134521484,51.49953079223633,4.0,tehran_district
D21-03289,Gheitarieh,82,2,1,1,1,7000000000.0,85365853.65853658,author_assigned,qeytariyeh,,35.79129219055176,51.4472541809082,1.0,tehran_district
D21-03290,Gheitarieh,128,3,1,1,1,9200000000.0,71875000.0,author_assigned,qeytariyeh,,35.79129219055176,51.4472541809082,1.0,tehran_district
D21-03291,Farmanieh,85,2,1,1,1,6100000000.0,71764705.88235295,name_match,farmaniyeh,,35.79709053039551,51.46924209594727,1.0,tehran_district
D21-03292,Ahang,68,1,1,0,1,1400000000.0,20588235.29411765,name_match,ahang,,35.66365432739258,51.47688102722169,14.0,tehran_district
D21-03293,West Pars,110,3,1,1,1,6550000000.0,59545454.54545455,author_assigned,west-tehranpars,,35.73899841308594,51.52931213378906,4.0,tehran_district
D21-03294,Parand,94,2,0,0,1,680000000.0,7234042.55319149,author_assigned,,parand-city,,,,satellite_town
D21-03295,Naziabad,42,1,0,0,0,640000000.0,15238095.238095239,name_match,nazi-abad,,35.63857650756836,51.405548095703125,16.0,tehran_district
D21-03296,Punak,63,1,1,1,1,2200000000.0,34920634.92063492,author_assigned,poonak,,35.76210975646973,51.33013343811035,5.0,tehran_district
D21-03297,Parand,62,1,0,0,1,350000000.0,5645161.29032258,author_assigned,,parand-city,,,,satellite_town
D21-03298,Jordan,155,3,1,1,1,13950000000.0,90000000.0,name_match,jordan,,35.76803779602051,51.41743850708008,3.0,tehran_district
D21-03299,Afsarieh,65,2,1,1,1,1550000000.0,23846153.846153848,name_match,afsariyeh,,35.649417877197266,51.49230194091797,15.0,tehran_district
D21-03300,Jordan,138,3,1,1,1,9500000000.0,68840579.71014492,name_match,jordan,,35.76803779602051,51.41743850708008,3.0,tehran_district
D21-03301,Azarbaijan,135,3,1,1,1,3440000000.0,25481481.48148148,name_match,azarbaijan,,35.698368072509766,51.36988830566406,10.0,tehran_district
D21-03302,Azarbaijan,135,3,1,1,1,3440000000.0,25481481.48148148,name_match,azarbaijan,,35.698368072509766,51.36988830566406,10.0,tehran_district
D21-03303,Pardis,71,1,0,1,1,540000000.0,7605633.802816901,author_assigned,,pardis-city,,,,satellite_town
D21-03304,Kook,175,3,1,1,1,10500000000.0,60000000.0,unlinked,,,,,,unlocated
D21-03305,Shahrake Gharb,145,3,1,1,1,10500000000.0,72413793.10344827,name_match,shahrak-e-gharb,,35.76015853881836,51.371429443359375,2.0,tehran_district
D21-03306,Shahrake Gharb,285,4,1,1,1,28500000000.0,100000000.0,name_match,shahrak-e-gharb,,35.76015853881836,51.371429443359375,2.0,tehran_district
D21-03307,Shahrake Gharb,125,3,1,1,1,11250000000.0,90000000.0,name_match,shahrak-e-gharb,,35.76015853881836,51.371429443359375,2.0,tehran_district
D21-03308,Shahrake Gharb,115,2,1,1,1,12000000000.0,104347826.08695652,name_match,shahrak-e-gharb,,35.76015853881836,51.371429443359375,2.0,tehran_district
D21-03309,Andisheh,59,1,1,1,1,708000000.0,12000000.0,author_assigned,,andisheh-new-town,,,,satellite_town
D21-03310,Parand,89,3,1,1,1,430000000.0,4831460.674157304,author_assigned,,parand-city,,,,satellite_town
D21-03311,Jeyhoon,78,2,1,0,1,2250000000.0,28846153.846153848,name_match,jeyhoun,,35.68763732910156,51.36460494995117,10.0,tehran_district
D21-03312,Parand,65,1,1,1,1,340000000.0,5230769.230769231,author_assigned,,parand-city,,,,satellite_town
D21-03313,Parand,78,2,1,1,1,480000000.0,6153846.153846154,author_assigned,,parand-city,,,,satellite_town
D21-03314,Central Janatabad,82,2,1,1,1,3000000000.0,36585365.853658535,name_match,central-janat-abad,,35.75911331176758,51.30409622192383,5.0,tehran_district
D21-03315,Gheitarieh,125,2,0,1,0,1550000000.0,12400000.0,author_assigned,qeytariyeh,,35.79129219055176,51.4472541809082,1.0,tehran_district
D21-03316,Vahidieh,60,2,0,1,1,1280000000.0,21333333.333333332,name_match,vahidiyeh,,35.71516418457031,51.47038841247559,8.0,tehran_district
D21-03317,Salsabil,57,2,0,1,0,1200000000.0,21052631.57894737,author_assigned,sarsabil,,35.68894577026367,51.37411117553711,10.0,tehran_district
D21-03318,Afsarieh,66,2,0,1,0,1120000000.0,16969696.96969697,name_match,afsariyeh,,35.649417877197266,51.49230194091797,15.0,tehran_district
D21-03319,West Ferdows Boulevard,80,2,1,1,1,3000000000.0,37500000.0,author_assigned,kooy-e-ferdos,,35.72373008728027,51.3161506652832,5.0,tehran_district
D21-03320,Shahran,46,1,1,1,1,1700000000.0,36956521.73913044,author_assigned,north-shahran,,35.7661018371582,51.288944244384766,5.0,tehran_district
D21-03321,East Ferdows Boulevard,80,2,1,1,1,3000000000.0,37500000.0,author_assigned,kooy-e-ferdos,,35.72373008728027,51.3161506652832,5.0,tehran_district
D21-03322,Southern Janatabad,73,2,1,1,1,3060000000.0,41917808.21917808,author_assigned,south-janat-abad,,35.74760437011719,51.30598068237305,5.0,tehran_district
D21-03323,Northern Janatabad,115,2,0,0,0,5175000000.0,45000000.0,author_assigned,north-janat-abad,,35.770896911621094,51.30755615234375,5.0,tehran_district
D21-03324,West Pars,65,2,1,1,0,1950000000.0,30000000.0,author_assigned,west-tehranpars,,35.73899841308594,51.52931213378906,4.0,tehran_district
D21-03325,Southern Janatabad,72,2,1,1,1,2550000000.0,35416666.666666664,author_assigned,south-janat-abad,,35.74760437011719,51.30598068237305,5.0,tehran_district
D21-03326,Southern Janatabad,80,2,1,1,1,3000000000.0,37500000.0,author_assigned,south-janat-abad,,35.74760437011719,51.30598068237305,5.0,tehran_district
D21-03327,Central Janatabad,80,2,1,1,1,3000000000.0,37500000.0,name_match,central-janat-abad,,35.75911331176758,51.30409622192383,5.0,tehran_district
D21-03328,Narmak,97,2,1,1,1,4000000000.0,41237113.40206186,name_match,narmak,,35.736019134521484,51.49953079223633,4.0,tehran_district
D21-03329,Niavaran,150,3,1,1,1,11000000000.0,73333333.33333333,name_match,niavaran,,35.81520462036133,51.4692611694336,1.0,tehran_district
D21-03330,ShahrAra,175,3,1,1,1,7800000000.0,44571428.571428575,author_assigned,sharara,,35.72113800048828,51.37224197387695,2.0,tehran_district
D21-03331,Parand,74,1,0,1,1,480000000.0,6486486.486486486,author_assigned,,parand-city,,,,satellite_town
D21-03332,Marzdaran,157,3,1,1,1,10200000000.0,64968152.866242036,name_match,marzdaran,,35.73454475402832,51.33983612060547,2.0,tehran_district
D21-03333,Feiz Garden,92,2,1,1,1,3350000000.0,36413043.47826087,author_assigned,bagh-feyz,,35.744869232177734,51.32010269165039,5.0,tehran_district
D21-03334,Pasdaran,190,3,1,1,1,12350000000.0,65000000.0,name_match,pasdaran,,35.76714897155762,51.46321868896485,4.0,tehran_district
D21-03335,Pasdaran,110,2,1,1,1,8800000000.0,80000000.0,name_match,pasdaran,,35.76714897155762,51.46321868896485,4.0,tehran_district
D21-03336,Pirouzi,50,1,0,1,0,1100000000.0,22000000.0,name_match,pirouzi,,35.692726135253906,51.48339080810547,13.0,tehran_district
D21-03337,Marzdaran,197,3,1,1,1,15563000000.0,79000000.0,name_match,marzdaran,,35.73454475402832,51.33983612060547,2.0,tehran_district
D21-03338,Chidz,107,2,1,1,1,8600000000.0,80373831.77570094,author_assigned,chizar,,35.79753875732422,51.45467376708984,1.0,tehran_district
D21-03339,Farmanieh,78,2,1,1,1,7200000000.0,92307692.3076923,name_match,farmaniyeh,,35.79709053039551,51.46924209594727,1.0,tehran_district
D21-03340,Central Janatabad,46,1,1,1,1,1950000000.0,42391304.347826086,name_match,central-janat-abad,,35.75911331176758,51.30409622192383,5.0,tehran_district
D21-03341,Mahmoudieh,112,2,1,1,1,8400000000.0,75000000.0,name_match,mahmoodiyeh,,35.795257568359375,51.412559509277344,1.0,tehran_district
D21-03342,Tehran Now,60,1,0,1,0,1500000000.0,25000000.0,author_assigned,tehran-no,,35.709510803222656,51.49639129638672,13.0,tehran_district
D21-03343,Marzdaran,128,3,1,1,1,6700000000.0,52343750.0,name_match,marzdaran,,35.73454475402832,51.33983612060547,2.0,tehran_district
D21-03344,Kook,193,3,1,1,1,13000000000.0,67357512.95336787,unlinked,,,,,,unlocated
D21-03345,Niavaran,120,2,1,1,1,9000000000.0,75000000.0,name_match,niavaran,,35.81520462036133,51.4692611694336,1.0,tehran_district
D21-03346,Ghoba,115,2,1,1,1,8150000000.0,70869565.2173913,name_match,qoba,,35.76119613647461,51.45028114318848,3.0,tehran_district
D21-03347,Southern Janatabad,95,2,1,1,1,3300000000.0,34736842.10526316,author_assigned,south-janat-abad,,35.74760437011719,51.30598068237305,5.0,tehran_district
D21-03348,Central Janatabad,92,2,1,1,1,3400000000.0,36956521.73913044,name_match,central-janat-abad,,35.75911331176758,51.30409622192383,5.0,tehran_district
D21-03349,West Ferdows Boulevard,71,2,1,1,0,2000000000.0,28169014.08450704,author_assigned,kooy-e-ferdos,,35.72373008728027,51.3161506652832,5.0,tehran_district
D21-03350,Damavand,95,2,1,1,1,1750000000.0,18421052.63157895,author_assigned,,damavand,,,,satellite_town
D21-03351,Salsabil,40,1,0,1,0,630000000.0,15750000.0,author_assigned,sarsabil,,35.68894577026367,51.37411117553711,10.0,tehran_district
D21-03352,Punak,52,1,1,1,1,2360000000.0,45384615.384615384,author_assigned,poonak,,35.76210975646973,51.33013343811035,5.0,tehran_district
D21-03353,Salsabil,84,2,1,1,1,1900000000.0,22619047.61904762,author_assigned,sarsabil,,35.68894577026367,51.37411117553711,10.0,tehran_district
D21-03354,Amirieh,80,2,1,1,1,1800000000.0,22500000.0,name_match,amiriyeh,,35.6776237487793,51.40111541748047,11.0,tehran_district
D21-03355,Salsabil,58,1,0,1,0,715000000.0,12327586.206896551,author_assigned,sarsabil,,35.68894577026367,51.37411117553711,10.0,tehran_district
D21-03356,Shahran,68,2,1,1,1,2270000000.0,33382352.94117647,author_assigned,north-shahran,,35.7661018371582,51.288944244384766,5.0,tehran_district
D21-03357,Southern Janatabad,90,2,1,1,1,3350000000.0,37222222.222222224,author_assigned,south-janat-abad,,35.74760437011719,51.30598068237305,5.0,tehran_district
D21-03358,Republic,65,1,0,1,0,1400000000.0,21538461.53846154,author_assigned,jomhouri,,35.696685791015625,51.38128662109375,11.0,tehran_district
D21-03359,Rudhen,200,2,0,0,0,2850000000.0,14250000.0,author_assigned,,rudehen,,,,satellite_town
D21-03360,Amirieh,72,2,1,1,1,1670000000.0,23194444.444444444,name_match,amiriyeh,,35.6776237487793,51.40111541748047,11.0,tehran_district
D21-03361,Qasr-od-Dasht,80,2,1,1,1,1800000000.0,22500000.0,unlinked,,,,,,unlocated
D21-03362,Amirieh,71,2,1,1,1,1650000088.0,23239437.85915493,name_match,amiriyeh,,35.6776237487793,51.40111541748047,11.0,tehran_district
D21-03363,Amirieh,86,2,1,1,1,1980000000.0,23023255.81395349,name_match,amiriyeh,,35.6776237487793,51.40111541748047,11.0,tehran_district
D21-03364,Parand,75,2,0,1,1,345000000.0,4600000.0,author_assigned,,parand-city,,,,satellite_town
D21-03365,West Ferdows Boulevard,54,1,1,1,1,22500000003.0,416666666.7222222,author_assigned,kooy-e-ferdos,,35.72373008728027,51.3161506652832,5.0,tehran_district
D21-03366,Shahr-e-Ziba,60,1,1,1,1,1960000000.0,32666666.666666668,name_match,shahr-e-ziba,,35.7481575012207,51.291460037231445,5.0,tehran_district
D21-03367,East Ferdows Boulevard,105,3,1,1,1,5830000000.0,55523809.52380952,author_assigned,kooy-e-ferdos,,35.72373008728027,51.3161506652832,5.0,tehran_district
D21-03368,Abazar,72,2,1,1,1,3350000000.0,46527777.777777776,author_assigned,aboozar,,35.73118209838867,51.32947540283203,5.0,tehran_district
D21-03369,Pasdaran,186,3,1,1,1,9300000000.0,50000000.0,name_match,pasdaran,,35.76714897155762,51.46321868896485,4.0,tehran_district
D21-03370,Heravi,110,2,1,1,1,6050000000.0,55000000.0,name_match,heravi,,35.76724433898926,51.47656440734863,4.0,tehran_district
D21-03371,Southern Janatabad,90,2,1,1,1,3350000000.0,37222222.222222224,author_assigned,south-janat-abad,,35.74760437011719,51.30598068237305,5.0,tehran_district
D21-03372,Islamshahr,84,2,1,1,1,855000000.0,10178571.42857143,author_assigned,,eslamshahr,,,,satellite_town
D21-03373,Kahrizak,53,1,0,0,0,450000000.0,8490566.03773585,author_assigned,,kahrizak,,,,satellite_town
D21-03374,Javadiyeh,63,3,0,1,0,1450000000.0,23015873.015873015,name_match,javadiyeh,,35.65316390991211,51.38998794555664,16.0,tehran_district
D21-03375,Shahran,53,1,0,1,0,1470000000.0,27735849.056603774,author_assigned,north-shahran,,35.7661018371582,51.288944244384766,5.0,tehran_district
D21-03376,Southern Janatabad,105,2,1,1,1,3500000000.0,33333333.333333332,author_assigned,south-janat-abad,,35.74760437011719,51.30598068237305,5.0,tehran_district
D21-03377,Saadat Abad,100,2,1,1,1,4550000000.0,45500000.0,name_match,saadat-abad,,35.78205490112305,51.37488555908203,2.0,tehran_district
D21-03378,Saadat Abad,93,2,1,1,1,3900000000.0,41935483.87096774,name_match,saadat-abad,,35.78205490112305,51.37488555908203,2.0,tehran_district
D21-03379,Atabak,83,3,0,0,0,1286500000.0,15500000.0,name_match,atabak,,35.65052032470703,51.46204376220703,15.0,tehran_district
D21-03380,Saadat Abad,135,3,1,1,1,7500000000.0,55555555.55555555,name_match,saadat-abad,,35.78205490112305,51.37488555908203,2.0,tehran_district
D21-03381,Saadat Abad,65,1,0,0,1,3490000000.0,53692307.692307696,name_match,saadat-abad,,35.78205490112305,51.37488555908203,2.0,tehran_district
D21-03382,Saadat Abad,100,2,1,1,1,4480000000.0,44800000.0,name_match,saadat-abad,,35.78205490112305,51.37488555908203,2.0,tehran_district
D21-03383,Damavand,80,2,0,0,0,750000000.0,9375000.0,author_assigned,,damavand,,,,satellite_town
D21-03384,Saadat Abad,90,2,1,1,1,5250000000.0,58333333.333333336,name_match,saadat-abad,,35.78205490112305,51.37488555908203,2.0,tehran_district
D21-03385,Central Janatabad,73,2,1,1,1,1900000000.0,26027397.260273974,name_match,central-janat-abad,,35.75911331176758,51.30409622192383,5.0,tehran_district
D21-03386,Shahran,82,2,1,1,1,3600000000.0,43902439.02439024,author_assigned,north-shahran,,35.7661018371582,51.288944244384766,5.0,tehran_district
D21-03387,Yousef Abad,148,3,1,1,1,8140000000.0,55000000.0,name_match,yousef-abad,,35.734426498413086,51.405574798583984,6.0,tehran_district
D21-03388,Shahran,90,2,1,0,1,3150000000.0,35000000.0,author_assigned,north-shahran,,35.7661018371582,51.288944244384766,5.0,tehran_district
D21-03389,Darabad,112,2,1,1,1,7000000000.0,62500000.0,name_match,darabad,,35.81655311584473,51.49126625061035,1.0,tehran_district
D21-03390,Si Metri Ji,45,1,0,0,1,8900000000.0,197777777.7777778,author_assigned,jey,,35.67786407470703,51.35260581970215,9.0,tehran_district
D21-03391,Narmak,70,2,1,1,0,1850000000.0,26428571.42857143,name_match,narmak,,35.736019134521484,51.49953079223633,4.0,tehran_district
D21-03392,Mirdamad,107,2,1,1,1,7597000000.0,71000000.0,name_match,mirdamad,,35.758596420288086,51.44007682800293,3.0,tehran_district
D21-03393,Tehransar,37,1,1,1,1,1180000000.0,31891891.891891893,name_match,tehransar,,35.69601821899414,51.2551383972168,21.0,tehran_district
D21-03394,Jeyhoon,65,1,1,1,1,1725000000.0,26538461.53846154,name_match,jeyhoun,,35.68763732910156,51.36460494995117,10.0,tehran_district
D21-03395,Shahr-e-Ziba,76,2,1,1,1,2850000000.0,37500000.0,name_match,shahr-e-ziba,,35.7481575012207,51.291460037231445,5.0,tehran_district
D21-03396,Yakhchiabad,66,2,0,1,0,1000000000.0,15151515.151515152,name_match,yakhchi-abad,,35.62875175476074,51.40277099609375,16.0,tehran_district
D21-03397,Persian Gulf Martyrs Lake,130,3,1,1,1,865000000.0,6653846.153846154,author_assigned,chitgar-lake,,35.749732971191406,51.210039138793945,22.0,tehran_district
D21-03398,Shoosh,63,3,1,1,0,1200000000.0,19047619.04761905,name_match,shoosh,,35.656288146972656,51.440677642822266,15.0,tehran_district
D21-03399,Shahrake Quds,75,2,0,1,0,500000000.0,6666666.666666667,author_assigned,,qods-city,,,,satellite_town
D21-03400,Jeyhoon,52,1,1,0,0,1200000000.0,23076923.076923076,name_match,jeyhoun,,35.68763732910156,51.36460494995117,10.0,tehran_district
D21-03401,Parand,86,3,0,1,1,275000000.0,3197674.418604651,author_assigned,,parand-city,,,,satellite_town
D21-03402,Parand,58,1,0,0,1,246000000.0,4241379.310344827,author_assigned,,parand-city,,,,satellite_town
D21-03403,West Ferdows Boulevard,76,2,1,1,1,2600000000.0,34210526.315789476,author_assigned,kooy-e-ferdos,,35.72373008728027,51.3161506652832,5.0,tehran_district
D21-03404,Shahrake Qods,54,0,0,0,0,470000000.0,8703703.703703703,author_assigned,,qods-city,,,,satellite_town
D21-03405,Daryan No,140,3,1,1,1,6300000000.0,45000000.0,name_match,daryan-no,,35.714054107666016,51.36056900024414,2.0,tehran_district
D21-03406,Parand,74,2,0,0,1,313000000.0,4229729.72972973,author_assigned,,parand-city,,,,satellite_town
D21-03407,Velenjak,186,3,1,1,1,15000000000.0,80645161.29032259,name_match,velenjak,,35.806060791015625,51.40216255187988,1.0,tehran_district
D21-03408,Mehran,140,3,1,1,1,8400000000.0,60000000.0,unlinked,,,,,,unlocated
D21-03409,Persian Gulf Martyrs Lake,114,2,1,1,1,4000000000.0,35087719.298245616,author_assigned,chitgar-lake,,35.749732971191406,51.210039138793945,22.0,tehran_district
D21-03410,Ostad Moein,51,1,0,0,1,1100000000.0,21568627.45098039,name_match,ostad-moein,,35.693721771240234,51.34459686279297,9.0,tehran_district
D21-03411,Kamranieh,180,3,1,1,1,14000000000.0,77777777.77777778,name_match,kamraniyeh,,35.806640625,51.46280670166016,1.0,tehran_district
D21-03412,Punak,70,1,1,1,1,3500000000.0,50000000.0,author_assigned,poonak,,35.76210975646973,51.33013343811035,5.0,tehran_district
D21-03413,Sattarkhan,120,3,1,1,1,5400000000.0,45000000.0,name_match,sattarkhan,,35.72103309631348,51.35769271850586,2.0,tehran_district
D21-03414,Punak,137,3,1,1,1,6850000000.0,50000000.0,author_assigned,poonak,,35.76210975646973,51.33013343811035,5.0,tehran_district
D21-03415,Shahran,92,2,1,1,1,3220000000.0,35000000.0,author_assigned,north-shahran,,35.7661018371582,51.288944244384766,5.0,tehran_district
D21-03416,West Ferdows Boulevard,45,1,1,1,0,1650000000.0,36666666.666666664,author_assigned,kooy-e-ferdos,,35.72373008728027,51.3161506652832,5.0,tehran_district
D21-03417,Waterfall,68,2,0,1,1,1000000000.0,14705882.352941176,author_assigned,abshar,,35.67765998840332,51.44130516052246,12.0,tehran_district
D21-03418,Punak,80,2,1,1,1,3760000000.0,47000000.0,author_assigned,poonak,,35.76210975646973,51.33013343811035,5.0,tehran_district
D21-03419,Central Janatabad,85,2,0,1,1,3200000000.0,37647058.823529415,name_match,central-janat-abad,,35.75911331176758,51.30409622192383,5.0,tehran_district
D21-03420,Central Janatabad,88,2,1,1,1,4000000000.0,45454545.45454545,name_match,central-janat-abad,,35.75911331176758,51.30409622192383,5.0,tehran_district
D21-03421,Mehran,118,2,1,1,1,7080000000.0,60000000.0,unlinked,,,,,,unlocated
D21-03422,Marzdaran,180,3,1,1,0,10800000000.0,60000000.0,name_match,marzdaran,,35.73454475402832,51.33983612060547,2.0,tehran_district
D21-03423,West Ferdows Boulevard,60,1,1,1,0,1860000000.0,31000000.0,author_assigned,kooy-e-ferdos,,35.72373008728027,51.3161506652832,5.0,tehran_district
D21-03424,Shahryar,80,2,0,1,1,410000000.0,5125000.0,author_assigned,,shahriar-city,,,,satellite_town
D21-03425,Vahidiyeh,86,2,0,1,0,520000000.0,6046511.627906977,name_match,vahidiyeh,,35.71516418457031,51.47038841247559,8.0,tehran_district
D21-03426,Velenjak,123,3,1,1,1,12500000000.0,101626016.2601626,name_match,velenjak,,35.806060791015625,51.40216255187988,1.0,tehran_district
D21-03427,Daryan No,148,3,1,1,1,6000000000.0,40540540.54054054,name_match,daryan-no,,35.714054107666016,51.36056900024414,2.0,tehran_district
D21-03428,Ostad Moein,80,2,1,1,1,2250000000.0,28125000.0,name_match,ostad-moein,,35.693721771240234,51.34459686279297,9.0,tehran_district
D21-03429,Parand,58,1,0,0,1,325000000.0,5603448.275862069,author_assigned,,parand-city,,,,satellite_town
D21-03430,Punak,55,1,1,1,1,2300000000.0,41818181.81818182,author_assigned,poonak,,35.76210975646973,51.33013343811035,5.0,tehran_district
D21-03431,West Ferdows Boulevard,60,1,1,1,1,1950000000.0,32500000.0,author_assigned,kooy-e-ferdos,,35.72373008728027,51.3161506652832,5.0,tehran_district
D21-03432,Shahrake Gharb,133,3,1,0,1,10000000000.0,75187969.92481203,name_match,shahrak-e-gharb,,35.76015853881836,51.371429443359375,2.0,tehran_district
D21-03433,Damavand,94,2,0,1,1,595000000.0,6329787.234042553,author_assigned,,damavand,,,,satellite_town
D21-03434,Beryanak,68,2,0,1,1,1258000000.0,18500000.0,name_match,beryanak,,35.67388916015625,51.37664222717285,10.0,tehran_district
D21-03435,Andisheh,61,2,0,1,0,460000000.0,7540983.606557377,author_assigned,,andisheh-new-town,,,,satellite_town
D21-03436,West Ferdows Boulevard,75,2,1,1,1,2650000000.0,35333333.333333336,author_assigned,kooy-e-ferdos,,35.72373008728027,51.3161506652832,5.0,tehran_district
D21-03437,West Ferdows Boulevard,81,2,1,1,1,4455000000.0,55000000.0,author_assigned,kooy-e-ferdos,,35.72373008728027,51.3161506652832,5.0,tehran_district
D21-03438,Mehran,74,2,1,1,1,4070000000.0,55000000.0,unlinked,,,,,,unlocated
D21-03439,Shahran,97,2,1,1,1,2700000000.0,27835051.54639175,author_assigned,north-shahran,,35.7661018371582,51.288944244384766,5.0,tehran_district
D21-03440,Niavaran,94,2,1,1,1,8450000000.0,89893617.0212766,name_match,niavaran,,35.81520462036133,51.4692611694336,1.0,tehran_district
D21-03441,Ostad Moein,113,3,1,1,1,3170000000.0,28053097.345132742,name_match,ostad-moein,,35.693721771240234,51.34459686279297,9.0,tehran_district
D21-03442,Feiz Garden,63,1,1,1,0,1890000000.0,30000000.0,author_assigned,bagh-feyz,,35.744869232177734,51.32010269165039,5.0,tehran_district
D21-03443,Southern Janatabad,86,2,1,1,1,3500000000.0,40697674.41860465,author_assigned,south-janat-abad,,35.74760437011719,51.30598068237305,5.0,tehran_district
D21-03444,Niavaran,83,2,1,1,1,6800000000.0,81927710.84337349,name_match,niavaran,,35.81520462036133,51.4692611694336,1.0,tehran_district
D21-03445,Parand,75,2,0,0,0,365000000.0,4866666.666666667,author_assigned,,parand-city,,,,satellite_town
D21-03446,Dorous,105,2,1,1,1,5600000000.0,53333333.333333336,author_assigned,darrous,,35.77359199523926,51.45492362976074,3.0,tehran_district
D21-03447,Parand,82,2,0,1,1,360000000.0,4390243.902439024,author_assigned,,parand-city,,,,satellite_town
