listing_id,address,area_m2,price_toman,pred_hedonic_ols,pred_gradient_boosting,pred_location_only
D21-00001,Shahran,63,1850000000.0,1975659476.2751677,2137093981.984408,2214996235.7230525
D21-00002,Shahran,60,1850000000.0,1940880471.2204425,2145146411.1632793,2144360676.9299774
D21-00003,Pardis,79,550000000.0,580899297.5091437,563958564.8187442,621227926.7282715
D21-00004,Shahrake Qods,95,902500000.0,884101223.6201799,1022682740.5236019,917113154.865244
D21-00005,Shahrake Gharb,123,7000000000.0,9534793310.656004,10418006718.297422,9073960173.237312
D21-00006,North Program Organization,70,2050000000.0,2558638950.85596,2367230128.8540897,2760916149.664543
D21-00007,Pardis,87,600000000.0,637068093.7416404,670770892.5789323,678460979.2639982
D21-00008,Shahran,59,2150000000.0,1844566994.0322108,2139566191.6315024,2074361554.08984
D21-00009,Andisheh,54,493000000.0,614261795.2723312,597200348.6465437,722148510.1179055
D21-00010,West Ferdows Boulevard,71,2370000000.0,2330057148.470175,2761348174.3579817,2593742166.8871546
D21-00011,West Ferdows Boulevard,68,2450000000.0,2357395911.2804275,2482334217.7602363,2409276516.338326
D21-00012,Narmak,64,2100000000.0,1997492882.656523,1883256277.5748997,2233702976.8698115
D21-00013,Narmak,54,1690000000.0,1506287128.018386,1859943818.483604,1962192296.88703
D21-00014,Saadat Abad,136,11000000000.0,9919142930.142567,9430895439.795202,8536734337.283042
D21-00015,Zafar,95,5000000000.0,4334403731.277238,5172048266.176435,4275854564.523101
D21-00016,Islamshahr,63,570000000.0,640401213.2560617,638512676.3271148,945678188.097832
D21-00017,Narmak,155,6700000000.0,6106487084.829215,5229028512.768522,5422632140.786893
D21-00018,Pirouzi,64,1450000000.0,1299475562.8997014,1144559493.8358371,1763878097.3486266
D21-00019,West Ferdows Boulevard,140,6400000000.0,5614120886.759882,5562242246.015455,4988240617.882118
D21-00020,Pirouzi,42,1390000000.0,772712312.5989199,774114664.633674,1159418364.0341542
D21-00021,Shahrake Gharb,93,7000000000.0,7115807977.121224,7153980545.891273,6860799155.374565
D21-00022,Shahrake Shahid Bagheri,87,2500000000.0,2913225620.294894,2924580396.6180367,2899841064.564367
D21-00023,Shahran,65,1880000000.0,2117794790.7957094,2404529064.5006113,2323057400.007471
D21-00024,Moniriyeh,99,2277000000.0,3252106816.642389,1943391506.6199458,3224717021.961563
D21-00025,Saadat Abad,105,7150000000.0,6559328506.377817,5689838923.704456,6326638523.940911
D21-00026,Velenjak,160,14945000000.0,15886870800.426792,13911945015.925386,13520051017.06694
D21-00027,Amirieh,77,1771000000.0,2052408414.8187294,1781523402.7296073,2079865130.968919
D21-00028,Pirouzi,123,4059000000.0,3407601342.342343,2577151681.5024443,3395439494.6714425
D21-00029,Southern Janatabad,110,630000000.0,4228300055.1259165,4532187365.057378,4156837705.602881
D21-00030,West Ferdows Boulevard,100,3200000000.0,3585170650.3904147,3727863061.5834384,3563029012.7729445
D21-00031,Salsabil,90,1500000000.0,1463280341.9811418,756513566.3253872,1920477312.1584535
D21-00032,West Ferdows Boulevard,49,2200000000.0,1542465097.2508194,1911230724.7880828,1736096313.2437952
D21-00033,Zargandeh,96,7872000000.0,3891633362.8732524,4198057577.033738,3841268851.849953
D21-00034,Feiz Garden,67,2350000000.0,2206807129.78463,2149608423.098399,2395919989.602252
D21-00035,West Ferdows Boulevard,68,2500000000.0,2451489139.9185877,2464197892.065185,2464855794.971339
D21-00036,Water Organization,62,2150000000.0,1976881443.6895165,1182096471.8795269,2127631211.9983509
D21-00037,West Ferdows Boulevard,55,2150000000.0,1784904649.7006571,2105864110.249427,1993633363.5797634
D21-00038,West Ferdows Boulevard,110,3750000000.0,4049393379.56833,4294983222.218688,3987266727.15952
D21-00039,West Ferdows Boulevard,129,5250000000.0,4736916344.480036,5217858612.351751,4570539273.64183
D21-00040,West Ferdows Boulevard,109,4830000000.0,3923480157.309347,4047790979.5358796,3883701623.922507
D21-00041,Saadat Abad,58,3400000000.0,3325040601.5998282,3375663003.4354696,3656206912.2192593
D21-00042,Saadat Abad,55,3850000000.0,3150417144.2967668,3298485033.870866,3467092761.5872364
D21-00043,Shahrake Qods,150,1200000000.0,1165807893.8985524,1014361703.900202,1448073402.4188075
D21-00044,ShahrAra,130,5000000000.0,5159258687.443084,5920407650.750968,4981751815.881019
D21-00045,Gisha,88,4750000000.0,3680413207.2992735,4860762004.9901085,3655846632.1824574
D21-00046,Gisha,51,2980000000.0,1888562377.20384,3653722295.9091187,2118729298.1966515
D21-00047,Shahrake Gharb,113,7000000000.0,8809203882.701588,7461463745.924327,8336239833.949739
D21-00048,Ray,110,2035000000.0,2789733206.674176,2200754921.3771677,2799443654.1809006
D21-00049,Abbasabad,60,2460000000.0,1947540413.9373555,2185451359.2015433,2185299003.2465825
D21-00050,Pardis,98,540000000.0,717542960.7390984,723849306.109586,760801014.488722
D21-00051,Ostad Moein,62,1450000000.0,1481030652.1133206,1367613562.7013872,1683342401.587658
D21-00052,Farmanieh,150,10000000000.0,15562478154.771502,14920399220.855791,13151992451.292032
D21-00053,Parand,75,635000000.0,343552241.3823275,393556012.14318734,441399266.1873826
D21-00054,Punak,61,2030000000.0,2070753084.1859524,2099309450.3905227,2534024218.7439733
D21-00055,Punak,61,2030000000.0,2070753084.1859524,2099309450.3905227,2534024218.7439733
D21-00056,Shahran,72,2350000000.0,2531702847.8933754,2563813479.2811356,2573232812.3159733
D21-00057,Qasr-od-Dasht,100,3000000000.0,2261968568.055194,2159518151.1466775,2276322900.0494595
D21-00058,Aqdasieh,122,7200000000.0,8659587935.713163,7221096946.83667,7530877286.405559
D21-00059,Pakdasht,215,1750000000.0,2115941940.5099611,3128388498.8088083,1929706511.1530352
D21-00060,Railway,101,3300000000.0,3412864583.049017,3223781643.8131742,3374459823.9642515
D21-00061,Punak,67,2800000000.0,2777087143.337355,2733493064.2270513,2783272502.5548544
D21-00062,Punak,72,2200000000.0,2699432368.432468,2405372797.4164915,2990231307.128062
D21-00063,Punak,63,2200000000.0,2144466476.4755886,2177718403.3005576,2613995723.528888
D21-00064,Punak,75,2200000000.0,2847992616.6429477,2365548563.458844,3115603547.636034
D21-00065,Shahran,109,3500000000.0,3978195537.2416925,4128688074.8091288,3895588563.0894623
D21-00066,Aqdasieh,122,7000000000.0,7791587483.436234,8123766985.137891,7474247707.518299
D21-00067,Central Janatabad,70,3100000000.0,2604189255.4410615,2901290269.7451997,2823321865.7053266
D21-00068,West Ferdows Boulevard,60,2450000000.0,1926008068.5998006,2246818392.051188,2157983305.1407948
D21-00069,East Ferdows Boulevard,53,1920000000.0,1593201345.33688,1954097924.314421,1949750258.507817
D21-00070,Pakdasht KhatunAbad,90,850000000.0,2251257504.0004945,1593111583.304087,3104224040.9725156
D21-00071,Amirieh,72,1650000000.0,1906748564.5633068,1671088172.47148,1937962895.00423
D21-00072,Amirieh,74,1700000000.0,1962048259.704485,1747071847.565357,1991795197.6432338
D21-00073,Parand,88,560000000.0,459527174.83874226,543307651.6734499,511951542.1622019
D21-00074,Punak,63,2150000000.0,2346309209.1608133,2421495798.817554,2613995723.528888
D21-00075,Sattarkhan,114,5500000000.0,4393521171.235231,5032276874.707258,3878574678.7362037
D21-00076,Saadat Abad,151,10200000000.0,11067055297.079527,12433164286.210485,9478285918.60102
D21-00077,Shahran,42,1760000000.0,1389749844.1417136,1744297182.9054832,1496044873.9034905
D21-00078,Amirieh,74,1700000000.0,1926180935.837457,1761818889.1926901,1976886434.869667
D21-00079,Parand,88,560000000.0,463703322.1067155,478805724.58236617,505678573.1235658
D21-00080,Punak,63,2150000000.0,2328556973.382014,2432411148.7828183,2571878487.8150864
D21-00081,Sattarkhan,114,5500000000.0,4525239654.536954,4759187301.9189415,4125098284.4688163
D21-00082,Saadat Abad,151,10200000000.0,11062755948.606161,10749088448.981813,9518745581.81223
D21-00083,Shahran,42,1760000000.0,1389749844.1417136,1744297182.9054832,1496044873.9034905
D21-00084,Baghestan,300,1500000000.0,4885175764.217781,3996977065.323864,4770365407.724384
D21-00085,West Ferdows Boulevard,110,3730000000.0,3961152149.8304877,4047790979.5358796,3919331914.050228
D21-00086,Shahrake Qods,100,620000000.0,792594576.1224753,821807084.2267038,983470942.5191848
D21-00087,Shahryar,140,580000000.0,1993436595.2532206,2133924355.0832033,2512836140.3595195
D21-00088,Northern Janatabad,70,3050000000.0,2597491187.410772,2498201363.5718794,2605292364.328216
D21-00089,West Ferdows Boulevard,60,2000000000.0,1875413360.017625,1960937837.4653623,2125832220.2985253
D21-00090,North Program Organization,76,2600000000.0,3129903087.36604,2883565535.3064303,3119988432.8612447
D21-00091,Daryan No,148,5990000000.0,6024084866.795905,6324391664.235292,5336083188.323457
D21-00092,North Program Organization,75,2300000000.0,2949595675.1670346,2781114432.874322,2958124446.0691543
D21-00093,Pirouzi,40,1300000000.0,889342141.6852636,921577212.2707878,1101008225.1812003
D21-00094,Southern Program Organization,65,2270000000.0,2454320922.7325845,2458939603.1035643,2481197652.5887074
D21-00095,Rudhen,140,4000000000.0,3051484510.7896905,1658030764.9381,2749913516.837879
D21-00096,West Pars,110,4000000000.0,3697344929.9432216,3852537236.948193,3654793127.792753
D21-00097,Afsarieh,70,1650000000.0,2038228808.6827986,1830527318.47354,1964976197.3998718
D21-00098,Marzdaran,128,6700000000.0,8166521369.52983,7218609391.359668,7084544281.055468
D21-00099,Parand,94,580000000.0,511412539.6247097,710554896.2294894,540156657.6547173
D21-00100,Punak,67,2300000000.0,2483034497.728025,2774953356.8098965,2735172360.0573087
D21-00101,Shahrake Qods,75,650000000.0,703157073.6623133,759673923.0178869,817557070.8033929
D21-00102,Dorous,130,16900000000.0,7335193309.360305,8008648519.60994,7132030985.262402
D21-00103,Shahrake Qods,40,248000000.0,230391135.6586454,230502701.1941522,386152907.31168187
D21-00104,Pardis,97,510000000.0,739508651.6070881,718221337.1207361,771983625.704477
D21-00105,Shahran,110,3850000000.0,3959973710.2030225,4047790979.5358796,3918212764.9853244
D21-00106,Sadeghieh,150,6000000000.0,5920433275.454699,5065262833.648284,5200584161.010507
D21-00107,Chahardangeh,75,780000000.0,2168127299.32534,912858108.7296145,2586853367.4770956
D21-00108,ShahrAra,137,7200000000.0,5532501003.8844,5802555553.648723,4960573555.807679
D21-00109,Parand,85,410000000.0,460471154.6301042,560731794.2122049,494498648.6794003
D21-00110,Pakdasht,68,430000000.0,447242164.717778,519494833.4517495,616766336.5409461
D21-00111,Baqershahr,78,800000000.0,2089095377.04158,1475365964.3599906,2699999999.999995
D21-00112,Parand,85,545000000.0,461714427.4650203,508211212.9965819,488439530.8579888
D21-00113,Parand,100,1280000000.0,501405589.7008751,959784905.9106605,585330896.1949909
D21-00114,Punak,71,2800000000.0,2972384126.103023,2833749667.4866757,2945931688.4214406
D21-00115,Gisha,140,11200000000.0,6588092299.644682,7435038167.627442,5816119642.10846
D21-00116,Parand,136,750000000.0,760353805.9289745,1514779202.5035892,791197837.8870399
D21-00117,Jeyhoon,48,850000000.0,778650354.6171366,828547849.9448442,1124982531.7382143
D21-00118,Lavizan,100,3300000000.0,3628072310.077496,3972881154.4202404,3590146106.1402044
D21-00119,Shams Abad,82,3280000000.0,3156712944.546268,3025881255.9096065,2976661844.124337
D21-00120,Fatemi,120,4800000000.0,4706862574.82865,4504909891.761012,4214655346.756931
D21-00121,Gisha,139,7300000000.0,6538861021.801657,7435038167.627442,5774575930.379095
D21-00122,Keshavarz Boulevard,110,3950000000.0,4102051118.230585,3841368964.6362276,3682661423.603825
D21-00123,Parand,78,370000000.0,384564744.1119705,387691403.35669583,456558099.0320931
D21-00124,Baghestan,79,750000000.0,996300869.9359736,676377473.5842929,1243217998.7294621
D21-00125,Salsabil,66,1725000000.0,1366205455.1829398,1284142355.6349988,1408350028.9161963
D21-00126,Kahrizak,78,780000000.0,1173919022.3462167,916192867.7600607,1218228964.774007
D21-00127,Shahryar,85,1419000000.0,1480310271.7633035,851828792.7289088,1525650513.7897146
D21-00128,Qarchak,100,1200000000.0,2085941466.2506292,2039466517.2711456,2296075939.29466
D21-00129,Northren Jamalzadeh,80,3600000000.0,2768643712.741481,1907004106.2703035,2756422108.3017035
D21-00130,Salsabil,44,1050000000.0,741527752.6956587,960287694.6082739,946426273.5407234
D21-00131,Shahryar,120,1200000000.0,1770742867.8620718,1439330413.0038865,1966233327.1564538
D21-00132,Shahrake Qods,50,340000000.0,356919183.65280247,332706567.8167359,545038047.2022623
D21-00133,Ostad Moein,121,3300000000.0,3185412225.3581824,2479558422.376012,3135756917.409988
D21-00134,Azarbaijan,80,2800000000.0,2142265516.3913438,1951236758.040011,2181442183.0658245
D21-00135,Bahar,70,1200000000.0,2005582358.5606744,1232259257.2542214,2413207160.2175326
D21-00136,Pakdasht,40,165000000.0,261805553.87400967,293192836.9244519,404538359.9300067
D21-00137,Railway,88,2860000000.0,3249751913.421402,3319165298.913822,3223740443.6745996
D21-00138,Persian Gulf Martyrs Lake,141,3810000000.0,4660978212.018289,3467679503.1182194,4202430936.2757406
D21-00139,Persian Gulf Martyrs Lake,140,1790000000.0,4624963373.510752,3467679503.1182194,4172626461.5503783
D21-00140,Persian Gulf Martyrs Lake,120,1530000000.0,3491598823.0347667,1896507964.320641,3456736895.288748
D21-00141,Beryanak,66,1000000000.0,988614182.7534403,585405964.5825632,1356140769.507807
D21-00142,Punak,70,3500000000.0,2860865554.032151,2683980601.1281776,2857642764.238981
D21-00143,Heshmatieh,75,3000000000.0,2483412782.6890807,1892098817.2240958,2365650959.3702855
D21-00144,Elm-o-Sanat,70,1800000000.0,1958914995.8646905,1790732461.5956025,2358902126.023225
D21-00145,Saadat Abad,150,20000000000.0,10961618397.734808,11699139013.457134,9478368233.523691
D21-00146,Golestan,95,950000000.0,1721127636.7847226,1164150753.224402,1762079686.3060918
D21-00147,Southern Janatabad,127,6000000000.0,4772206984.44951,5694756910.326425,4704896879.659009
D21-00148,Shahr-e-Ziba,123,3700000000.0,4567766184.271905,4249551488.173504,4054749070.1051774
D21-00149,Southern Janatabad,63,2000000000.0,2286800214.771895,2193668388.1054063,2348231534.288263
D21-00150,Punak,90,3050000000.0,3564516921.7207623,3691886372.288874,3544935876.9286623
D21-00151,Pardis,105,605000000.0,798767821.4601077,707692813.7000848,838478174.7743847
D21-00152,Pasdaran,180,9900000000.0,12673449944.338732,11549266015.72793,10848444850.881971
D21-00153,Pirouzi,120,3700000000.0,3915355266.1908545,3133890848.61582,3319807640.229769
D21-00154,Feiz Garden,65,2500000000.0,2399107712.115431,2606386561.090334,2455279789.24406
D21-00155,Farmanieh,158,10480000000.0,16551537171.358662,14100560795.299086,14073698195.826126
D21-00156,Chardivari,144,7632000000.0,5589640878.877193,4835034790.532592,4966758465.556021
D21-00157,Punak,144,7632000000.0,6418789303.981509,6543739764.160369,5671897403.0858555
D21-00158,Gheitarieh,130,12300000000.0,11838191469.343214,8866827676.52857,10120539813.455893
D21-00159,Farmanieh,245,26950000000.0,26007253869.943626,29050428094.499203,21481587670.44361
D21-00160,Kamranieh,190,24300000000.0,15080617585.337168,15013136851.646898,12793776869.68649
D21-00161,Central Janatabad,63,3000000000.0,2541660414.0287914,2482545679.9383082,2526743372.6988745
D21-00162,East Ferdows Boulevard,75,2100000000.0,2709806501.6177726,2719807250.096957,2726917619.2293916
D21-00163,Gholhak,88,4700000000.0,4545761549.898868,5730156915.653256,4284619253.483658
D21-00164,Pasdaran,108,9180000000.0,6960395158.641516,7398825312.313562,6667309117.600535
D21-00165,Islamshahr,117,1579500000.0,1590360948.9246814,1572558344.2343965,1623915505.2452395
D21-00166,Pasdaran,200,12000000000.0,15553672012.615208,16816486075.51802,13244834316.723932
D21-00167,Pirouzi,65,1750000000.0,1452249491.9280925,1249872878.418993,1794337944.3385675
D21-00168,Central Janatabad,90,3780000000.0,3651415536.2576303,3739983994.841514,3609633389.569818
D21-00169,Heravi,125,8100000000.0,6821071981.15216,7126673510.51207,6495258820.518806
D21-00170,Heravi,140,9100000000.0,8350762548.813041,8004419406.692265,7302340383.02479
D21-00171,Hashemi,71,1550000000.0,1494060604.2288156,1350883349.0942478,1843729611.5323126
D21-00172,Jeyhoon,71,1640000000.0,1362551412.4523685,1381005251.905069,1665909799.9935832
D21-00173,Gheitarieh,236,20000000000.0,24460008457.5326,24892723458.150333,18577070440.79021
D21-00174,Central Janatabad,67,2750000000.0,2677475481.2075033,2654880984.5492725,2687282689.9790564
D21-00175,Punak,60,1750000000.0,2117758359.573827,2419385114.796001,2363290584.6191096
D21-00176,Heravi,220,15400000000.0,13400505996.910095,17747830971.760597,11475106316.181812
D21-00177,Andisheh,44,350000000.0,473664927.2389894,462326005.13688916,601186127.2461593
D21-00178,Heravi,68,4115000000.0,3285329586.1150455,3925829236.4705815,3533420798.362224
D21-00179,Pasdaran,100,8000000000.0,6235418519.536455,5541202257.073099,6026913806.045542
D21-00180,Pardis,86,580000000.0,648164420.5676271,664228125.5073187,686753552.6723526
D21-00181,Pardis,84,560000000.0,619314306.1146929,659286346.1782655,660546149.9389207
D21-00182,Heravi,94,4800000000.0,5167546244.662777,5384491427.404963,5034643861.270809
D21-00183,West Ferdows Boulevard,55,1550000000.0,1391006570.0565038,1678467149.1499493,1959665957.0251174
D21-00184,Saadat Abad,113,7500000000.0,7400986578.678573,7817874378.267211,7140370735.921198
D21-00185,Islamshahr,71,630000000.0,956567663.3228576,827783798.6142728,1003979181.2318805
D21-00186,Dehkade Olampic,70,2000000000.0,2090758698.517681,1827177908.1295557,2286446177.6778173
D21-00187,Golestan,200,2400000000.0,3648679037.476699,2789836864.454102,3294291837.8711395
D21-00188,Golestan,106,1100000000.0,1709094773.2519004,1290753864.8366213,1745974674.0717041
D21-00189,Saadat Abad,320,24000000000.0,26617142730.25213,39031479846.1912,20172176067.416622
D21-00190,West Pars,114,3820000000.0,4157644150.798731,4803236579.599633,4089251764.165822
D21-00191,Punak,100,6000000000.0,4150783329.0710244,4335086211.948673,4082346806.0556836
D21-00192,Saadat Abad,122,5800000000.0,7991001623.721194,9562625966.916548,7657952861.386257
D21-00193,Damavand,200,3500000000.0,2392564909.1936526,2508653385.0163565,2620772475.525935
D21-00194,Saadat Abad,154,12300000000.0,11286045160.494621,10669606564.0599,9707859732.444237
D21-00195,Pasdaran,210,15750000000.0,14885058739.396172,20083948909.18681,12656518992.695663
D21-00196,East Ferdows Boulevard,200,11000000000.0,8329233416.958172,14791139890.4376,7271500408.136866
D21-00197,Southern Janatabad,65,3000000000.0,2157804529.5921893,2311308209.32547,2391134406.585272
D21-00198,Pirouzi,124,3968000000.0,3778767911.2537646,3573012946.815804,3413125498.061714
D21-00199,Republic,83,1909000000.0,2540159163.5921826,1828460382.1958387,2564625146.9088416
D21-00200,Farmanieh,270,37800000000.0,31066978136.88354,26039532791.58325,23352081972.407475
D21-00201,East Ferdows Boulevard,104,5700000000.0,3819093978.378055,4017833405.645335,3769681088.195037
D21-00202,Zaferanieh,150,10490000000.0,14185760789.043455,13528825070.288967,12103854888.667273
D21-00203,West Ferdows Boulevard,103,3200000000.0,4197691276.4223404,4474861684.958409,3704538007.1583624
D21-00204,West Ferdows Boulevard,48,1920000000.0,1548548025.2430735,1914234833.721992,1739898208.215067
D21-00205,Gheitarieh,165,12300000000.0,15193456783.220951,12773985475.839575,12845300532.463224
D21-00206,Gheitarieh,135,7400000000.0,9584533361.464806,8299961148.76222,9802302923.421936
D21-00207,Saadat Abad,86,6200000000.0,5326006896.161942,4829098096.708597,5181818219.608741
D21-00208,East Ferdows Boulevard,75,2350000000.0,2741183538.0371366,2816377644.785789,2726812653.0513225
D21-00209,East Ferdows Boulevard,58,1850000000.0,1927678493.7772777,2237215965.763251,2133688962.14063
D21-00210,Shahrake Gharb,125,21500000000.0,9412883818.466162,8784766926.042328,8848110537.550737
D21-00211,Qazvin Imamzadeh Hassan,82,1886000000.0,1813190670.540377,1831862493.2322412,1845736372.7346864
D21-00212,Shahran,58,2200000000.0,2026939975.9027276,2193892096.406807,2065966730.6286244
D21-00213,Beryanak,101,2323000000.0,1939519711.5989447,1209203517.6023421,1975636779.5781193
D21-00214,Niavaran,90,6800000000.0,8544303604.714922,6634205803.245664,8180769379.635387
D21-00215,Farmanieh,180,20700000000.0,18834503180.83615,16486100966.184263,15782390941.550388
D21-00216,Gheitarieh,132,6250000000.0,11914884366.771198,10168140435.205317,10201888701.433184
D21-00217,Valiasr,81,1863000000.0,2244395041.069188,2251250696.462694,2279864329.309693
D21-00218,Pasdaran,153,13000000000.0,10687934458.516127,12167817606.98468,9165421955.076576
D21-00219,Qalandari,166,12500000000.0,8560175711.232827,10570299006.106434,7472523642.794465
D21-00220,Pasdaran,200,17000000000.0,14146860592.986399,15987543269.735369,11980943732.126272
D21-00221,Pasdaran,113,8500000000.0,7667279414.659743,7792793015.186074,7425152315.295258
D21-00222,Valiasr,100,2300000000.0,2823812523.7267804,2789921923.249792,2814647320.135426
D21-00223,Central Janatabad,80,3350000000.0,3239682137.892367,3168843624.6515265,3208563012.950948
D21-00224,Jeyhoon,76,2000000000.0,1743054687.825739,1974936405.6503146,1785338230.541144
D21-00225,Punak,128,5700000000.0,5911031841.809168,5973288076.44747,5225403911.751276
D21-00226,Shahrake Gharb,210,27000000000.0,17717099043.9212,23512511177.26407,14864825703.08523
D21-00227,Shahrake Gharb,140,12600000000.0,10719497979.748796,10477418929.950993,10127813469.555069
D21-00228,Amir Bahador,74,1702000000.0,3056856443.9377575,2958634226.331889,3029088684.3950763
D21-00229,Central Janatabad,75,3000000000.0,2807550781.860999,2808242014.2983794,3024987713.2557077
D21-00230,Pasdaran,120,7500000000.0,8149961563.675382,8207636056.973997,7885117502.968405
D21-00231,Pasdaran,120,7500000000.0,8276177693.640548,8696778139.18418,7946900590.034347
D21-00232,Ekhtiarieh,85,5000000000.0,5183621278.466332,5307268945.67762,5059690842.550204
D21-00233,Pardis,105,700000000.0,798767821.4601077,707692813.7000848,838478174.7743847
D21-00234,Farmanieh,175,15600000000.0,18419457777.833347,16286043627.406006,15587956862.465664
D21-00235,Farmanieh,170,15350000000.0,17869157205.358772,16522703190.031506,15142586666.395216
D21-00236,Ekbatan,58,2810000000.0,2043375729.2727427,2352914425.107349,2283896671.4942026
D21-00237,Parand,75,395000000.0,406431450.40204304,475023468.3435178,441399266.1873826
D21-00238,Gheitarieh,160,15100000000.0,14711912839.577848,12342821869.864273,12456049001.176493
D21-00239,Shahran,62,1850000000.0,1973686275.926678,2254329805.52419,2208447194.8099136
D21-00240,Rudhen,93,1450000000.0,2012842226.504292,1832926394.3162837,2047998345.8409874
D21-00241,Islamshahr,75,715000000.0,1036336356.4029058,868851191.7293199,1078860418.132928
D21-00242,Islamshahr,86,1200000000.0,1089904352.3445067,864226030.9045888,1237093279.4590883
D21-00243,Southern Program Organization,120,4260000000.0,4685139428.733238,4875647266.716886,4537673069.597188
D21-00244,Andisheh,95,1500000000.0,1279067132.4856899,1370347215.066022,1310621727.4266574
D21-00245,West Ferdows Boulevard,70,2120000000.0,2282081099.088759,2196433903.337552,2537351553.6469674
D21-00246,East Ferdows Boulevard,75,2000000000.0,2526603818.714566,2380483719.3556747,2726917619.2293916
D21-00247,Pardis,81,590000000.0,637809003.2681993,603110891.7818446,631670566.9009635
D21-00248,West Ferdows Boulevard,65,1930000000.0,1934101593.7406409,1934408340.751683,2315968858.3024063
D21-00249,East Ferdows Boulevard,75,2730000000.0,2709806501.6177726,2719807250.096957,2726917619.2293916
D21-00250,East Ferdows Boulevard,106,3150000000.0,3560287682.9423194,3809359435.077225,3853895216.3125396
D21-00251,East Ferdows Boulevard,115,4600000000.0,4346402270.230343,4801217677.051219,4230590183.554699
D21-00252,Shahr-e-Ziba,100,3000000000.0,3316070652.493425,3475498048.801706,3294905628.9428263
D21-00253,East Ferdows Boulevard,118,4500000000.0,4343715911.530685,4240839121.990835,4290185240.800754
D21-00254,East Ferdows Boulevard,116,5100000000.0,4265584132.4791846,4835824757.939825,4190793482.793939
D21-00255,Shahr-e-Ziba,76,2200000000.0,2472285736.91109,2447644959.5847244,2496942556.698403
D21-00256,East Ferdows Boulevard,74,2300000000.0,2418251969.387641,2261492191.405546,2682273081.9849343
D21-00257,Saadat Abad,96,4500000000.0,6330789595.141885,5865875648.238598,6120472623.053854
D21-00258,Pardis,87,625000000.0,633496040.5207942,663461978.9701078,675404982.2501917
D21-00259,Northern Janatabad,43,1620000000.0,1367643809.1050029,1721083772.538704,1700308316.7563598
D21-00260,Niavaran,155,17050000000.0,16751890594.516779,12961270361.230394,14167287650.82278
D21-00261,East Ferdows Boulevard,53,1920000000.0,1711169674.6916945,2447885250.4905686,1927021784.255435
D21-00262,Farmanieh,160,17600000000.0,15815400352.984034,13188442761.938465,13497998634.810617
D21-00263,Shahr-e-Ziba,78,2250000000.0,2559598565.840714,2288061977.2577195,2571304288.3593817
D21-00264,Niavaran,230,25300000000.0,25273523168.88145,23507530767.98856,20906410636.846016
D21-00265,West Ferdows Boulevard,55,1850000000.0,1763087502.0856214,2195449259.142351,1978151363.0457296
D21-00266,Saadat Abad,120,11700000000.0,7348546373.72257,6385876479.370059,7582694586.818961
D21-00267,Southern Janatabad,78,3600000000.0,2950545231.345884,2795298046.296732,2947575827.6093144
D21-00268,Southern Janatabad,95,4400000000.0,3528973587.609972,3844094175.5874605,3494734901.9323273
D21-00269,Gheitarieh,170,15400000000.0,15781143561.047842,13545675796.270811,13381788029.382788
D21-00270,Shahrake Gharb,175,22750000000.0,14167666735.574991,13521600642.838951,12116883305.993198
D21-00271,Punak,115,4500000000.0,5415661567.257189,4971568326.497036,4777258773.041917
D21-00272,Punak,113,4300000000.0,4838362270.1872225,5075964307.840029,4693001912.575983
D21-00273,Punak,85,3380000000.0,3547557686.9735327,3717144854.356292,3530134182.0261884
D21-00274,Saadat Abad,140,10000000000.0,10213027714.37978,9541234587.372736,8925689241.953518
D21-00275,Saadat Abad,90,6500000000.0,5829117845.418088,5188967458.558943,5673424518.960926
D21-00276,Punak,63,2200000000.0,2224118515.6181803,2590109508.3956213,2571878487.8150864
D21-00277,Central Janatabad,75,3220000000.0,3031298118.059625,2834003794.3646674,3036727060.486184
D21-00278,Punak,130,6240000000.0,6027683928.251358,6196051270.865886,5399028748.981222
D21-00279,Punak,91,3350000000.0,3761765862.703566,3739377107.3576207,3714935593.5106697
D21-00280,Persian Gulf Martyrs Lake,121,3650000000.0,3957259771.2282476,2073784422.6295233,3509393100.929219
D21-00281,Saadat Abad,140,15500000000.0,9747465746.799566,8666592974.838758,8435518031.9212055
D21-00282,East Ferdows Boulevard,126,5500000000.0,4643003663.922266,5514694480.6096325,4581045257.126219
D21-00283,Absard,450,4200000000.0,8343121258.775239,4265758104.689816,8117275260.753659
D21-00284,Absard,500,3900000000.0,7965450765.031626,4230655727.090748,8414522910.076098
D21-00285,Pasdaran,110,6600000000.0,6649482310.093301,7736835051.597927,7228024377.721042
D21-00286,Haft Tir,145,4700000000.0,5667559182.802043,5387097232.914411,5063492063.492068
D21-00287,Shahrake Qods,81,810000000.0,751920582.4293433,843922496.3913198,781959637.3061558
D21-00288,Shahr-e-Ziba,64,2200000000.0,2080889018.751789,1967200757.5838287,2109788134.0384703
D21-00289,Shahr-e-Ziba,112,3680000000.0,3709458295.0805216,4723200112.235412,3679704820.397648
D21-00290,Marzdaran,192,12670000000.0,11755169692.503284,15272238791.470879,10137935634.246428
D21-00291,Marzdaran,164,10000000000.0,10796892411.662827,11622890207.631224,9338019793.537994
D21-00292,Pasdaran,135,8100000000.0,9375621916.729996,9419179890.874418,8087137019.185224
D21-00293,Mahallati,170,9200000000.0,7865085876.228003,8293914515.226998,6888449285.124068
D21-00294,Mahallati,130,5200000000.0,5888473358.330244,6255556383.570023,5279287706.626568
D21-00295,Shahran,84,3400000000.0,3000942261.8631682,3079397131.6475997,2982319479.2023745
D21-00296,Shahran,82,3550000000.0,2884156553.9046865,3004602969.4962325,2883010973.4807944
D21-00297,Farmanieh,265,20000000000.0,29152329022.209484,31032512520.140835,24092361836.040154
D21-00298,Southern Janatabad,60,1950000000.0,2027758110.6007607,2184831843.7122993,2236410985.036441
D21-00299,Pasdaran,145,15500000000.0,10103741083.042067,10166241514.627739,8686184205.79154
D21-00300,Southern Janatabad,65,2000000000.0,1816844973.3200533,2290278587.055206,2456313189.674428
D21-00301,Southern Janatabad,60,2280000000.0,1815030606.2055466,2042495071.5287187,2222785927.3979626
D21-00302,Southern Janatabad,63,2000000000.0,2359504564.636144,2271126053.6652203,2380734322.299835
D21-00303,Southern Janatabad,70,1950000000.0,2565053951.016761,2584870591.1856375,2609146149.209178
D21-00304,Feiz Garden,92,3900000000.0,3503310008.289609,3916202597.3539095,3475165240.160828
D21-00305,Pasdaran,98,7800000000.0,6261022084.958737,6444129262.663545,6049965680.785662
D21-00306,Southern Janatabad,62,2280000000.0,2053991986.9031184,2229155628.584189,2280774357.050572
D21-00307,Punak,65,2900000000.0,2476498322.7262316,2521829576.7934933,2699514374.490606
D21-00308,Ozgol,90,5000000000.0,4021193200.338261,4913166947.050862,3962440861.2335753
D21-00309,Southern Janatabad,59,1900000000.0,2190378296.3841815,2282253540.293682,2185739495.2746606
D21-00310,Southern Janatabad,63,2000000000.0,2350564004.8311863,2384042181.190073,2380753735.0591383
D21-00311,Southern Janatabad,60,2200000000.0,2233574408.6970344,2371722987.31853,2267384509.5801315
D21-00312,Southern Janatabad,70,2500000000.0,2605766654.7610407,2633906344.8118567,2593250248.6309533
D21-00313,Southern Janatabad,60,2200000000.0,2028295262.0063314,2371722987.31853,2267384509.5801315
D21-00314,Pasdaran,165,10500000000.0,12636356306.343594,10955104202.839735,10842036566.581556
D21-00315,Zaferanieh,135,17500000000.0,11832741928.90184,11704290869.361124,11132061739.439604
D21-00316,Southern Janatabad,65,2000000000.0,2200564645.047179,2387693666.6742373,2456313189.674428
D21-00317,Southern Janatabad,60,2250000000.0,2027758110.6007607,2184831843.7122993,2236410985.036441
D21-00318,Southern Janatabad,60,2250000000.0,2023719019.6841493,2217870212.8441925,2267366021.237938
D21-00319,Southern Janatabad,86,3600000000.0,3180863809.2001467,3213786501.4853325,3163654753.3282027
D21-00320,Heravi,109,6000000000.0,5875234445.200125,6401401016.072217,5663865691.492381
D21-00321,Narmak,98,2842000000.0,3331496786.992367,3719240009.3606315,3609103901.02769
D21-00322,Central Janatabad,80,3120000000.0,3239682137.892367,3168843624.6515265,3208563012.950948
D21-00323,Gheitarieh,143,8860000000.0,12763373817.931309,9140604149.240253,10971298598.046326
D21-00324,Saadat Abad,95,4550000000.0,6172217936.050408,6827768058.56007,6002966547.8983555
D21-00325,Punak,86,3700000000.0,3611246873.9437203,3659420458.420691,3568311622.59498
D21-00326,Gheitarieh,160,10000000000.0,14813767066.73594,12114698680.542044,12594624027.654404
D21-00327,Pasdaran,200,16580000000.0,15363313065.895828,17278756549.005463,13141862504.947363
D21-00328,Punak,74,3250000000.0,2762982502.594968,2960070446.655246,3070407675.2561507
D21-00329,Zaferanieh,350,52500000000.0,35323977991.62607,17698808972.701572,28771134523.76828
D21-00330,Northern Janatabad,87,3550000000.0,3457264292.1653566,3799996538.1543965,3440158687.3907824
D21-00331,West Ferdows Boulevard,82,3450000000.0,2967855088.783669,3139220312.2188807,2949243850.3590827
D21-00332,Shahr-e-Ziba,55,2490000000.0,1600541968.2761054,1745303141.5071294,1806997902.8738494
D21-00333,Ekhtiarieh,148,8400000000.0,9677574822.922256,11123126676.782764,8454360667.728335
D21-00334,Shahr-e-Ziba,55,2020000000.0,1678270199.026735,1918771837.8592453,1812198095.918559
D21-00335,Southern Janatabad,100,3800000000.0,3450008768.8489456,3629213642.3042417,3727351641.727407
D21-00336,West Ferdows Boulevard,55,1550000000.0,1351302677.5753276,1511182871.5906274,1948679535.2736492
D21-00337,Central Janatabad,130,5300000000.0,5952001238.51373,6284655497.257486,5213914896.045297
D21-00338,Saadat Abad,335,33500000000.0,27981778461.662693,36800853321.1853,21168355721.536247
D21-00339,Saadat Abad,320,40000000000.0,26910099832.46029,43694728189.21221,20086433734.783596
D21-00340,Saadat Abad,192,19500000000.0,14230611652.24828,18368181517.74118,12051860240.87014
D21-00341,Gheitarieh,100,8000000000.0,8241597867.370379,7274181660.154767,7871640017.28398
D21-00342,Saadat Abad,148,14800000000.0,10837029174.151278,10995040117.730268,9289975602.33743
D21-00343,Shahrake Gharb,145,14700000000.0,10567511558.70627,10195776928.143436,10039703310.680073
D21-00344,Saadat Abad,192,22000000000.0,15628750560.304781,17448915987.141953,12132311338.910372
D21-00345,North Program Organization,235,16450000000.0,10226309065.19493,12711008895.516468,8892745789.544888
D21-00346,Heravi,225,15750000000.0,13719349207.137384,17888700353.238438,11735904187.004122
D21-00347,Saadat Abad,221,25000000000.0,17275698899.10428,19900005407.016518,13316067750.389915
D21-00348,Farmanieh,312,45000000000.0,35981530765.590935,52258433028.673935,26984628057.004143
D21-00349,Ozgol,188,17672000000.0,9534473321.281727,13290667673.084734,8277098687.910143
D21-00350,Farmanieh,170,12400000000.0,16226872386.498503,17809247758.91914,15142586666.395216
D21-00351,Farmanieh,198,27720000000.0,20810284253.242687,20108461020.308983,17360630035.70544
D21-00352,North Program Organization,80,3100000000.0,3050567564.940896,3131522776.7356524,3027317715.589748
D21-00353,Niavaran,170,18700000000.0,17971955422.30825,15189703502.750887,15217463577.53207
D21-00354,Tajrish,110,6600000000.0,4652748117.71976,4630621849.493855,4579110347.602642
D21-00355,Absard,650,5200000000.0,11532281406.077654,3797857164.980222,11798524491.540787
D21-00356,Saadat Abad,200,12000000000.0,14717713524.727364,17534548789.75773,12607610042.135397
D21-00357,Ekhtiarieh,101,6500000000.0,6370731318.645501,5830658306.280048,5612292893.374852
D21-00358,Feiz Garden,104,3850000000.0,3891751418.4283113,4145397033.082507,3849091448.594421
D21-00359,Northern Janatabad,70,3200000000.0,2597491187.410772,2498201363.5718794,2605292364.328216
D21-00360,Shahr-e-Ziba,76,2570000000.0,2293467584.749717,2030521384.7183945,2504128277.996556
D21-00361,Feiz Garden,110,4300000000.0,4119916586.197887,4179412336.9892683,4071154416.7825665
D21-00362,Pasdaran,160,16200000000.0,10182509449.865622,11591928067.653086,9643062089.672894
D21-00363,Dorous,179,13800000000.0,11573512023.494684,12558069475.138166,9945338725.0333
D21-00364,Dorous,256,18500000000.0,16380636312.963057,19846250955.379997,14044614863.28596
D21-00365,Feiz Garden,90,3850000000.0,3365093024.332662,3517637142.8658156,3341734341.2684407
D21-00366,Shahr-e-Ziba,77,2570000000.0,2525262526.416041,2288061977.2577195,2538338848.7650337
D21-00367,Pasdaran,96,5600000000.0,6552800526.158293,7151898617.825613,6357520472.027483
D21-00368,Central Janatabad,75,3250000000.0,2719597758.297984,2784450783.553985,3008152264.901932
D21-00369,Abazar,79,3000000000.0,3606324543.115463,3543355880.044078,3558157127.1341777
D21-00370,Saadat Abad,67,3400000000.0,3729083215.415964,3807557494.693468,4036997915.276581
D21-00371,Shahr-e-Ziba,125,6400000000.0,4159694297.324992,4084596028.4420924,4118632036.178544
D21-00372,Shahr-e-Ziba,75,1890000000.0,2273413938.939908,1945296561.1498566,2464088049.3734274
D21-00373,Shahr-e-Ziba,75,1890000000.0,2207145168.9715376,1997093875.5089636,2457727401.8230667
D21-00374,Saadat Abad,91,5400000000.0,5900555682.422578,6278193427.153322,5750210061.67106
D21-00375,Parand,105,1417500000.0,574452748.3616993,755011250.6255891,610851271.898083
D21-00376,Ostad Moein,66,1585000000.0,1712959194.1012428,1604302933.9944267,1748819567.800303
D21-00377,Southern Janatabad,86,3270000000.0,3268018144.055664,3600642476.6019545,3249891297.107702
D21-00378,Northern Janatabad,72,2380000000.0,2415934198.3063526,2198094721.801978,2679729289.0233116
D21-00379,Koohsar,148,4500000000.0,5279639906.819717,5038966393.31869,4998263667.948987
D21-00380,Saadat Abad,84,4600000000.0,5473385246.337886,5184075662.915518,5355413545.172121
D21-00381,Niavaran,128,12800000000.0,12294020192.248066,11115636909.33342,11746576342.108486
D21-00382,West Ferdows Boulevard,65,3900000000.0,2124381991.781726,2310735431.580424,2374552687.9952817
D21-00383,Pasdaran,140,11800000000.0,9739378132.527313,10055258272.27735,8386660612.488398
D21-00384,Ekhtiarieh,115,7400000000.0,7168414003.057725,8295078902.986398,6901253728.981648
D21-00385,Saadat Abad,105,5700000000.0,6817182663.248208,5777681594.110946,6618995272.121073
D21-00386,Pardis,87,650000000.0,637068093.7416404,670770892.5789323,678460979.2639982
D21-00387,Shahr-e-Ziba,75,1890000000.0,2207145168.9715376,1997093875.5089636,2457727401.8230667
D21-00388,Persian Gulf Martyrs Lake,60,875000000.0,1541669940.5935779,1053418356.307514,1740194926.080605
D21-00389,Southern Program Organization,68,2630000000.0,2359230242.9660087,2847168202.1110106,2571348072.7717414
D21-00390,West Ferdows Boulevard,49,2200000000.0,1567893152.7083602,2020655164.7449784,1762353032.5316486
D21-00391,Hekmat,103,9270000000.0,3574725449.470921,3387589197.536543,3552611958.001879
D21-00392,West Ferdows Boulevard,55,2200000000.0,1741671422.2423947,2177227388.577751,1959665957.0251174
D21-00393,Punak,140,7700000000.0,6646702572.593785,6166339179.137871,5808879385.619735
D21-00394,Persian Gulf Martyrs Lake,257,12850000000.0,9420776485.153196,8806752001.4178,7454079778.434819
D21-00395,Punak,82,4018000000.0,3440697733.90325,3293645397.735534,3402343640.148707
D21-00396,Punak,167,10688000000.0,8002562213.607184,9759719845.198244,6937410566.069579
D21-00397,West Ferdows Boulevard,53,1640000000.0,1290984320.0547974,1607851651.8946507,1936173730.2115371
D21-00398,West Ferdows Boulevard,51,1550000000.0,1240040520.7710357,1584717427.0864992,1863110570.5809162
D21-00399,West Ferdows Boulevard,54,2130000000.0,1594534256.6690562,1928561595.1212533,1972705310.0268483
D21-00400,Sattarkhan,82,4100000000.0,2955128213.2402525,3201497729.0654836,2967175959.00388
D21-00401,West Ferdows Boulevard,75,2800000000.0,2715384091.5851655,2577816697.0380554,2718590950.336037
D21-00402,West Ferdows Boulevard,98,4520000000.0,3510178001.8409786,3727863061.5834384,3491768432.517473
D21-00403,Shahr-e-Ziba,75,1890000000.0,2273413938.939908,1945296561.1498566,2464088049.3734274
D21-00404,Niavaran,70,5600000000.0,5975671884.683537,4809996392.96833,6266014414.277906
D21-00405,Shahr-e-Ziba,75,1890000000.0,2218353828.3598137,2010106129.836255,2472115656.99686
D21-00406,Ekbatan,64,3700000000.0,2265073170.3864374,2431951875.0957756,2520161844.4074
D21-00407,Jeyhoon,85,2100000000.0,1959610414.2655373,1972473084.0777795,1996759863.105227
D21-00408,Parastar,48,980000000.0,884365069.8200442,1010311627.3060713,1346900122.9035594
D21-00409,Shahr-e-Ziba,75,1890000000.0,2262817878.47801,2002042047.1861396,2471179221.7071223
D21-00410,Ekhtiarieh,246,22500000000.0,16837008052.134478,18891288556.409103,14052518407.170109
D21-00411,Gheitarieh,168,14000000000.0,15222155800.008694,13625724523.021229,12984221983.642212
D21-00412,Saadat Abad,280,38500000000.0,23241028270.449585,20941079098.443523,17650654058.98954
D21-00413,Shahr-e-Ziba,75,1890000000.0,2207145168.9715376,1997093875.5089636,2457727401.8230667
D21-00414,Pardis,84,680000000.0,610657081.8832239,656510801.9624605,652115155.2760482
D21-00415,Shahr-e-Ziba,75,1890000000.0,2207145168.9715376,1997093875.5089636,2457727401.8230667
D21-00416,Gisha,108,5180000000.0,4962956156.7802,6194616699.036248,4844425553.508499
D21-00417,Shahr-e-Ziba,62,2580000000.0,1820285055.7819617,1977913049.2147436,2031721318.8404045
D21-00418,Southern Janatabad,70,3370000000.0,2605766654.7610407,2633906344.8118567,2593250248.6309533
D21-00419,Pasdaran,180,9900000000.0,12987704219.395638,13304872587.87709,11112181862.667578
D21-00420,Abazar,135,6480000000.0,6631097693.295791,6866744085.164019,5833581797.050138
D21-00421,Shahr-e-Ziba,75,1890000000.0,2207145168.9715376,1997093875.5089636,2457727401.8230667
D21-00422,Farmanieh,108,6200000000.0,9960070832.075006,9094962581.202913,9469434564.930252
D21-00423,Ekhtiarieh,91,5180000000.0,5326615078.466298,5650650998.12196,5198289329.48163
D21-00424,Gheitarieh,120,8900000000.0,9968577180.133759,8146124131.378627,9445968020.740778
D21-00425,Gheitarieh,112,7500000000.0,8368687583.500231,5476115611.973151,8592905195.672623
D21-00426,Shahr-e-Ziba,75,1890000000.0,2262817878.47801,2002042047.1861396,2471179221.7071223
D21-00427,Pirouzi,123,4059000000.0,3478489070.974016,2507092124.6370106,3447864969.2535567
D21-00428,Pirouzi,69,1800000000.0,1902943837.8641741,1757942742.7049344,1934168153.4837074
D21-00429,Lavasan,400,85000000000.0,23805596517.193394,43610742570.35276,17745048141.410347
D21-00430,Lavasan,660,55000000000.0,45625222263.091225,70018799576.53227,32917542450.261047
D21-00431,Pirouzi,66,1850000000.0,1745513465.1155162,1738171699.298232,1850073885.9409313
D21-00432,Ostad Moein,80,2150000000.0,2104503577.629699,1925053910.5303433,2114422967.9842966
D21-00433,Pirouzi,44,880000000.0,959781497.1670592,1055814102.3086433,1212666191.9271784
D21-00434,East Ferdows Boulevard,180,9360000000.0,7451026958.563103,7882290124.767624,6524448037.260666
D21-00435,East Ferdows Boulevard,164,9840000000.0,6766167998.80821,6324941175.527361,5962859860.714945
D21-00436,East Ferdows Boulevard,213,14484000000.0,9098692747.324055,13194938422.584578,7835788774.757842
D21-00437,Shahr-e-Ziba,100,3400000000.0,3328804712.562267,3466842059.994894,3296154209.3291554
D21-00438,Shahr-e-Ziba,75,1890000000.0,2273413938.939908,1945296561.1498566,2464088049.3734274
D21-00439,Niavaran,300,55500000000.0,32765721791.19857,37161003269.39502,27531038301.81679
D21-00440,Ostad Moein,126,3000000000.0,3745618313.45015,3654693770.1063313,3330216174.5752654
D21-00441,Majidieh,85,2500000000.0,2502918059.563763,1902912414.4225142,2514966406.404185
D21-00442,Shahr-e-Ziba,75,1890000000.0,2262817878.47801,2002042047.1861396,2471179221.7071223
D21-00443,Parastar,57,1270000000.0,1210227807.3923533,1551069952.7274935,1591430585.4504745
D21-00444,Shahr-e-Ziba,61,1990000000.0,1424563751.709978,1941815280.9779704,2004124946.82372
D21-00445,Jeyhoon,79,1817000000.0,1818339725.8968115,1812511415.27434,1852052636.6928213
D21-00446,Pirouzi,68,2450000000.0,1702728587.1330996,1703796642.7132008,1906136730.9694474
D21-00447,Pardis,105,1000000000.0,801499692.8100809,730831996.0115929,835652378.3398968
D21-00448,Saadat Abad,105,7700000000.0,6829520034.720801,7542057075.164335,6590861069.225862
D21-00449,Pardis,160,1930000000.0,1213140733.3641958,1422398178.3385215,1258183142.7408037
D21-00450,Pardis,100,585000000.0,742885654.353404,732741343.2988088,786364464.2130029
D21-00451,Saadat Abad,125,12500000000.0,8660343530.538265,7657795094.979277,7531712528.501102
D21-00452,Pardis,94,990000000.0,736526364.3313355,700409258.4122627,739182596.3602229
D21-00453,Northern Janatabad,80,2200000000.0,2400966358.7983584,2423628764.621554,3177549984.135593
D21-00454,Parastar,75,2300000000.0,2185704772.2937245,1987815270.6178846,2104531442.0368078
D21-00455,North Program Organization,99,4190000000.0,4573010285.718669,4580756231.125861,4064195458.595579
D21-00456,Shahr-e-Ziba,90,4099000000.0,2979510999.680947,2960944809.651396,2965415066.0485477
D21-00457,Shahr-e-Ziba,129,4500000000.0,4736889167.823808,5298867349.067251,4227291131.1356792
D21-00458,Aqdasieh,245,36500000000.0,17070664702.195808,18891288556.409103,14242324114.709576
D21-00459,Parastar,102,2030000000.0,2565564120.9673657,2658153791.9676013,2805636440.9420567
D21-00460,Pakdasht,141,1225000000.0,1388879034.847245,1456739934.0817602,1278883139.0040195
D21-00461,Shahr-e-Ziba,96,3840000000.0,3156893875.04845,3567832774.9988275,3154032703.1979876
D21-00462,Heravi,155,8600000000.0,9289217328.25463,9891156042.465393,8084733995.491708
D21-00463,Farmanieh,300,55500000000.0,30817279945.173523,41985108551.397095,25946757747.119385
D21-00464,Gheitarieh,87,6264000000.0,7018282496.178284,6479727407.28535,6772976644.38972
D21-00465,Gheitarieh,87,6264000000.0,7018282496.178284,6479727407.28535,6772976644.38972
D21-00466,Gheitarieh,105,6200000000.0,8544982419.98271,7709232492.629273,8174282157.022052
D21-00467,Shahran,61,1850000000.0,1976160839.7991686,2171409799.5092783,2180100021.545474
D21-00468,East Ferdows Boulevard,88,3700000000.0,3224436568.9508615,3328985916.460615,3199460179.5802207
D21-00469,West Ferdows Boulevard,101,3700000000.0,3733046683.340098,4017008325.508797,3689689561.346516
D21-00470,Pardis,160,1930000000.0,1198427569.1707861,1564711274.815181,1242124105.2877085
D21-00471,Southern Chitgar,130,3250000000.0,2878982257.1219993,3077705879.5814004,2870569036.64395
D21-00472,Karimkhan,150,7800000000.0,6024752364.602879,6389804136.870208,5284473015.805756
D21-00473,Railway,144,6600000000.0,5023414493.892898,5083319052.099687,4811111036.147051
D21-00474,Southern Janatabad,91,4500000000.0,3401535468.304868,3643079853.6684637,3371225323.2202463
D21-00475,West Ferdows Boulevard,68,2200000000.0,2451489139.9185877,2464197892.065185,2464855794.971339
D21-00476,Rudhen,133,2260000000.0,3222928901.983065,3146517430.518573,2928857849.428508
D21-00477,Si Metri Ji,71,1633000000.0,1481637912.3539448,1669958733.5181022,1521450258.068812
D21-00478,Pardis,64,680000000.0,432037333.61868787,507128837.965425,509350021.0833666
D21-00479,Rudhen,132,2244000000.0,2624863787.888759,2288745653.008601,2590674315.7705116
D21-00480,Abazar,95,5600000000.0,4175219487.513592,5080477713.905957,4105113116.4426966
D21-00481,Abazar,95,4500000000.0,4185919620.4148617,5140870343.614765,4135164487.485017
D21-00482,Abazar,102,5200000000.0,4509193993.146935,5060801357.685189,4439860818.141798
D21-00483,Abazar,120,6250000000.0,5521930792.64113,6785226673.033718,5312954477.4631815
D21-00484,East Ferdows Boulevard,117,4600000000.0,4735979508.864312,4862943195.807268,4304165665.00782
D21-00485,Karoon,55,1570000000.0,1077889569.1877983,1317214837.828855,1238451330.5163982
D21-00486,Northern Chitgar,60,295000000.0,972893344.5168082,794521420.4892133,1115314671.8660147
D21-00487,Jeyhoon,85,1900000000.0,1959610414.2655373,1972473084.0777795,1996759863.105227
D21-00488,Jeyhoon,80,1750000000.0,1540941410.5070722,1463410207.7494287,1874970886.2303536
D21-00489,Jeyhoon,54,1500000000.0,1107289605.1053176,1393309706.9198618,1271021510.6716874
D21-00490,Feiz Garden,57,1880000000.0,1944320366.5468616,2373911908.3679223,2153091507.490946
D21-00491,Pirouzi,101,3130000000.0,2929262492.870187,2452611409.8566275,2783620122.3782983
D21-00492,Feiz Garden,65,1960000000.0,2187536485.887766,2328624265.0765758,2455279789.24406
D21-00493,Punak,91,3230000000.0,3761765862.703566,3739377107.3576207,3714935593.5106697
D21-00494,Pardis,105,690000000.0,801499692.8100809,730831996.0115929,835652378.3398968
D21-00495,Central Janatabad,86,3480000000.0,3498012891.0212193,3687412530.742404,3482113696.024152
D21-00496,Farmanieh,200,35000000000.0,21181531286.65729,20247263229.516834,17814807842.817905
D21-00497,Pardis,87,760000000.0,633496040.5207942,663461978.9701078,675404982.2501917
D21-00498,Shahran,103,3550000000.0,3740139377.0468373,4013901465.7042174,3681152495.396459
D21-00499,East Pars,81,2891700000.0,2446896983.710778,2063456437.2823308,2460920841.5956793
D21-00500,Feiz Garden,73,2600000000.0,2589049927.715663,2505188571.869815,2610479988.6711173
D21-00501,Northern Chitgar,90,455000000.0,1600509679.976747,1127307456.076634,1626219213.3069413
D21-00502,Andisheh,134,1600000000.0,2035226603.963616,1639993971.3333888,1848666436.5807586
D21-00503,Shahran,60,1850000000.0,1913213332.833514,2199943159.409775,2130827373.0461175
D21-00504,Shahran,51,2020000000.0,1443237011.7201793,1799165903.733923,1793092190.823423
D21-00505,Pardis,108,1300000000.0,753814850.4932469,1127645931.1952822,859528160.5781808
D21-00506,Pardis,86,610000000.0,654404043.328919,620102754.9549145,684439090.8307744
D21-00507,Pardis,110,1870000000.0,764265006.9215409,1010462241.066914,878405706.9064988
D21-00508,Pardis,88,740000000.0,669865451.829982,661145343.0047035,700356278.9896289
D21-00509,Pardis,85,780000000.0,621123739.8798555,659899354.0319167,662864175.1429869
D21-00510,Pirouzi,100,3000000000.0,2773512567.457563,3147114294.410106,2766506366.85815
D21-00511,Pardis,87,715000000.0,637068093.7416404,670770892.5789323,678460979.2639982
D21-00512,Farmanieh,191,18145000000.0,20714834379.120796,22727878668.228954,17364683436.542152
D21-00513,Salsabil,91,2093000000.0,1910182161.1797404,1366957358.5925379,1941815948.9602103
D21-00514,Farmanieh,282,36660000000.0,31106404171.95804,40454351004.26735,25637909576.465427
D21-00515,Niavaran,282,30000000000.0,28419082213.387386,39912368658.32991,25775323338.916332
D21-00516,Farmanieh,210,23100000000.0,21451149486.253574,24517888023.361317,18162730422.983585
D21-00517,Pardis,87,650000000.0,656054974.0575448,683288511.4160428,694739059.0987755
D21-00518,Kook,170,7140000000.0,8150735195.450602,10200544428.721035,7790378681.424933
D21-00519,Moniriyeh,89,2047000000.0,2879008514.441157,2446437570.066213,2868083451.4548445
D21-00520,Saadat Abad,64,3200000000.0,4069554110.7890606,3647960120.436354,4080315082.0359054
D21-00521,Northern Janatabad,89,3100000000.0,3553259537.526907,3637747413.561149,3534359857.996793
D21-00522,Zaferanieh,135,11800000000.0,12745998122.210228,10720016298.677818,10893469399.80056
D21-00523,Air force,75,1650000000.0,2065680973.3104994,1273785065.4717183,2619909264.115169
D21-00524,Air force,105,3990000000.0,3356009527.498223,3146645250.5949783,3330967650.9109607
D21-00525,Saadat Abad,320,40000000000.0,25420168451.48234,36118612649.33848,19281184072.962795
D21-00526,Saadat Abad,111,6800000000.0,7238520519.29,8575127659.709803,6967481701.753055
D21-00527,Sohanak,133,7448000000.0,5275991204.934971,4463440172.192438,4655000000.000003
D21-00528,Saadat Abad,65,3250000000.0,3263125010.989343,3495047653.7856646,3916490514.820564
D21-00529,Lavizan,65,2650000000.0,1645478916.8973575,1039709816.098894,2224570383.348927
D21-00530,Gheitarieh,112,8200000000.0,8975496615.577133,7418462645.718042,8592905195.672623
D21-00531,Ekhtiarieh,147,8400000000.0,10145308081.23128,10066919198.353329,8750288868.880968
D21-00532,Saadat Abad,150,12000000000.0,10475068582.567015,10878520653.222332,9038055034.201326
D21-00533,Southern Janatabad,67,3450000000.0,2227129268.2629094,2562803802.3669605,2464707772.9417415
D21-00534,Ekhtiarieh,220,15000000000.0,15280263134.619263,22769684362.21229,13095670416.012331
D21-00535,Narmak,66,2510000000.0,2252026326.785813,1348345157.7038448,2308991750.2705383
D21-00536,Shahr-e-Ziba,75,1880000000.0,2273413938.939908,1945296561.1498566,2464088049.3734274
D21-00537,Aqdasieh,180,12600000000.0,12969161770.61073,13479477176.843693,11027578584.863073
D21-00538,Saadat Abad,103,5200000000.0,6717114856.9489155,6831326790.4842615,6508479520.352949
D21-00539,West Ferdows Boulevard,68,3570000000.0,2204516557.0963736,2619865591.7549753,2409276516.338326
D21-00540,Pasdaran,115,11000000000.0,7214410244.709379,6982549196.159282,6930950876.952377
D21-00541,Andisheh,115,1900000000.0,1553014556.5150824,1618865985.2793849,1586542091.095425
D21-00542,Narmak,150,8400000000.0,6301851298.639281,6367282517.117452,5524138624.021972
D21-00543,Qasr-od-Dasht,78,2000000000.0,1787037699.2837596,1974936405.6503146,1828351284.2292912
D21-00544,Persian Gulf Martyrs Lake,100,1000000000.0,2997320347.610521,2278246578.2284384,2980447472.535987
D21-00545,Punak,58,2650000000.0,2155396664.7912774,2308469374.4744473,2409400076.838531
D21-00546,Punak,90,4200000000.0,3564516921.7207623,3691886372.288874,3544935876.9286623
D21-00547,Gheitarieh,235,24000000000.0,21999150278.869568,26524698499.784256,18294821970.477947
D21-00548,Punak,48,2250000000.0,1768096895.3131514,2245798526.756835,1993986270.4870653
D21-00549,Punak,70,2800000000.0,2871000774.531885,2751026483.450604,2907169326.3745008
D21-00550,Punak,86,4200000000.0,3611246873.9437203,3659420458.420691,3568311622.59498
D21-00551,Pardis,79,550000000.0,593053140.3723758,625479091.1508254,630855007.6873933
D21-00552,Central Janatabad,88,3600000000.0,3573591551.687212,3701020186.4980826,3549318916.8866997
D21-00553,Qalandari,145,13000000000.0,7430522336.19851,7857219444.602689,6527204386.778294
D21-00554,Jeyhoon,64,1500000000.0,1354104233.5811033,1269589981.2909005,1499976708.9842842
D21-00555,Saadat Abad,135,11475000000.0,9817385056.3656,9449627237.677767,8530531410.171334
D21-00556,Pirouzi,50,1260000000.0,962134567.8510681,980703761.5160927,1376260281.476499
D21-00557,Pardis,87,540000000.0,662134047.2088854,652018541.9675274,692397684.9101998
D21-00558,Pardis,84,550000000.0,613164144.3722942,658090683.9173572,655065773.082482
D21-00559,Zaferanieh,300,42000000000.0,33303676008.31406,44277468071.624985,24660972448.944267
D21-00560,Zaferanieh,137,10000000000.0,13473803080.535748,11297141827.949966,11558931364.582306
D21-00561,Velenjak,105,9500000000.0,8044642762.43232,7870504144.60359,7737845458.994429
D21-00562,Zaferanieh,145,11000000000.0,12748764447.055216,12885004945.01479,11956658905.324024
D21-00563,Pardis,84,560000000.0,619314306.1146929,659286346.1782655,660546149.9389207
D21-00564,Zaferanieh,170,32000000000.0,14973591537.286922,15735376527.992712,13974551054.401758
D21-00565,Zaferanieh,157,14800000000.0,15246321099.795366,14907927067.317682,12946175504.38532
D21-00566,Zaferanieh,170,19000000000.0,16108947031.23829,15545777824.603333,13717702207.156275
D21-00567,Zaferanieh,283,29700000000.0,28784774742.77062,37317967480.33495,23877208585.232124
D21-00568,Pardis,84,540000000.0,610657081.8832239,656510801.9624605,652115155.2760482
D21-00569,Pardis,84,550000000.0,619314306.1146929,659286346.1782655,660546149.9389207
D21-00570,Northern Janatabad,80,3250000000.0,2696688627.7898903,2669581920.215594,2977476987.8036757
D21-00571,Gheitarieh,863,7830000000.0,79382238945.08826,25540335984.611805,62662129058.6157
D21-00572,Kamranieh,125,8700000000.0,9514393728.878765,9314540854.780664,9033989891.525612
D21-00573,Punak,65,2350000000.0,2717412041.9546556,2525657527.06359,2696979714.7520223
D21-00574,Southern Janatabad,105,5300000000.0,3990318453.076396,4088465605.45626,3913719223.813764
D21-00575,Farmanieh,170,18700000000.0,17307469990.208885,17044301800.926214,14703162723.367657
D21-00576,Ekhtiarieh,230,19300000000.0,16109025208.02334,22547036147.76602,13690168674.579666
D21-00577,Pasdaran,200,22000000000.0,14146860592.986399,15987543269.735369,11980943732.126272
D21-00578,Pasdaran,150,13000000000.0,10468690798.370789,12305009747.822859,8985707799.09468
D21-00579,Central Janatabad,93,4650000000.0,3815186759.5022373,3739377107.3576207,3765514644.220204
D21-00580,Central Janatabad,110,4500000000.0,4476980613.160533,4613877735.006501,4411774142.807553
D21-00581,Niavaran,415,53950000000.0,57534722911.48534,68952079447.93848,37722436583.874344
D21-00582,Saadat Abad,95,5700000000.0,6258953133.679454,5865875648.238598,6056717699.897049
D21-00583,Ekhtiarieh,128,8960000000.0,8157338875.463039,7773472581.356545,7112608815.366146
D21-00584,Saadat Abad,140,8400000000.0,9550703208.86637,9810043529.082651,8925689241.953518
D21-00585,Southern Janatabad,86,3200000000.0,3180863809.2001467,3213786501.4853325,3163654753.3282027
D21-00586,Saadat Abad,70,3900000000.0,4515833107.381608,3975133699.6257334,4412663514.747385
D21-00587,East Ferdows Boulevard,173,9515000000.0,7188334909.910138,9534172917.019966,6289847853.038394
D21-00588,Southern Janatabad,72,3150000000.0,2642568033.7261353,2597574710.2921,2648641188.832922
D21-00589,Saadat Abad,73,3900000000.0,4712485073.372989,3981357223.300739,4601777665.379425
D21-00590,Central Janatabad,75,3200000000.0,2807550781.860999,2808242014.2983794,3024987713.2557077
D21-00591,West Ferdows Boulevard,67,2200000000.0,2413883436.570808,2464197892.065185,2428607915.633524
D21-00592,East Ferdows Boulevard,68,2700000000.0,2451550342.2014627,2545223528.392751,2501566369.406257
D21-00593,Pardis,88,1900000000.0,650118249.0729014,657901969.292991,692000728.5074437
D21-00594,Saadat Abad,111,5661000000.0,7213051587.990467,6794914061.876148,6997223573.385135
D21-00595,West Ferdows Boulevard,98,3750000000.0,3250941897.4483323,3730244352.4430966,3524706065.063291
D21-00596,West Ferdows Boulevard,62,2750000000.0,2239990857.9411445,2212679689.860327,2264957948.5493503
D21-00597,Central Janatabad,80,4240000000.0,3260479296.36647,3315265219.4174347,3239152382.124904
D21-00598,Saadat Abad,200,15000000000.0,16109861536.494091,18585360029.114376,12750984631.362204
D21-00599,Saadat Abad,210,15500000000.0,16989661412.031624,23769418086.189293,13388533862.930317
D21-00600,Shahrake Gharb,162,12150000000.0,13352516930.068707,12707021870.682394,11467151256.665735
D21-00601,Ekhtiarieh,150,12000000000.0,9625488048.593502,10974541296.203457,8335088455.507225
D21-00602,Pardis,82,1100000000.0,597270572.0718516,600113538.2251397,639468968.9614702
D21-00603,Pasdaran,130,11100000000.0,9012493850.014473,9835915368.879137,7787613425.882078
D21-00604,Saadat Abad,76,4000000000.0,4681491090.191902,3774174009.4023824,4579281217.328672
D21-00605,Shahrake Gharb,96,4800000000.0,6910746783.213165,7704380153.207428,6695965852.822086
D21-00606,Saadat Abad,103,5200000000.0,6717114856.9489155,6831326790.4842615,6508479520.352949
D21-00607,Saadat Abad,135,8700000000.0,10289755048.354939,8777816799.790575,8510136778.441383
D21-00608,Shahrake Gharb,140,12600000000.0,10186528973.25408,10243193284.77025,9693506644.794567
D21-00609,Shahrake Gharb,165,14800000000.0,13321695849.063864,13261869758.668625,11424489974.22214
D21-00610,Shahrake Qods,120,1050000000.0,1188059225.6381676,982855754.264834,1226947429.2283375
D21-00611,Pardis,160,2000000000.0,1229469174.996461,1385874734.4275575,1273375052.7084131
D21-00612,Gheitarieh,150,9000000000.0,13566952327.785795,12518465296.469837,11593055342.537687
D21-00613,Pirouzi,51,1300000000.0,1082114360.1427367,1170298407.6691625,1429602548.227087
D21-00614,Ekhtiarieh,75,3900000000.0,4112461434.8859634,4362965824.758179,4464185437.362928
D21-00615,East Ferdows Boulevard,180,9900000000.0,7458401303.303387,8591240015.08319,6544602286.150554
D21-00616,Shahrake Qods,93,1181100000.0,909861336.920918,1019593817.8810872,950884257.6519629
D21-00617,Shahrake Qods,84,1150800000.0,817917018.8518155,911669809.6446241,858863200.459837
D21-00618,Shahrake Qods,92,1012000000.0,725556927.1295524,797051475.488565,899028435.3268946
D21-00619,Shahrake Qods,105,1365000000.0,989171528.3709534,985946889.507544,1026065062.0578675
D21-00620,Central Janatabad,67,2400000000.0,2447286603.2884026,2351279422.3525467,2712790120.029605
D21-00621,Ekhtiarieh,100,5500000000.0,6114021091.671071,5913575168.065331,5952577461.823792
D21-00622,Pasdaran,170,10800000000.0,11934000977.556705,12974519306.242783,10183802172.30733
D21-00623,Pasdaran,162,7600000000.0,12475996054.274158,13072979417.938057,10728315796.546375
D21-00624,Shahran,43,2080000000.0,1354812407.4920878,1693930488.59053,1526663542.9250247
D21-00625,Gheitarieh,150,12500000000.0,13417850346.737343,10703357831.644863,11508355172.775826
D21-00626,Farmanieh,245,22050000000.0,26192654849.027042,30168811901.13274,21823139607.451912
D21-00627,Northern Janatabad,93,4140000000.0,3735671934.877036,3985296153.717777,3693901856.5576296
D21-00628,Persian Gulf Martyrs Lake,60,295000000.0,1539596930.332045,1115769638.1052427,1740252088.3505437
D21-00629,Gheitarieh,128,9300000000.0,11366015615.923193,8131625710.9087515,9820463080.768713
D21-00630,Pardis,87,795000000.0,662134047.2088854,652018541.9675274,692397684.9101998
D21-00631,Heravi,100,5500000000.0,5347851381.282639,5818668689.555197,5212099684.007526
D21-00632,Heravi,124,7040000000.0,6899301093.872094,7002626766.95629,6641445093.591282
D21-00633,Abazar,156,9400000000.0,7710891363.748495,9295979162.295654,6741027854.36906
D21-00634,Gheitarieh,171,14000000000.0,14543534300.606575,13568988027.38276,12416250369.667799
D21-00635,Central Janatabad,58,2080000000.0,2159826259.009717,2142076528.9244587,2348402260.109314
D21-00636,Amirieh,88,2024000000.0,2360268028.5634847,1827317239.5988786,2376988721.1073365
D21-00637,Niavaran,190,24700000000.0,20821530158.44855,18648097140.80406,17527972081.710163
D21-00638,Central Janatabad,61,2180000000.0,2016065207.8501072,2131880249.7459006,2469853691.3702383
D21-00639,Niavaran,165,17200000000.0,17881167361.5573,15341035982.682703,15081306208.940386
D21-00640,Gheitarieh,235,26500000000.0,21999150278.869568,26524698499.784256,18294821970.477947
D21-00641,Pardis,87,670000000.0,642411448.0126524,658796919.6635123,684137083.8653122
D21-00642,Pardis,121,630000000.0,975982345.9227706,692271565.8982255,943606649.3211948
D21-00643,Pardis,105,955000000.0,781975280.494587,688856717.4278148,818832216.3531017
D21-00644,Pardis,100,500000000.0,840882695.9270455,774471286.9560131,798550642.642271
D21-00645,Pardis,105,980000000.0,798767821.4601077,707692813.7000848,838478174.7743847
D21-00646,Shahr-e-Ziba,69,2050000000.0,2234542634.172283,2062453998.7621765,2266961005.423557
D21-00647,Shahrake Gharb,115,13000000000.0,8291543806.070455,8930838805.917404,7962523315.366949
D21-00648,Shahrake Gharb,157,18500000000.0,12646622427.732475,12110224459.158955,10870575308.805319
D21-00649,Heravi,145,7541000000.0,9061337398.210238,8703796252.68889,7842870070.155167
D21-00650,Velenjak,160,10700000000.0,14893496864.463297,15869573148.69362,12603729785.219963
D21-00651,Zaferanieh,261,26000000000.0,29453355478.86218,23409268865.959476,22476979716.366726
D21-00652,Zaferanieh,145,11000000000.0,14032432925.048859,12429844894.825184,11956658905.324024
D21-00653,Pirouzi,51,1275000000.0,1082114360.1427367,1170298407.6691625,1429602548.227087
D21-00654,Pardis,87,490000000.0,662134047.2088854,652018541.9675274,692397684.9101998
D21-00655,Dehkade Olampic,116,4350000000.0,3828713337.19834,4723200112.235412,3792602909.398814
D21-00656,Jeyhoon,95,2280000000.0,2209130602.9643087,1995949842.0077143,2229034239.4280376
D21-00657,Jeyhoon,75,2250000000.0,1707402874.6355526,1781540126.7124825,1759763873.2326593
D21-00658,Komeil,86,1978000000.0,2063173812.411742,1799553781.7554288,2076974198.0771716
D21-00659,Punak,95,4200000000.0,3934465450.4231434,4291638885.2425365,3878229465.7529078
D21-00660,Valiasr,88,2024000000.0,2456580118.8065753,2232511552.384599,2476889641.71917
D21-00661,Amir Bahador,93,2139000000.0,2943667879.161337,3019310382.730005,2938057508.2754683
D21-00662,Amirieh,70,1630000000.0,1857547563.832762,1773286988.2401333,1890786482.6990159
D21-00663,Saadat Abad,140,9800000000.0,9747465746.799566,8666592974.838758,8435518031.9212055
D21-00664,Central Janatabad,81,4000000000.0,3264925534.490594,3270481269.9472957,3266986730.3161693
D21-00665,Shahran,109,3500000000.0,3926171895.5528436,4307353798.6455145,3871003061.03377
D21-00666,Aqdasieh,122,7000000000.0,7466573170.701861,8251202239.011271,7092096089.773759
D21-00667,Central Janatabad,70,3100000000.0,2576942985.6064134,2811119334.9323306,2834258334.3592906
D21-00668,West Ferdows Boulevard,60,2450000000.0,1954544375.4825737,2145487108.5090096,2174872760.2688317
D21-00669,East Ferdows Boulevard,53,1920000000.0,1569373677.0192811,1960041860.2014763,1926947608.1562662
D21-00670,Ostad Moein,45,1200000000.0,855243314.6298776,876331058.794976,1192376978.0456657
D21-00671,Punak,58,1900000000.0,1929207029.7738185,2147973377.200963,2367761147.512297
D21-00672,Dehkade Olampic,140,4400000000.0,5386747131.526459,5566039832.30201,4830243647.500225
D21-00673,Kook,100,3580000000.0,4884935978.561884,5791479550.566031,4771083822.329045
D21-00674,Azadshahr,96,3750000000.0,3294073257.1560073,3006773631.3007746,3269281307.9725437
D21-00675,East Ferdows Boulevard,79,2850000000.0,2853410062.5161266,3007442317.3867717,2854074871.902769
D21-00676,Persian Gulf Martyrs Lake,125,3750000000.0,4087601939.220626,2784653205.672492,3725559340.6699934
D21-00677,Northern Janatabad,75,3050000000.0,2791381784.508943,2579765895.4918947,2791384676.065946
D21-00678,Azadshahr,145,4500000000.0,5163210445.872287,5066395814.50106,4937976975.583529
D21-00679,Railway,102,4520000000.0,3171546103.136303,3156530514.992833,3387367608.6473565
D21-00680,Zibadasht,115,4350000000.0,4116827537.8879046,2882738288.771502,4015873015.8730173
D21-00681,Persian Gulf Martyrs Lake,140,8500000000.0,4624963373.510752,3467679503.1182194,4172626461.5503783
D21-00682,Punak,66,3300000000.0,2467523027.551336,2642300549.319775,2741731121.9197145
D21-00683,Persian Gulf Martyrs Lake,161,8350000000.0,5244377521.72279,4359172315.675425,4669676437.073948
D21-00684,Persian Gulf Martyrs Lake,102,4500000000.0,3062710596.7573347,2740895596.369686,3040056421.9867067
D21-00685,Persian Gulf Martyrs Lake,145,5100000000.0,5181905710.097527,5038323379.826566,4203052355.9606605
D21-00686,Shahr-e-Ziba,95,2970000000.0,3147825452.407164,3382908241.6691246,3131346498.8626933
D21-00687,Parand,78,460000000.0,419453811.1791752,418413052.4885575,456558099.0320931
D21-00688,East Ferdows Boulevard,90,3150000000.0,3284287649.2285757,3400255280.002723,3262224018.6303267
D21-00689,Ostad Moein,66,1090000000.0,1410058650.0236576,1167247841.173511,1744398948.5870478
D21-00690,Jeyhoon,48,810000000.0,978626640.40804,1098673720.2489424,1127582040.3417788
D21-00691,Shahran,85,3200000000.0,2994690548.879182,3258345912.8263035,2988486984.7057095
D21-00692,Salsabil,63,2000000000.0,1182414896.138239,1158984308.705034,1344334118.5109186
D21-00693,Dehkade Olampic,105,1035000000.0,3681665852.2808814,2656109038.93813,3622682735.6251597
D21-00694,Komeil,55,1090000000.0,1066883925.0601819,1152954313.4153879,1324575538.2228985
D21-00695,Northern Chitgar,103,1035000000.0,1881973224.6379898,1263456689.3954952,1914623520.0366576
D21-00696,Shahrake Gharb,155,10000000000.0,12478100019.25937,11757342713.786291,10732096642.451097
D21-00697,Southern Chitgar,101,1035000000.0,3136290885.641098,2017207884.468523,3111538715.871059
D21-00698,Islamshahr,106,1245000000.0,1425209821.9290962,1716382873.4210026,1591141078.3868282
D21-00699,Persian Gulf Martyrs Lake,100,1035000000.0,2906168054.4833107,2528765631.390053,2900324876.8010025
D21-00700,Shahran,77,2650000000.0,2731965540.596529,2742958029.8101063,2734561795.4091835
D21-00701,Central Janatabad,66,2700000000.0,2664645160.722554,2692300949.2459354,2647064485.6845274
D21-00702,Shahr-e-Ziba,105,3600000000.0,3821274789.029692,3707231402.697237,3440818362.5522904
D21-00703,Shahran,118,3900000000.0,4238254918.0490055,4025194656.8402596,4189448792.212866
D21-00704,Shahrake Qods,151,1510000000.0,1571642770.563272,1525198328.5980885,1475579279.7213173
D21-00705,Pardis,86,500000000.0,648164420.5676271,664228125.5073187,686753552.6723526
D21-00706,Pardis,85,600000000.0,627009433.2479336,658796919.6635123,668409794.5810523
D21-00707,Pardis,86,750000000.0,629091752.7141203,659899354.0319167,670662577.2034922
D21-00708,Pardis,86,600000000.0,634708495.1399307,658796919.6635123,676273439.223182
D21-00709,Central Janatabad,75,3300000000.0,3002249501.17349,2699760458.239764,3024987713.2557077
D21-00710,Farmanieh,200,20000000000.0,21181531286.65729,20247263229.516834,17814807842.817905
D21-00711,Andisheh,46,450000000.0,498784759.6371062,343468163.3046512,634616836.4381694
D21-00712,Pardis,98,570000000.0,747253255.9088306,710689170.3251622,779942219.7839035
D21-00713,Zaferanieh,90,6700000000.0,7695436789.467071,7072437022.710302,7398291734.683281
D21-00714,Southern Janatabad,70,2950000000.0,2634590424.390257,2706708130.819412,2645260358.1109242
D21-00715,Andisheh,40,350000000.0,464695820.2926992,459951298.5491881,553999442.2478899
D21-00716,North Program Organization,58,2750000000.0,1961253011.231087,2297346585.5886025,2194805343.8025656
D21-00717,Amirabad,90,4590000000.0,3583856104.188422,3817988387.1289496,3550206091.8688145
D21-00718,East Ferdows Boulevard,78,3300000000.0,2828739061.832524,3082790491.0362573,2827260816.146281
D21-00719,Niavaran,200,20000000000.0,21856070576.655212,23076247083.669136,18280371162.352016
D21-00720,Dorous,82,4200000000.0,4621399082.54702,4902004224.721544,4550129457.900113
D21-00721,Gheitarieh,115,7485000000.0,10495702794.600224,7665036243.646669,9052386019.876581
D21-00722,Dezashib,125,11250000000.0,7648359893.136312,8241171752.108112,7341183359.167252
D21-00723,Pasdaran,107,9200000000.0,7253925937.823877,7363541328.712991,7030896440.146839
D21-00724,Karoon,55,850000000.0,906109262.6859484,937021603.4941168,1298714949.50374
D21-00725,Salsabil,50,1500000000.0,948621714.2235471,773347393.7278914,1087737488.4841278
D21-00726,Andisheh,420,11000000000.0,7185921884.448421,15697421297.120256,5816994143.602831
D21-00727,Andisheh,225,5500000000.0,3488721051.1534333,8250118022.209549,3074247241.5996857
D21-00728,Heravi,230,13800000000.0,14468860031.12217,18342578542.911808,12318809447.790304
D21-00729,Elahieh,147,11500000000.0,14992424195.709011,11899007952.642529,12873266660.998314
D21-00730,Pardis,97,900000000.0,735186052.0037234,754956249.3022114,774594123.3630012
D21-00731,Dezashib,145,12300000000.0,9554033752.16837,8742064315.17484,8308215138.229856
D21-00732,Narmak,50,1750000000.0,1498969863.9530866,1821328281.525736,1841379541.3406549
D21-00733,Heravi,117,6100000000.0,6493408896.261231,6920917035.518479,6266524806.049833
D21-00734,Andisheh,72,730000000.0,804044630.6926924,958329224.0051913,997198996.0462015
D21-00735,Dorous,161,13000000000.0,10361868663.513256,11478062298.50731,8945248797.376339
D21-00736,Ekhtiarieh,400,18500000000.0,35935231748.81789,53669511202.546715,24004360796.457897
D21-00737,Farmanieh,230,23000000000.0,25146769137.22007,25379014617.75098,20910351782.22359
D21-00738,Heravi,170,7950000000.0,10554828767.810404,11079689588.121008,9105206983.149347
D21-00739,West Ferdows Boulevard,58,2050000000.0,1886611758.8785124,2145487108.5090096,2102377001.5932002
D21-00740,Shahran,57,1950000000.0,1813506309.664953,2218037260.703321,2024286004.3938088
D21-00741,Farmanieh,115,8100000000.0,12200345375.594873,8004902068.91295,10455175891.111776
D21-00742,Pirouzi,50,1200000000.0,1218531795.9635296,1118916574.0968401,1383253183.4290726
D21-00743,Parand,84,850000000.0,411103798.3587805,603579693.6028005,491916664.9689897
D21-00744,Shahrake Qods,78,580000000.0,577431633.2479922,517392326.05013853,767107335.1649618
D21-00745,Andisheh,64,960000000.0,713866557.6827278,703575136.6005067,825194029.0728035
D21-00746,Punak,113,6500000000.0,4765477126.662078,4796393603.919106,4688595504.107368
D21-00747,Heravi,175,9450000000.0,10878958758.886675,12104936208.265907,9373007188.536095
D21-00748,Heravi,111,6050000000.0,6156509150.3856325,6264976582.301668,6003852260.601536
D21-00749,Heravi,128,6500000000.0,7849778037.006913,7266927699.892423,6855685257.900675
D21-00750,Gheitarieh,200,14000000000.0,20587005661.728645,16948439490.269459,15570061251.4706
D21-00751,Saadat Abad,131,7980000000.0,8609042372.799646,10962985262.652466,8222883810.177049
D21-00752,Heravi,105,6000000000.0,6384090227.297044,5740879864.08393,5623804313.121648
D21-00753,Pardis,87,650000000.0,656054974.0575448,683288511.4160428,694739059.0987755
D21-00754,Salsabil,61,1100000000.0,1148777864.4011366,994870043.4345639,1327039735.9506342
D21-00755,Ozgol,140,6300000000.0,7915907508.068969,8738333460.403336,6872051375.256074
D21-00756,Zargandeh,185,9000000000.0,8566769037.81894,10815021486.99365,7402445183.252519
D21-00757,Saadat Abad,122,7900000000.0,8220488992.759636,8177953414.448927,7778100625.130949
D21-00758,Mirdamad,69,3795000000.0,3729626762.6429853,3912287262.0089016,3683397901.921732
D21-00759,Punak,95,6700000000.0,3995431656.6034927,4304270595.327927,3941739583.0991173
D21-00760,Abbasabad,90,4000000000.0,3198656034.6888895,3264384700.8930345,3194958902.1265383
D21-00761,Ostad Moein,57,1600000000.0,1335508234.5189452,1511871021.110856,1510344172.1911728
D21-00762,Amirabad,400,2000000000.0,16405247898.137987,16720926860.117348,14864395982.146563
D21-00763,Andisheh,81,1109700000.0,913471666.3952624,876651928.0638742,1044386193.0452677
D21-00764,Andisheh,94,1250000000.0,1237943602.5323088,1337813270.675863,1284352180.9349775
D21-00765,Kahrizak,134,1608000000.0,1901959889.324673,1570350730.0109723,1936537874.5524087
D21-00766,Parand,74,315000000.0,346592816.56158245,367451840.8113632,425229709.2175436
D21-00767,Andisheh,44,585000000.0,473664927.2389894,462326005.13688916,601186127.2461593
D21-00768,Qasr-od-Dasht,100,3250000000.0,2369896080.311078,1752894388.997823,2387303605.880129
D21-00769,Shahrake Gharb,175,9300000000.0,14892245297.220533,14639930640.914326,12659766836.943825
D21-00770,Shahran,54,1850000000.0,1697509083.755087,1958651008.0732372,1898568202.0483263
D21-00771,Amirieh,96,2210000000.0,2585311595.2292547,2178779484.7123466,2593078604.8443656
D21-00772,Karoon,90,2400000000.0,2012237175.5373478,1687601875.900284,2043075209.458357
D21-00773,Shahran,90,3170000000.0,3209975791.0821967,3264384700.8930345,3205810444.078903
D21-00774,Karoon,68,1100000000.0,1315719575.4571233,801932823.9819914,1643661197.575948
D21-00775,Karoon,68,1100000000.0,1315719575.4571233,801932823.9819914,1643661197.575948
D21-00776,Shahran,90,3200000000.0,3209975791.0821967,3264384700.8930345,3205810444.078903
D21-00777,Punak,97,4700000000.0,4096705748.1697583,4285874085.905776,4028506066.5475245
D21-00778,Punak,78,2730000000.0,2945489891.1816053,2421125607.142727,3239417249.388728
D21-00779,Shahran,125,5550000000.0,4967638651.063681,5350791594.906029,4394833801.037805
D21-00780,Farmanieh,97,5950000000.0,8900899043.804058,7475431880.13197,8504955118.502169
D21-00781,Farmanieh,100,6200000000.0,9189233774.412966,7844248252.679808,8767994967.527996
D21-00782,Feiz Garden,63,2100000000.0,2318769490.929172,2426063945.2963586,2379732718.805786
D21-00783,Punak,57,2000000000.0,2119504711.7730274,2329348442.095518,2365043749.8594666
D21-00784,Razi,80,1390000000.0,1956312806.4839416,1551089510.5125906,1999364978.5520244
D21-00785,Razi,88,1574000000.0,2035630034.5284123,1935959566.6852417,2070740879.9829087
D21-00786,Razi,94,1712000000.0,2378384354.3035913,2013127804.780864,2393625014.631959
D21-00787,Feiz Garden,109,4230000000.0,4405108033.462377,4315752392.414961,3942669231.483389
D21-00788,Heravi,78,3300000000.0,4111934681.156524,4085457013.696574,4068446784.8280883
D21-00789,Niavaran,250,32500000000.0,27226406942.93553,30253867725.9078,22942531918.180653
D21-00790,Heravi,140,6800000000.0,8619190392.449085,8119879724.422087,7498405750.8288555
D21-00791,Pardis,100,500000000.0,741481138.924152,714904054.8639832,779840206.050573
D21-00792,Shahr-e-Ziba,95,3150000000.0,3147825452.407164,3382908241.6691246,3131346498.8626933
D21-00793,Parand,85,1150000000.0,461714427.4650203,508211212.9965819,488439530.8579888
D21-00794,East Pars,83,2575000000.0,2543037574.5647497,2022355578.3976235,2564514755.6999683
D21-00795,Pasdaran,100,5500000000.0,6838764336.9019575,7252108619.2995,6622417158.361954
D21-00796,Pasdaran,60,3450000000.0,3659125410.4315896,3184498474.4855785,3616148283.627332
D21-00797,Narmak,82,3050000000.0,2850876360.3136826,2777504869.308758,2861931939.114443
D21-00798,Beryanak,150,2800000000.0,3204171670.31433,2293184989.7017145,2924395614.2914
D21-00799,Islamshahr,49,460000000.0,551104896.4988731,473022413.81973755,713440277.5208607
D21-00800,Andisheh,216,5700000000.0,3255538252.522429,6179674813.670343,2991596988.1385975
D21-00801,Damavand,1000,7000000000.0,12895669275.694391,3684606261.1399274,13103862377.629667
D21-00802,Parand,77,440000000.0,340660877.7693547,431316865.0732779,450923609.55490744
D21-00803,Shahr-e-Ziba,63,2080000000.0,1850930871.0818634,1977913049.2147436,2064491017.5313783
D21-00804,Parand,125,1300000000.0,685090717.7627802,1759449640.1440678,732018846.6800452
D21-00805,East Ferdows Boulevard,45,1900000000.0,1429071043.4735327,1861959136.3966868,1625738851.0838513
D21-00806,Qalandari,135,7500000000.0,6895191493.763618,6220436438.519407,6077052360.103926
D21-00807,Qalandari,80,4700000000.0,4500818423.321186,3860060029.794072,4236372351.7784925
D21-00808,Gheitarieh,155,9800000000.0,14231070565.606955,11616978299.596455,12066797469.889732
D21-00809,Punak,125,6300000000.0,5535433558.7459135,6025025957.214527,4923522051.289815
D21-00810,Qalandari,95,6250000000.0,5140714241.897956,5589960546.115913,5014078993.71308
D21-00811,Qalandari,85,4500000000.0,4592866272.9811535,5264165543.20653,4501145623.764643
D21-00812,Qalandari,110,8100000000.0,5053736585.314006,5926731482.070133,4951672293.418015
D21-00813,Ekhtiarieh,680,81600000000.0,53168325321.0335,61906920030.71119,38844359824.69786
D21-00814,Shahr-e-Ziba,63,2350000000.0,1848492822.6413918,1653812133.07786,2075790546.2339852
D21-00815,Saadat Abad,60,3600000000.0,3465351342.566202,3781674221.1838512,3791347293.409487
D21-00816,Gheitarieh,210,14000000000.0,18193188968.654564,22399561628.27632,15248026769.767477
D21-00817,Gheitarieh,145,11600000000.0,12150856219.760221,10729130801.977848,10528399436.268011
D21-00818,Jordan,171,8900000000.0,9547719419.958904,10694484886.599463,8290078535.924774
D21-00819,East Ferdows Boulevard,55,1830000000.0,1778794164.9311,2160344218.5469503,1999739587.43489
D21-00820,Jordan,140,7700000000.0,7761873369.846948,8738333460.403336,6743520012.079866
D21-00821,Jordan,147,8700000000.0,8168539814.227154,8840502973.94288,7080696012.683861
D21-00822,Shahr-e-Ziba,83,2400000000.0,2711047608.112447,2671668524.1062946,2726924107.9732566
D21-00823,Pardis,105,514000000.0,771259021.142296,708132137.7666358,815143944.0950594
D21-00824,East Ferdows Boulevard,55,2000000000.0,1763071601.6711009,2164832849.2468877,1987014151.3247132
D21-00825,Mahmoudieh,750,75000000000.0,43657219379.02035,30021539216.027157,29546699707.660408
D21-00826,Punak,62,2100000000.0,2515312181.251188,2326981650.8474298,2574921403.3602757
D21-00827,Persian Gulf Martyrs Lake,55,1900000000.0,1405615572.256831,1090636854.5659199,1595231080.9879992
D21-00828,West Ferdows Boulevard,75,1950000000.0,2473874579.2738276,2342830161.914356,2672271759.579702
D21-00829,West Ferdows Boulevard,95,4200000000.0,3501263083.709066,3732876864.1193337,3470500082.4546494
D21-00830,Central Janatabad,89,3620000000.0,3617871315.6241703,3690090318.968298,3589652086.39678
D21-00831,Air force,202,7474000000.0,7368239179.027208,11393565160.258972,6459995560.571718
D21-00832,Southern Janatabad,51,1720000000.0,1595426347.7395616,2181689832.0997667,1927276833.1431112
D21-00833,Shahedshahr,400,3000000000.0,5151762716.341935,2645525542.1419525,5732171325.223482
D21-00834,Punak,145,7600000000.0,6732471995.871595,7152566311.686437,5919402868.780748
D21-00835,Punak,115,5000000000.0,5072950642.976885,5004172855.225303,4529640287.186621
D21-00836,Shahrake Gharb,130,8450000000.0,11193444482.714561,9964987670.764986,9590364410.738642
D21-00837,Qasr-od-Dasht,62,950000000.0,973240707.5832269,1059477361.792238,1474576737.223574
D21-00838,Shahr-e-Ziba,94,3160000000.0,3114067582.817291,3237035069.2145042,3097211291.2062583
D21-00839,Pardis,87,726000000.0,656054974.0575448,683288511.4160428,694739059.0987755
D21-00840,Komeil,51,1050000000.0,1053763613.8746982,1190764272.6295896,1280020923.6044335
D21-00841,Shahr-e-Ziba,95,2870000000.0,3127440576.5628133,3478799415.687928,3113121375.6425548
D21-00842,Jeyhoon,80,2150000000.0,1851032068.1914515,1872348634.8214142,1882994830.6247177
D21-00843,Punak,145,4300000000.0,6902690530.6051855,7868595385.615376,6023500192.096333
D21-00844,Shahrake Gharb,155,9300000000.0,12724959785.167826,11864430782.527822,10971657066.562922
D21-00845,Ekbatan,88,3940000000.0,3480695528.4295936,3647235155.155626,3465222536.0601745
D21-00846,Gheitarieh,175,15225000000.0,16265769321.838608,13611139731.587204,13775370030.246988
D21-00847,Shahran,94,4700000000.0,3364156759.507798,3506998865.28469,3337357512.44075
D21-00848,Ekhtiarieh,89,3300000000.0,5072315018.98553,5243218053.917158,4945485816.93427
D21-00849,Pasdaran,62,3400000000.0,3419805905.095376,3255556663.8371816,3736686559.748245
D21-00850,Punak,136,7550000000.0,6453847085.139538,5172226834.696412,5642911403.173476
D21-00851,Feiz Garden,60,2450000000.0,1914921279.8254697,2453657357.255277,2145599990.6885877
D21-00852,Southern Janatabad,120,5000000000.0,4935470725.534089,4149887018.37281,4472821970.072874
D21-00853,Pakdasht,137,1750000000.0,1397444559.658579,1348477607.328969,1313960483.989089
D21-00854,Shahrake Gharb,160,12500000000.0,12899592339.11595,13148933131.814177,11078293308.33661
D21-00855,Saadat Abad,110,8800000000.0,6885581556.177693,6686467748.028316,6627907025.080958
D21-00856,Andisheh,71,940000000.0,795790086.4581956,787632947.4842112,915449626.0026401
D21-00857,Shahrake Gharb,155,10000000000.0,12613879158.621696,12549200224.671638,10811194866.535645
D21-00858,Andisheh,80,1110000000.0,901671507.4679565,876651928.0638742,1031492536.3410034
D21-00859,Andisheh,84,1590000000.0,1187070677.5519035,984123010.4354571,1123342126.8500767
D21-00860,Gheitarieh,77,5544000000.0,6142330764.716666,4705015529.251843,5951101742.502693
D21-00861,Shahran,74,4100000000.0,2590339791.7437177,2748231608.4536643,2601741610.214376
D21-00862,Shahr-e-Ziba,130,5400000000.0,4856761161.300768,5056377463.582587,4283377317.625683
D21-00863,Southern Janatabad,70,2400000000.0,2605766654.7610407,2633906344.8118567,2593250248.6309533
D21-00864,Parand,75,389000000.0,333497416.52616256,358250870.12446356,436322337.07005966
D21-00865,Pasdaran,83,5000000000.0,5351325777.810861,5513928066.512482,4972091648.832394
D21-00866,Central Janatabad,65,3500000000.0,2402129585.759139,2522897927.8127055,2621656018.1549444
D21-00867,Qasr-od-Dasht,62,1100000000.0,1027171663.3447008,971772693.124273,1489415076.8280523
D21-00868,Southern Chitgar,140,1484000000.0,4787203306.31634,2599945154.060655,4313023962.593555
D21-00869,Gheitarieh,235,25900000000.0,22124193809.260483,26513965625.71113,18498354040.61738
D21-00870,Gheitarieh,102,8100000000.0,7744536686.278963,6849460748.976241,7406184431.029902
D21-00871,Kahrizak,138,1242000000.0,2215987308.807516,2137246930.864347,2060565716.3739684
D21-00872,Andisheh,49,380000000.0,504263359.39667034,469784687.0775763,655282907.3292118
D21-00873,Niavaran,250,45000000000.0,24948195836.272594,27633112698.53167,22378622908.135384
D21-00874,Salsabil,48,995000000.0,892934352.8513863,921911642.1536213,1104407567.4528341
D21-00875,Pirouzi,68,1550000000.0,1661106368.9740717,1668255770.5937095,1881224329.4635367
D21-00876,Marzdaran,128,5200000000.0,7786850830.105513,7729664072.617996,6758623756.164266
D21-00877,Pirouzi,60,1380000000.0,1464863451.097707,1201314556.4392848,1656311948.620219
D21-00878,Northern Janatabad,85,3200000000.0,3400025632.5889397,3798217958.0744667,3376146858.1440754
D21-00879,Islamshahr,85,565000000.0,1228773847.4564483,1090083499.5791833,1275915015.6875482
D21-00880,Islamshahr,78,550000000.0,1035313703.8928397,820669783.7532088,1122014834.8582444
D21-00881,Pirouzi,38,850000000.0,823850625.9007312,1017110827.1605395,1051272419.4060947
D21-00882,Pirouzi,92,2760000000.0,2644205038.1323767,2449682997.008906,2539678321.217668
D21-00883,Shahran,95,4650000000.0,3400512851.810986,3624836806.9903326,3372861315.764594
D21-00884,East Ferdows Boulevard,105,3900000000.0,4245821814.748828,4070625249.249363,3805928021.735377
D21-00885,Pardis,92,550000000.0,604213669.121863,688050543.0270162,734666591.2308905
D21-00886,West Ferdows Boulevard,76,2400000000.0,2511055162.405046,2360637950.39507,2733445519.8450003
D21-00887,Yaftabad,85,1250000000.0,2961350716.418111,2170981237.1726413,2968253968.2539673
D21-00888,Gheitarieh,161,15350000000.0,14808166161.718729,12418335619.592869,12533899307.433807
D21-00889,Yaftabad,85,1250000000.0,2961350716.418111,2170981237.1726413,2968253968.2539673
D21-00890,Ray,50,750000000.0,1165865044.2013779,1182440256.8152888,1256800425.555997
D21-00891,West Ferdows Boulevard,78,2650000000.0,2828816166.710013,3082790491.0362573,2827334588.349477
D21-00892,East Ferdows Boulevard,54,2150000000.0,1729534515.4068933,2350791579.6896663,1950886621.3006291
D21-00893,Shahr-e-Ziba,100,3800000000.0,3299388029.05515,3570013077.401862,3276969869.097419
D21-00894,East Ferdows Boulevard,100,3500000000.0,3671523438.106194,4042103552.032138,3635750204.068426
D21-00895,Jeyhoon,110,2330000000.0,2771593755.959872,2410522474.6443214,2580987014.0745664
D21-00896,East Ferdows Boulevard,57,2050000000.0,1852632888.4803636,2163133319.4573755,2066075211.7992053
D21-00897,Andisheh,63,870000000.0,759373555.1906943,854317509.6954579,860789227.6479119
D21-00898,Ostad Moein,100,3600000000.0,2642677030.998509,2504617320.092485,2649726617.879249
D21-00899,Shahrake Qods,80,560000000.0,582853091.4157729,587964755.568675,872060875.5236189
D21-00900,East Ferdows Boulevard,115,4200000000.0,4227104021.3593984,4835824757.939825,4154665952.769847
D21-00901,West Ferdows Boulevard,68,1950000000.0,2027604790.2345183,2215197651.9356647,2422859728.6855955
D21-00902,East Ferdows Boulevard,75,2350000000.0,2727821891.7921658,2738331110.850454,2759080554.492196
D21-00903,West Ferdows Boulevard,48,1900000000.0,1375186407.0289602,1638910704.290031,1700665776.238822
D21-00904,West Ferdows Boulevard,75,2450000000.0,2491438560.5104513,2201196368.0289874,2739868486.148404
D21-00905,Shahran,115,5000000000.0,4148513085.7934356,4606082031.384292,4096313345.211929
D21-00906,East Ferdows Boulevard,106,3500000000.0,3881501535.1316705,4132551051.944506,3829518182.553082
D21-00907,East Ferdows Boulevard,56,1980000000.0,1855348503.3597815,2207609564.7059383,2060113480.687508
D21-00908,East Ferdows Boulevard,58,2080000000.0,1927678493.7772777,2237215965.763251,2133688962.14063
D21-00909,Central Janatabad,95,3700000000.0,3881955220.3307643,4374043390.899956,3846520943.2825046
D21-00910,West Ferdows Boulevard,50,1900000000.0,1576356834.946205,1916028190.6433306,1781514506.386469
D21-00911,Central Janatabad,60,2100000000.0,2237817464.2657948,2202590971.2365656,2429381648.38895
D21-00912,East Ferdows Boulevard,60,1920000000.0,1948346397.175571,2201607109.976083,2181534095.3835154
D21-00913,Mehran,92,2500000000.0,3892498607.6134667,4153879754.096136,4190295141.0105605
D21-00914,West Ferdows Boulevard,57,2300000000.0,1828228845.1419663,2216660858.2333584,2050084139.8837523
D21-00915,West Ferdows Boulevard,72,2300000000.0,2370429195.4091306,2166156462.5052276,2565380889.1965165
D21-00916,East Ferdows Boulevard,71,2280000000.0,2369703461.4069695,2183575132.4875813,2581382644.8885837
D21-00917,Northren Jamalzadeh,123,3600000000.0,4779722692.133548,4894983560.577355,4691434353.23278
D21-00918,West Ferdows Boulevard,50,1950000000.0,1576356834.946205,1916028190.6433306,1781514506.386469
D21-00919,Shahr-e-Ziba,58,1850000000.0,1699570211.063707,1602659630.6201046,1911045264.7868397
D21-00920,East Ferdows Boulevard,54,2050000000.0,1744967404.4671996,2447885250.4905686,1963380685.8451662
D21-00921,Shahr-e-Ziba,85,2350000000.0,2784745412.7560067,2803337318.8576922,2785424388.7328153
D21-00922,West Ferdows Boulevard,85,3450000000.0,3094217442.3246245,3176638393.388779,3081069743.7141714
D21-00923,Nasim Shahr,125,1300000000.0,4084185734.533528,2586995572.86849,4365079365.079376
D21-00924,East Ferdows Boulevard,55,1920000000.0,1819269938.4772077,2207609564.7059383,2023325739.9609468
D21-00925,West Ferdows Boulevard,72,2500000000.0,2542307740.4403734,2505188571.869815,2565380889.1965165
D21-00926,Shahr-e-Ziba,58,1850000000.0,1719269071.9293592,1885515523.9562643,1911769441.4109037
D21-00927,East Ferdows Boulevard,115,5200000000.0,4238197159.4821086,4732473259.8564005,4181273682.818398
D21-00928,West Ferdows Boulevard,100,3450000000.0,3630675395.7249327,4042103552.032138,3596638841.9013305
D21-00929,Persian Gulf Martyrs Lake,116,4170000000.0,3388745032.464404,2833010330.6263666,3362441884.7685313
D21-00930,Persian Gulf Martyrs Lake,105,3250000000.0,3036175010.1445947,2605150545.3485985,3024644783.377654
D21-00931,East Ferdows Boulevard,60,1800000000.0,1780127057.2367632,1996204434.0876105,2181450122.44106
D21-00932,Feiz Garden,53,2120000000.0,1681813474.3438349,2685221665.310888,1895279991.7749157
D21-00933,East Ferdows Boulevard,55,1780000000.0,1778794164.9311,2160344218.5469503,1999739587.43489
D21-00934,East Ferdows Boulevard,76,2250000000.0,2753098217.9499,2735080345.846924,2754766949.065604
D21-00935,Persian Gulf Martyrs Lake,111,3500000000.0,3565161101.2417293,2692663738.9810205,3197481628.1420913
D21-00936,Golestan,77,2150000000.0,1077718336.2486393,865282249.1412638,1120054090.111709
D21-00937,East Ferdows Boulevard,58,1860000000.0,1881748767.9086366,2226193761.1219554,2108735118.3596876
D21-00938,Southern Program Organization,94,3200000000.0,3366451948.2188497,3179733157.9967885,3588193528.359055
D21-00939,Shahr-e-Ziba,58,1880000000.0,1692005230.2913961,1699618285.373506,1905561424.8487823
D21-00940,Golestan,108,3300000000.0,1742756724.7525802,1435412761.3745682,1778917592.450415
D21-00941,Feiz Garden,56,2000000000.0,1907174462.2456865,2373911908.3679223,2115317972.271809
D21-00942,North Program Organization,84,3250000000.0,3320949775.557414,3440091232.084212,3313099379.5974526
D21-00943,Azarbaijan,60,1950000000.0,1574304157.5215576,1546155383.979857,1620757293.504033
D21-00944,Pardis,53,470000000.0,291035367.13351697,371554355.43931687,423231840.6004037
D21-00945,Pirouzi,73,2555000000.0,1971126658.3618267,1658610456.712716,2009340010.955691
D21-00946,Pirouzi,73,1970000000.0,1721730967.6117046,1234505592.0362797,2011923454.7882724
D21-00947,Pirouzi,150,5100000000.0,4677103721.99996,4737348147.040782,4140779871.5505366
D21-00948,Pirouzi,114,3762000000.0,3160306980.5583243,2710634733.7015476,3141907860.902243
D21-00949,Ostad Moein,66,1585000000.0,1729299799.0395677,1476096971.532252,1791945137.1739593
D21-00950,Pardis,53,540000000.0,291035367.13351697,371554355.43931687,423231840.6004037
D21-00951,Pirouzi,125,4000000000.0,3810660594.0010757,3975305192.6858935,3440650703.691251
D21-00952,Gheitarieh,145,13625000000.0,13107713921.550573,10987269071.335949,11206620164.45312
D21-00953,Dezashib,197,18715000000.0,13166051903.679085,15378877721.699293,11287712980.905382
D21-00954,Koohsar,105,4000000000.0,3513457520.672811,3759462452.035213,3463666759.122633
D21-00955,Tenant,135,4050000000.0,4111365351.4335623,3323533150.145576,3733083580.3397
D21-00956,Shams Abad,137,4660000000.0,5797034641.9689455,6303970533.135687,5087434671.542532
D21-00957,Central Janatabad,90,3200000000.0,3339236037.861336,3222896690.5909896,3629985255.9068503
D21-00958,Southern Janatabad,125,6625000000.0,4825373268.17448,5133149087.673795,4659189552.159254
D21-00959,Gheitarieh,175,15500000000.0,15766433158.951218,14056405904.911907,13426414368.238497
D21-00960,East Ferdows Boulevard,52,2300000000.0,1662547756.5043414,2350791579.6896663,1878631561.2524536
D21-00961,Persian Gulf Martyrs Lake,110,3100000000.0,3556015696.195051,3116289473.2327185,3278492219.7895885
D21-00962,Persian Gulf Martyrs Lake,110,3100000000.0,3531551139.503297,2692663738.9810205,3168675487.3480206
D21-00963,Persian Gulf Martyrs Lake,112,3300000000.0,3454958457.3471384,3729835703.828065,3246495612.879955
D21-00964,Shahran,65,2150000000.0,2264660142.688383,2404652967.130021,2323057400.007471
D21-00965,Andisheh,48,400000000.0,523213759.8119324,434093152.5041507,618895521.8046032
D21-00966,Persian Gulf Martyrs Lake,105,2800000000.0,3053824239.957988,2834934881.1973166,3045341120.641053
D21-00967,Shahr-e-Ziba,56,2240000000.0,1631004632.0281377,1745303141.5071294,1839852410.1988273
D21-00968,Golestan,108,1900000000.0,1500393310.4498236,1693322614.6477566,1528550892.9321191
D21-00969,Southern Janatabad,78,2920000000.0,2939180826.5717354,3010007111.418987,2947599862.4541664
D21-00970,Parand,85,520000000.0,463302928.5141584,586757799.9481026,500252501.67903477
D21-00971,Pardis,105,535000000.0,801499692.8100809,730831996.0115929,835652378.3398968
D21-00972,Saadat Abad,145,11000000000.0,10110994567.749546,9192135178.622087,8736786533.061266
D21-00973,Punak,145,8990000000.0,6789467061.046367,6491962064.19491,6021993604.632896
D21-00974,Punak,140,6200000000.0,6232344652.963055,6035126390.238606,5514344697.444574
D21-00975,Ostad Moein,66,1580000000.0,1672910124.0888863,1704285260.336135,1710412864.0418136
D21-00976,Persian Gulf Martyrs Lake,121,3650000000.0,3945254424.9304366,2524262450.8533616,3606341441.76855
D21-00977,Persian Gulf Martyrs Lake,105,3250000000.0,3053824239.957988,2834934881.1973166,3045341120.641053
D21-00978,Chardangeh,150,1200000000.0,4576462620.499227,5049784320.6354475,5192307692.307696
D21-00979,Central Janatabad,98,4480000000.0,3981326644.241387,4493722874.283779,3930489690.8649216
D21-00980,Persian Gulf Martyrs Lake,108,3350000000.0,3145257377.5697637,3361357574.157567,3130549340.9913898
D21-00981,Ostad Moein,95,2600000000.0,2571938632.483563,2334875491.994042,2579314970.174637
D21-00982,Fallah,64,900000000.0,1129686936.2381635,1436142093.9008207,1412360125.4339492
D21-00983,Fallah,75,1875000000.0,1623907803.2141607,1847406306.3753235,1657888092.4363816
D21-00984,West Ferdows Boulevard,50,1950000000.0,1615934597.8441637,1943068495.0832944,1812393966.8906925
D21-00985,Persian Gulf Martyrs Lake,90,2500000000.0,2600365731.929058,1656160359.8767278,2608791117.492824
D21-00986,Fallah,93,1510000000.0,2023843426.3218188,1787049755.3243344,2052335807.2712069
D21-00987,Persian Gulf Martyrs Lake,148,5750000000.0,4855677401.790532,3679980457.186092,4292480817.665496
D21-00988,Eskandari,64,1050000000.0,1489111512.9747758,867616567.4145912,2202767419.7169633
D21-00989,Persian Gulf Martyrs Lake,114,3600000000.0,3318586819.9318695,3414731954.695404,3306478967.8660345
D21-00990,Persian Gulf Martyrs Lake,107,3500000000.0,3105676427.1884484,2595007205.7661033,3103449557.5584693
D21-00991,Persian Gulf Martyrs Lake,113,3270000000.0,3288133032.284161,3414731954.695404,3277474766.3935227
D21-00992,Gheitarieh,115,7400000000.0,9535569729.736761,7805889241.578581,9052386019.876581
D21-00993,Persian Gulf Martyrs Lake,115,3600000000.0,3339478080.148458,2641470689.21799,3312706191.318384
D21-00994,Gholhak,120,8400000000.0,6250251665.726989,6940122357.190235,6041879128.243868
D21-00995,Central Janatabad,76,2700000000.0,3073602229.426841,2983631605.846873,3077216754.6260066
D21-00996,North Program Organization,106,4520000000.0,4059972188.222921,4156040576.8870745,4011195973.15642
D21-00997,Gheitarieh,105,6900000000.0,8389388840.947166,6314849028.837097,8055848620.943085
D21-00998,Ray,87,1570000000.0,1916251692.0662818,1145102316.8744223,2227651526.181224
D21-00999,Ostad Moein,68,1970000000.0,1803018703.8248982,1676291505.3802238,1845133388.6201332
D21-01000,Punak,70,2580000000.0,2871000774.531885,2751026483.450604,2907169326.3745008
D21-01001,Ostad Moein,165,5250000000.0,5019868522.49308,4670536454.122785,4477161898.857674
D21-01002,Dorous,365,47450000000.0,26733457068.50541,25271301827.651047,20253625026.018826
D21-01003,Pasdaran,175,15500000000.0,12306336816.729614,11856818324.776682,10547099160.579718
D21-01004,West Ferdows Boulevard,50,1950000000.0,1576803252.4595952,1910300608.296124,1771526850.2487707
D21-01005,Saadat Abad,70,4800000000.0,4487053402.623138,3821399266.4658394,4462844620.976767
D21-01006,Marzdaran,165,10230000000.0,10357114364.865608,10651513094.087252,8941567096.9479
D21-01007,Central Janatabad,115,5080000000.0,4741017141.199521,5277725445.193063,4656314826.078814
D21-01008,Shahr-e-Ziba,93,2900000000.0,3210417930.253187,3291387383.3540916,3064262234.916834
D21-01009,Marzdaran,181,13000000000.0,11071395113.108755,11205879501.132856,9557116405.201054
D21-01010,Ostad Moein,57,1600000000.0,1329322766.714135,1296654450.1023102,1506526364.6888108
D21-01011,Marzdaran,175,11375000000.0,11329276706.3419,10761290434.66993,9685900384.255537
D21-01012,Marzdaran,146,8500000000.0,8900317608.342636,8703796252.68889,7709055221.874873
D21-01013,Marzdaran,135,6200000000.0,8807866466.507696,8102726171.889231,7686784586.144066
D21-01014,Southern Program Organization,50,1980000000.0,1687463815.3362784,2205867951.9988923,1890697112.3321645
D21-01015,Pardis,110,535000000.0,809730116.2609751,811800218.194772,853960322.3853009
D21-01016,Mahallati,108,7000000000.0,4473442853.754275,4953357292.922809,4386018230.634166
D21-01017,Pardis,121,610000000.0,997629614.7649388,709907541.5019523,951501001.6977316
D21-01018,Elahieh,220,35200000000.0,23265287735.596634,25818172165.072063,19266113370.201553
D21-01019,Elahieh,240,38500000000.0,24318814893.947998,20649829759.98185,18390154718.27941
D21-01020,Shahrakeh Naft,90,5500000000.0,3356613010.725382,3705824523.0642285,3346245377.461949
D21-01021,Niavaran,117,12500000000.0,11184990635.946707,9555058932.621403,10473195521.007347
D21-01022,Punak,142,7550000000.0,6743163051.668697,6502666373.770629,5891863376.842893
D21-01023,West Ferdows Boulevard,55,1950000000.0,1625453577.7006826,1801999670.3059666,2009236889.842166
D21-01024,Shahran,85,3300000000.0,2994690548.879182,3258345912.8263035,2988486984.7057095
D21-01025,Niavaran,162,16300000000.0,17052213158.297604,13534816038.722757,14501347644.471727
D21-01026,Ajudaniye,100,6500000000.0,4397044849.831204,5348358553.070916,4328154605.628164
D21-01027,Shahrake Gharb,165,12400000000.0,13321695849.063864,13261869758.668625,11424489974.22214
D21-01028,Niavaran,150,15000000000.0,15680295892.687378,12613487264.379204,13427173744.881256
D21-01029,Qazvin Imamzadeh Hassan,83,1450000000.0,1866731400.5361843,1840237895.8468747,1884277683.8972955
D21-01030,West Pars,200,10000000000.0,8728115933.110271,10702392700.844461,7174125902.045298
D21-01031,Abazar,95,6700000000.0,4280736595.054656,5245144761.204174,4206088961.3250265
D21-01032,Persian Gulf Martyrs Lake,82,2350000000.0,2414371916.8601294,1926086220.1458273,2443966927.4795113
D21-01033,Shahran,112,5600000000.0,4445678649.204017,4485117716.167693,3977544429.6860785
D21-01034,Northern Janatabad,96,3900000000.0,3614196795.8646703,4040451210.523094,3578221294.2356567
D21-01035,Parand,86,425000000.0,524223555.38781077,507100051.9016543,494185878.2798489
D21-01036,Pardis,105,940000000.0,771259021.142296,708132137.7666358,815143944.0950594
D21-01037,Ostad Moein,115,3280000000.0,2991420385.4710727,2692778855.265735,2980264838.860729
D21-01038,Shahr-e-Ziba,87,3000000000.0,2878655195.8279643,2908259816.8140564,2866567897.180268
D21-01039,Farmanieh,165,11500000000.0,17781596548.63112,15341035982.682703,15000904539.421238
D21-01040,Marzdaran,135,7425000000.0,8634550479.9329,7623263560.638892,7471980296.425692
D21-01041,Feiz Garden,110,3670000000.0,4151578030.551772,4358584346.442901,4084341972.6614256
D21-01042,Southern Janatabad,80,3500000000.0,2984294075.305313,3105575936.343645,2963714569.8639474
D21-01043,Southern Janatabad,66,1800000000.0,2454587958.776926,2508228834.395769,2445064520.137761
D21-01044,Qazvin Imamzadeh Hassan,88,1550000000.0,2023334970.4589467,1935959566.6852417,2058734889.408955
D21-01045,Shahrake Qods,70,870000000.0,528124516.6936495,699906537.7660948,675767587.7954421
D21-01046,Feiz Garden,130,5600000000.0,5460633372.291305,6444245963.863154,4910559578.48813
D21-01047,North Program Organization,87,3000000000.0,3456357841.789031,3799996538.1543965,3439292932.5605707
D21-01048,Southern Janatabad,86,4500000000.0,3211775520.4118576,3400171683.9114046,3185993162.603749
D21-01049,Southern Program Organization,62,2400000000.0,1988214494.2499387,2271509387.800858,2226643506.9060707
D21-01050,Punak,125,6300000000.0,5775463991.740191,5603034098.924787,5191373797.097332
D21-01051,Pardis,87,725000000.0,656054974.0575448,683288511.4160428,694739059.0987755
D21-01052,Southern Janatabad,70,2000000000.0,2634590424.390257,2706708130.819412,2645260358.1109242
D21-01053,Southern Janatabad,65,2700000000.0,2366030799.002805,2410750031.069083,2422778567.1228065
D21-01054,Southern Janatabad,64,2100000000.0,2389618591.529784,2384042181.190073,2418543476.8854733
D21-01055,Southern Janatabad,62,2200000000.0,2320319371.131558,2255506510.582711,2342944888.6125364
D21-01056,Southern Janatabad,70,2500000000.0,2624526336.9499855,2686289832.728179,2645281927.843484
D21-01057,Gheitarieh,140,8000000000.0,11694934074.663565,9478796423.921072,10165351179.844992
D21-01058,Gheitarieh,125,7100000000.0,11449780326.82138,7480931181.655149,9839550021.605001
D21-01059,Southern Janatabad,68,2100000000.0,2555857528.5428514,2576097417.8919644,2569681490.736326
D21-01060,West Ferdows Boulevard,67,2200000000.0,2289038196.146124,2044814287.548971,2373845979.333349
D21-01061,Southern Janatabad,64,2050000000.0,2326387701.259259,2301297948.309784,2385505050.7055364
D21-01062,Jeyhoon,64,1500000000.0,1335549783.3981793,1360883492.846237,1506395864.4997754
D21-01063,Northern Janatabad,95,3900000000.0,3226319196.4844475,3451027243.0321436,3535753923.016869
D21-01064,Pardis,97,770000000.0,717271266.6051977,733497071.6352851,756444999.8690541
D21-01065,Persian Gulf Martyrs Lake,136,4300000000.0,4456030390.363677,2666157592.883317,3944441832.4493737
D21-01066,West Ferdows Boulevard,70,2400000000.0,2241595327.867865,2581627324.507393,2494120308.9410543
D21-01067,Qazvin Imamzadeh Hassan,85,1507000000.0,1854889113.018463,1744740523.2844958,1894465990.4819438
D21-01068,Pardis,105,950000000.0,798767821.4601077,707692813.7000848,838478174.7743847
D21-01069,North Program Organization,50,1900000000.0,1799026236.2021646,2048475192.4548445,1903738129.5519702
D21-01070,Southern Program Organization,57,2750000000.0,1946487292.6525843,2373911908.3679223,2155394708.0586653
D21-01071,Pardis,121,610000000.0,1026557080.0769411,806474131.6770992,966246277.5971495
D21-01072,West Ferdows Boulevard,95,3300000000.0,3397822451.382624,3676613352.6282015,3384877562.1342926
D21-01073,West Ferdows Boulevard,65,2380000000.0,2343967933.471454,2431330676.0642676,2337815247.235857
D21-01074,Tehransar,100,2000000000.0,2253968013.057937,1762423713.0395713,2986637575.368969
D21-01075,Kook,128,3950000000.0,6999242824.025987,7908421415.548717,6096610287.025473
D21-01076,Gheitarieh,93,6000000000.0,7525681430.977352,6780252456.680076,7240078481.933828
D21-01077,Qazvin Imamzadeh Hassan,75,1275000000.0,1711701111.0563028,1974936405.6503146,1754603598.9280856
D21-01078,Jeyhoon,133,4700000000.0,3426289003.6550884,3964569087.975581,3118012666.8372784
D21-01079,Northern Janatabad,100,4450000000.0,3768657741.681616,3910988363.581985,3721846234.7546043
D21-01080,Persian Gulf Martyrs Lake,140,4800000000.0,4589186615.125074,3349256826.8702874,4060454827.5214005
D21-01081,Central Janatabad,92,3570000000.0,3753778708.8899364,3937539690.576225,3725051860.8630548
D21-01082,Amirabad,120,4500000000.0,4413627864.116692,4400298998.207814,4733608122.491748
D21-01083,Jeyhoon,45,1030000000.0,829354985.8160441,954694553.3244903,1054966691.787051
D21-01084,Gheitarieh,130,6890000000.0,9787475648.587072,8656314091.990978,10233132022.469194
D21-01085,Nawab,95,2185000000.0,2420936730.1678295,2192181075.4585176,2926747389.4579463
D21-01086,Gheitarieh,150,10500000000.0,10885783621.616865,10653744935.585133,11677545938.602962
D21-01087,Qazvin Imamzadeh Hassan,72,1206000000.0,1582307725.4771266,1676725347.7359672,1621076648.2110116
D21-01088,Central Janatabad,60,3350000000.0,2155811186.6377053,2432548594.229968,2406422259.7132134
D21-01089,Dorous,190,12000000000.0,12100498566.523394,14821149657.772354,10423737593.845032
D21-01090,Shahrake Gharb,125,9750000000.0,9035888260.896084,11171330308.80651,8718705537.52877
D21-01091,North Program Organization,90,3420000000.0,3735817077.85644,4057592991.0732155,3694723144.1777964
D21-01092,Shahr-e-Ziba,105,4100000000.0,3467227425.911783,3897973980.1838036,3449723269.1227956
D21-01093,Shahran,90,2850000000.0,3209975791.0821967,3264384700.8930345,3205810444.078903
D21-01094,Southern Janatabad,102,5600000000.0,3866227802.748737,3921469237.1887317,3801898674.561942
D21-01095,Ostad Moein,50,1500000000.0,1194936988.9408035,1055574104.2930751,1357534194.8287556
D21-01096,Punak,66,2250000000.0,2429953445.562839,2264149106.959798,2694348891.996749
D21-01097,Yousef Abad,125,8750000000.0,7251000854.60731,7671142031.440251,6320542543.619468
D21-01098,Parand,132,2050000000.0,795809096.169552,1378955820.168467,772636782.9773889
D21-01099,Central Janatabad,103,4300000000.0,4199535407.356955,4472951941.961086,4131195777.131988
D21-01100,Yousef Abad,270,13500000000.0,19833984966.38362,27160520998.87258,14846525802.013357
D21-01101,Shahran,130,4180000000.0,4716355052.759251,5537762729.938169,4630615085.891752
D21-01102,Amirabad,160,8320000000.0,6745202950.802187,7067776064.120737,5945758392.858641
D21-01103,Shahran,110,3410000000.0,3963764394.842702,4307353798.6455145,3906516850.5845447
D21-01104,Shahran,75,1980000000.0,2652464552.475692,2709232055.2764835,2671508703.3990855
D21-01105,Shahran,75,2400000000.0,2657964236.039458,2619375081.6749115,2663534216.3076444
D21-01106,Northern Suhrawardi,85,4500000000.0,3452759748.6963058,3688633084.301298,3439540386.43114
D21-01107,Heravi,225,15750000000.0,13844762415.910078,18080374769.905933,11727224289.016962
D21-01108,Saadat Abad,130,8500000000.0,9437251581.772926,9712013524.721746,8214585802.387221
D21-01109,Qazvin Imamzadeh Hassan,73,1679000000.0,1605246012.793125,1715881341.54336,1643591601.6583881
D21-01110,Saadat Abad,95,5500000000.0,6150304467.598743,7614633564.547457,5963160015.013886
D21-01111,Shahrake Gharb,250,35000000000.0,21127583165.499996,26415951947.593086,17309833294.27598
D21-01112,Salsabil,65,1750000000.0,1405461993.1881402,1691986296.4446006,1425833874.264121
D21-01113,Azarbaijan,64,2090000000.0,1684289750.494912,1587604024.6626775,1728807779.7376351
D21-01114,Villa,94,4130000000.0,3275309517.9324536,3155735130.5565124,3253846153.846148
D21-01115,Pardis,110,375000000.0,838622533.4157978,793002509.0648838,878405706.9064988
D21-01116,Pardis,105,550000000.0,801499692.8100809,730831996.0115929,835652378.3398968
D21-01117,Heravi,145,9000000000.0,8741150948.790253,8272188328.804129,7557544541.810923
D21-01118,Pardis,105,875000000.0,781975280.494587,688856717.4278148,818832216.3531017
D21-01119,Farmanieh,120,12000000000.0,10809309959.799866,9560961417.559416,10123498976.107973
D21-01120,Hakimiyeh,100,3100000000.0,3436039707.7794814,3444724923.5174694,3410074056.1746206
D21-01121,Water Organization,115,3800000000.0,3986098326.483312,3416177695.715287,3946412731.932418
D21-01122,Shahr-e-Ziba,100,3300000000.0,2830926442.56317,3437674563.280715,3276969869.097419
D21-01123,Ostad Moein,63,1280000000.0,1482521139.0413096,1477619009.27946,1669327769.2639306
D21-01124,West Ferdows Boulevard,55,1900000000.0,1462787595.1664236,1752034357.6556017,1993633363.5797634
D21-01125,Heravi,220,15400000000.0,13522915334.826502,18603912095.490376,11466619304.81659
D21-01126,Nezamabad,123,3300000000.0,4375674608.985366,3187450010.8837852,3868641146.701746
D21-01127,Qazvin Imamzadeh Hassan,81,1420000000.0,1821049609.0640962,1840237895.8468747,1838873402.3576
D21-01128,Jeyhoon,130,2800000000.0,3365544505.47816,3112274153.39663,3047681554.0514774
D21-01129,Pasdaran,108,7700000000.0,7322793351.127453,7687432460.633684,7096605752.671574
D21-01130,Qasr-od-Dasht,135,2950000000.0,3493712283.322032,3132805362.007882,3164454145.7814665
D21-01131,West Ferdows Boulevard,82,3500000000.0,2912916316.6843224,3106407366.025853,2921683790.4738064
D21-01132,Southern Program Organization,120,4250000000.0,4661693186.305191,4597015064.844976,4580672589.394538
D21-01133,Ajudaniye,303,30000000000.0,15211644387.28485,32146621286.26329,13114308455.053318
D21-01134,Ozgol,200,18000000000.0,10152954721.387232,14305550857.177404,8805424136.074615
D21-01135,Shahran,50,1850000000.0,1581763840.393288,1954211094.0224338,1775689477.538431
D21-01136,Shahran,80,3550000000.0,2810571561.8002706,3004602969.4962325,2812693632.6641903
D21-01137,Pardis,100,1100000000.0,762746189.6611603,711825755.3571565,795859407.9427615
D21-01138,Shahran,85,2380000000.0,3037234310.403428,3208653381.571167,3017823282.526219
D21-01139,Shahran,44,1390000000.0,1267519902.417166,1636337174.4508455,1562167346.2488608
D21-01140,Tajrish,115,8200000000.0,4867646276.402029,4943598318.902097,4787251727.0391245
D21-01141,North Program Organization,75,2930000000.0,3086812065.396997,2784512110.959536,3078935953.4814963
D21-01142,Shahran,65,2220000000.0,2041353100.453815,2194722162.2796597,2285313576.539653
D21-01143,Central Janatabad,86,3480000000.0,3498012891.0212193,3687412530.742404,3482113696.024152
D21-01144,Yousef Abad,106,5700000000.0,5988529776.886849,5640174260.243202,5828636055.605242
D21-01145,Zaferanieh,203,36000000000.0,19934733284.65007,29132587024.117237,16739322467.453619
D21-01146,Shahr-e-Ziba,92,2700000000.0,3039645199.297252,3248619612.572263,3032461872.5828166
D21-01147,Southern Program Organization,62,2170000000.0,2114215135.1579397,2280819621.4024153,2344750175.15158
D21-01148,Pasdaran,92,6700000000.0,5844427469.886649,5734289049.306183,5679559618.696753
D21-01149,Pasdaran,180,9900000000.0,13930095141.773478,12723900341.59456,11920350885.051512
D21-01150,Central Janatabad,85,3150000000.0,3441025256.857561,3688633084.301298,3428319408.3564644
D21-01151,Saadat Abad,60,3300000000.0,3547160840.9098744,3413694480.6073446,3825295389.4086614
D21-01152,East Ferdows Boulevard,100,3400000000.0,3651852790.6549697,3972881154.4202404,3612753002.4085736
D21-01153,Northern Janatabad,100,5100000000.0,4023896801.7698016,4686223562.726823,3954205387.805485
D21-01154,Garden of Saba,121,7500000000.0,4444403112.479388,4382773980.002856,4359316998.429115
D21-01155,Farmanieh,63,5600000000.0,5215195360.084892,3589603294.9955416,5611664470.487641
D21-01156,West Ferdows Boulevard,98,4400000000.0,3510178001.8409786,3727863061.5834384,3491768432.517473
D21-01157,Pasdaran,67,3500000000.0,4136728347.7377176,4009927786.2610083,4136201026.6595855
D21-01158,West Ferdows Boulevard,87,2830000000.0,3193287227.844775,3491106134.504537,3178247443.9321556
D21-01159,Pasdaran,115,5300000000.0,8757180164.599915,7968956150.950025,7556570940.344724
D21-01160,Punak,49,2300000000.0,1625553401.9900227,2118210847.522016,2000349934.9672883
D21-01161,Ostad Moein,40,650000000.0,681540901.1401062,776179292.8487293,1085372581.541257
D21-01162,Yousef Abad,130,8000000000.0,8164625563.285892,7991078054.818477,7148327238.006428
D21-01163,Pasdaran,144,8000000000.0,9141425520.771559,9056884702.552074,8626279487.130905
D21-01164,Ostad Moein,66,1585000000.0,1672910124.0888863,1704285260.336135,1710412864.0418136
D21-01165,Southern Janatabad,53,2430000000.0,1777302284.8688028,2408113995.0006814,2002839985.4268413
D21-01166,Central Janatabad,88,3400000000.0,3561702504.0710692,3780659824.258952,3529565324.1516023
D21-01167,Southern Janatabad,105,3900000000.0,4027354249.3020706,4357666352.826882,3967890537.1663837
D21-01168,Qalandari,90,6560000000.0,4848338798.027543,5284720761.588533,4736298722.385977
D21-01169,Dezashib,125,11250000000.0,7126049359.411605,8523768561.025605,6930447790.262828
D21-01170,Tarasht,75,2150000000.0,2537643349.435445,1931853417.2856333,2574181265.331907
D21-01171,Niavaran,170,17000000000.0,18446933717.17231,17165442774.32688,15538315487.999208
D21-01172,Elahieh,204,32640000000.0,18734612243.809845,20318078075.257244,15690875573.194603
D21-01173,Feiz Garden,95,3600000000.0,3549896615.465588,3899467915.310894,3515996996.312221
D21-01174,Andisheh,54,500000000.0,587011756.1074108,524564619.42861223,744984981.9056772
D21-01175,Shahr-e-Ziba,98,3220000000.0,3225744613.087039,3567832774.9988275,3219741717.847942
D21-01176,Feiz Garden,90,3600000000.0,3223110547.4538975,3264384700.8930345,3218399986.0328794
D21-01177,Feiz Garden,97,3800000000.0,3485880651.709569,3727863061.5834384,3468719984.946548
D21-01178,East Ferdows Boulevard,71,2530000000.0,2564379255.092729,2496313792.981167,2573532281.363922
D21-01179,Shahrake Gharb,150,12000000000.0,12200671947.626698,12775108190.032164,10462446645.03449
D21-01180,Pasdaran,116,8100000000.0,7999280011.545774,7579228626.028067,6948947364.63324
D21-01181,Saadat Abad,120,8600000000.0,7539996438.919414,7276328844.61631,7230444027.361042
D21-01182,West Ferdows Boulevard,79,2400000000.0,2886631598.6779356,3016169927.502656,2885994805.409656
D21-01183,West Ferdows Boulevard,79,3100000000.0,2775880914.909378,2987160945.8143315,2799012423.3930593
D21-01184,Dorous,135,10000000000.0,7910067229.027972,9327111484.22073,7579085518.234205
D21-01185,West Ferdows Boulevard,110,3950000000.0,3981824601.4140925,4114773962.9326243,3897359070.547292
D21-01186,Shahr-e-Ziba,75,1890000000.0,2273413938.939908,1945296561.1498566,2464088049.3734274
D21-01187,Shahr-e-Ziba,110,4700000000.0,3949288175.645363,4012309392.7624264,3625769630.2620606
D21-01188,West Ferdows Boulevard,87,3800000000.0,3151761131.630186,3253927574.6958847,3129075792.454145
D21-01189,Punak,75,3750000000.0,3074415818.6787906,2766183985.573073,3061760104.541766
D21-01190,West Ferdows Boulevard,108,3950000000.0,3972599470.1168466,4441907225.894529,3914770968.4838953
D21-01191,Central Janatabad,110,5700000000.0,4557442377.627001,4665852456.474017,4436648646.10837
D21-01192,Shahr-e-Ziba,100,5100000000.0,3316070652.493425,3475498048.801706,3294905628.9428263
D21-01193,Ostad Moein,63,1280000000.0,1438248438.8123486,1518976725.7025087,1632666824.7671847
D21-01194,Shahrake Gharb,140,9200000000.0,12096228883.68835,9987804282.935186,10328084750.026201
D21-01195,Southern Janatabad,72,2113000000.0,2411768650.002966,2234418464.156928,2683693182.04373
D21-01196,Southern Janatabad,73,2108000000.0,2421262024.910092,2247148028.870285,2685427872.0111494
D21-01197,Dezashib,145,12325000000.0,9296219716.25407,10068562014.95883,8039319436.704868
D21-01198,Northern Janatabad,75,2385000000.0,2521065923.38028,2171046735.3345785,2791384676.065946
D21-01199,Yousef Abad,92,6300000000.0,4804669216.254459,5285144883.872445,4708375755.912534
D21-01200,Si Metri Ji,80,2220000000.0,1652561032.6872838,1291197203.6892543,1700409886.58489
D21-01201,Ekhtiarieh,127,8890000000.0,7659825724.37356,8561165966.375983,7254755437.847965
D21-01202,Ostad Moein,66,1585000000.0,1729299799.0395677,1476096971.532252,1791945137.1739593
D21-01203,Yousef Abad,74,3920000000.0,3851384378.9727044,4091365777.2829566,3787171803.668775
D21-01204,Parand,105,1260000000.0,632371460.6118892,691870651.4936575,614895831.2112386
D21-01205,Parand,112,1400000000.0,634872134.6075498,1180865750.427972,659156237.506493
D21-01206,Shahrake Gharb,120,7500000000.0,8668872589.543184,10553012100.330732,8369957316.0276
D21-01207,Pardis,123,500000000.0,1044323407.256991,1092291456.8755302,982217290.4499934
D21-01208,Shahrake Gharb,140,10000000000.0,11217484384.2041,9785996663.50975,9693506644.794567
D21-01209,Punak,63,3500000000.0,2350256420.0032115,2456605415.2675753,2617106980.0142713
D21-01210,Punak,56,1950000000.0,2059262516.4792457,2307199666.6761484,2286114211.3911867
D21-01211,Feiz Garden,105,4350000000.0,3849009325.2243567,4053011659.3435674,3797984122.0711575
D21-01212,Yousef Abad,97,5000000000.0,5457573599.707053,5694474516.065292,5333751862.204793
D21-01213,Jordan,140,9200000000.0,7677635083.182453,8098469890.217674,6787198801.341903
D21-01214,Central Janatabad,60,1650000000.0,2210691939.478594,2180531901.93679,2406422259.7132134
D21-01215,Pardis,100,500000000.0,732872795.022604,723849306.109586,776327565.8048184
D21-01216,Punak,54,2000000000.0,1714126615.4486692,2024865531.665501,2242673480.3460407
D21-01217,Ekhtiarieh,90,6000000000.0,5131798163.860678,5316693432.286281,5001053073.304327
D21-01218,Feiz Garden,92,3950000000.0,3298094154.724507,3430275994.2644095,3289919985.7224994
D21-01219,Feiz Garden,65,1900000000.0,1801090174.8909729,1868329749.4265702,2413474802.0272045
D21-01220,Andisheh,76,896000000.0,991075673.7200422,979501626.2814158,1038412401.6070021
D21-01221,Southern Janatabad,72,2600000000.0,2703040752.3472147,2686289832.728179,2720861411.4961586
D21-01222,Farmanieh,135,11500000000.0,13694314070.784721,11093465827.84125,11676040986.203716
D21-01223,Punak,54,2000000000.0,1651310810.4403691,2219369682.1690383,2243234554.2979493
D21-01224,Pardis,87,500000000.0,656054974.0575448,683288511.4160428,694739059.0987755
D21-01225,Farmanieh,255,26000000000.0,27119343644.762756,26921478243.67284,22358387167.196415
D21-01226,Yousef Abad,100,4300000000.0,4743093922.580613,5433831961.342478,5113424522.312088
D21-01227,Niavaran,194,19845000000.0,19089649666.01524,18865703469.36995,17634102884.99187
D21-01228,Qalandari,600,9150000000.0,33434512252.611366,35200504405.343544,31772792638.33876
D21-01229,Saadat Abad,160,13500000000.0,11758397916.88728,13049839085.156216,10043216867.391815
D21-01230,Gheitarieh,98,6958000000.0,8069679000.483223,7274181660.154767,7714207216.938328
D21-01231,Andisheh,133,1600000000.0,1656864839.5021446,1926118937.9000547,1817221702.812257
D21-01232,West Ferdows Boulevard,108,5616000000.0,3902988559.882405,4128688074.8091288,3826497996.5373445
D21-01233,Shahr-e-Ziba,76,2800000000.0,2490947285.59288,2297209013.244163,2505373409.1706867
D21-01234,Razi,73,1230000000.0,1728930329.1978765,1820967457.6179693,1745593725.8018491
D21-01235,Southern Program Organization,76,3150000000.0,2743231469.2868195,2816377644.785789,2729433976.2074337
D21-01236,Southern Program Organization,80,3680000000.0,3007517819.520256,3145254936.850784,3001811529.0506654
D21-01237,Gheitarieh,92,6600000000.0,7554849027.618378,6834381886.262604,7241908815.901273
D21-01238,Qalandari,130,8500000000.0,6019033918.848414,7339029321.054278,5851976346.766751
D21-01239,Azari,71,1640000000.0,2443922797.437191,1967022602.9841995,2457692307.6923037
D21-01240,Shahran,56,1900000000.0,1800295154.7317383,2163562372.7496653,2001403298.4679785
D21-01241,Pardis,105,890000000.0,781685342.6178753,730495486.6876189,825682687.4236531
D21-01242,West Ferdows Boulevard,110,3750000000.0,3981824601.4140925,4114773962.9326243,3897359070.547292
D21-01243,Central Janatabad,93,4370000000.0,3815186759.5022373,3739377107.3576207,3765514644.220204
D21-01244,Pasdaran,179,9645000000.0,13849128319.747913,13317441989.965668,11854126713.467913
D21-01245,Gholhak,100,6200000000.0,5271063348.233747,5818668689.555197,5140173093.588113
D21-01246,Saadat Abad,110,5200000000.0,7923760561.353236,7556875173.471537,6950803371.250718
D21-01247,Northern Janatabad,98,4850000000.0,3690691949.769456,4167151349.1559005,3652767571.198908
D21-01248,Saadat Abad,101,5550000000.0,6690968334.92463,6256881961.296439,6439247238.837905
D21-01249,Pardis,105,800000000.0,771259021.142296,708132137.7666358,815143944.0950594
D21-01250,Heravi,157,9850000000.0,9350923935.202038,9744694763.161438,8158045078.571609
D21-01251,Pasdaran,180,9900000000.0,13804036484.25262,11684134319.384901,11827676254.452642
D21-01252,Qazvin Imamzadeh Hassan,90,1620000000.0,1998749255.38129,1826160441.8544078,2025808213.977096
D21-01253,Pardis,97,760000000.0,719646013.4671403,733190070.3033007,762773530.2866138
D21-01254,Persian Gulf Martyrs Lake,120,1272000000.0,3855951685.9762297,2599908392.343463,3480504176.7010813
D21-01255,Velenjak,303,48000000000.0,29568983724.407005,40994275599.638725,22329211181.669674
D21-01256,Yousef Abad,60,3250000000.0,2998044071.637199,3578001206.8007154,3299227956.002967
D21-01257,Dezashib,245,14500000000.0,21535180102.63593,25082920957.235634,15002562137.771975
D21-01258,Pardis,100,790000000.0,742885654.353404,732741343.2988088,786364464.2130029
D21-01259,Pasdaran,185,10750000000.0,14335239921.895912,12885720541.33351,12251471742.969637
D21-01260,Central Janatabad,62,3500000000.0,2439777872.069153,2327967456.248892,2500656509.6247215
D21-01261,Central Janatabad,79,2999000000.0,3198551827.347637,3168843624.6515265,3168455975.2890654
D21-01262,Mirdamad,400,56000000000.0,28105945238.19924,35073736714.123184,21353031315.48825
D21-01263,Southern Chitgar,200,5000000000.0,5006645160.3587055,3615256503.3091445,4416260056.375307
D21-01264,Pardis,105,860000000.0,781685342.6178753,730495486.6876189,825682687.4236531
D21-01265,Shahrake Apadana,128,5700000000.0,5068576216.190798,3894302440.2769575,4479999999.999998
D21-01266,Punak,115,6670000000.0,5072950642.976885,5004172855.225303,4529640287.186621
D21-01267,Elahieh,377,31668000000.0,44746717882.35327,44828562253.60567,33015112457.118076
D21-01268,Central Janatabad,77,2400000000.0,2822523407.3868003,2450957881.771032,3088369658.632652
D21-01269,Punak,190,11400000000.0,9064052955.227741,13291825669.906506,7883479166.198221
D21-01270,Shahran,65,1880000000.0,2117794790.7957094,2404529064.5006113,2323057400.007471
D21-01271,Punak,97,4700000000.0,3855120817.972978,4193132868.6886096,3820653111.800892
D21-01272,Yousef Abad,130,7800000000.0,7554852313.743758,8271321882.473842,6573364245.364243
D21-01273,Dorous,133,8600000000.0,8441469869.19396,7991078054.818477,7380088023.179457
D21-01274,Northern Janatabad,143,4400000000.0,6078384556.064998,7063062618.754563,5330058802.871853
D21-01275,Central Janatabad,76,4150000000.0,3055048487.4733415,2860663235.753227,3048260961.7672973
D21-01276,West Ferdows Boulevard,155,5000000000.0,6374783182.829964,6748543924.337545,5618421297.3611355
D21-01277,Pardis,97,760000000.0,735186052.0037234,754956249.3022114,774594123.3630012
D21-01278,Ekbatan,96,4200000000.0,4029022141.175303,4313832792.102294,3967454144.6472793
D21-01279,Gheitarieh,190,14000000000.0,16313165390.899555,15559712494.714207,13795833744.075315
D21-01280,Heravi,147,9100000000.0,8867384005.466152,8272188328.804129,7661786535.491058
D21-01281,East Ferdows Boulevard,85,2800000000.0,3126490327.401807,3346465155.8931,3126957961.7578297
D21-01282,Ekbatan,76,3600000000.0,3131961028.23514,2958634226.331889,3102497383.918804
D21-01283,Niavaran,103,7000000000.0,9734520036.334389,7514852896.893686,9219992638.151783
D21-01284,Niavaran,194,19858000000.0,21149041519.02585,20108461020.308983,17634102884.99187
D21-01285,Saadat Abad,95,6200000000.0,5908878465.535528,5409223237.184037,5724101521.660835
D21-01286,Northern Janatabad,79,3200000000.0,2404034355.640147,2048474650.8506207,3123822256.3663397
D21-01287,Parand,83,705500000.0,449137326.1808976,561311000.0510927,482863386.35753214
D21-01288,Southern Program Organization,70,2500000000.0,2523387254.2552376,2570011984.537702,2513952346.5068502
D21-01289,Niavaran,87,4600000000.0,8305386300.516032,6870940922.578441,7984001107.526856
D21-01290,Pardis,87,500000000.0,542635237.4790132,603179514.759406,675404982.2501917
D21-01291,Andisheh,84,1554000000.0,1192817811.5191066,1046376485.9946684,1163398828.720567
D21-01292,Tarasht,91,3100000000.0,3061693894.505466,2811964764.854358,3050295444.884978
D21-01293,Gheitarieh,145,12000000000.0,11979256263.123472,10122134452.062483,11288294407.316177
D21-01294,North Program Organization,68,2450000000.0,2580700440.864195,2524957047.027985,2589083856.190677
D21-01295,Garden of Saba,127,5588000000.0,5551059774.729046,5806460675.362363,4889221806.457252
D21-01296,Ekbatan,68,3100000000.0,2545230711.8188396,2831632761.4917874,2765632261.2580466
D21-01297,Pardis,105,539000000.0,801499692.8100809,730831996.0115929,835652378.3398968
D21-01298,Shahran,89,3190000000.0,3142351588.423801,3359408208.4090123,3129121666.338907
D21-01299,Ostad Moein,82,2600000000.0,2099619752.6734467,1881096545.6173766,2125058406.8398247
D21-01300,Punak,65,2250000000.0,2147083749.9178987,2305598777.467015,2560231466.6706977
D21-01301,Gholhak,80,4900000000.0,4030166269.7734127,4032366179.6876493,3990327299.008805
D21-01302,Niavaran,145,14500000000.0,15656300814.56332,12366500303.168703,13306668512.54478
D21-01303,Niavaran,235,20000000000.0,25861467843.981983,28800004245.38442,21479436115.763607
D21-01304,Kamranieh,192,33490000000.0,15229592133.769426,18368181517.74118,12863650080.502161
D21-01305,Kamranieh,160,13120000000.0,12504908798.065739,12547611393.51036,10773706837.630753
D21-01306,Niavaran,160,18400000000.0,17286409847.51746,15110510354.677437,14543590008.24066
D21-01307,Pardis,106,800000000.0,789455044.1342576,692263607.2685027,833546332.0657817
D21-01308,Shahrake Qods,75,620000000.0,580729459.8795266,578251505.8439034,732903615.7556204
D21-01309,Shahrake Qods,100,800000000.0,1044923955.7797583,1109690166.3019838,1090076094.4045265
D21-01310,Ekbatan,58,2850000000.0,2140129740.6325777,2331542855.4380913,2358921634.6024504
D21-01311,Pardis,97,770000000.0,709883462.7495445,723849306.109586,753037738.8306721
D21-01312,Pirouzi,44,790000000.0,841675433.4284319,1012096870.2791785,1211109047.699317
D21-01313,Gheitarieh,108,9000000000.0,8930740564.46753,8015336361.232772,8501371218.666712
D21-01314,Amirabad,87,550000000.0,3458919061.897892,3761008383.6966023,3431865888.8065147
D21-01315,Zaferanieh,231,43197000000.0,23275580595.28439,23683006821.466774,19489876972.397945
D21-01316,Persian Gulf Martyrs Lake,120,1750000000.0,3924041780.2496285,2073784422.6295233,3480389852.1612043
D21-01317,Saadat Abad,103,5700000000.0,6835493547.659464,6256881961.296439,6566757085.151532
D21-01318,Parand,78,455000000.0,334177228.03462905,396372168.78627074,448215098.9049782
D21-01319,Gheitarieh,85,7200000000.0,6791068207.370406,6517379150.802117,6569398027.438026
D21-01320,Velenjak,195,19500000000.0,20166007688.18847,19360402949.51321,16889336858.918879
D21-01321,Amirabad,142,5500000000.0,6399247037.584315,6819802231.47365,5601436278.281913
D21-01322,Persian Gulf Martyrs Lake,90,1315000000.0,2583786574.4169407,1812180190.8648088,2592552671.466563
D21-01323,Gheitarieh,85,7300000000.0,6791068207.370406,6517379150.802117,6569398027.438026
D21-01324,Niavaran,350,80500000000.0,42219075766.4793,44588144502.94733,31330072071.389507
D21-01325,Niavaran,210,21000000000.0,25456970730.648987,24670367313.10331,19088461885.815918
D21-01326,Pardis,87,890000000.0,642411448.0126524,658796919.6635123,684137083.8653122
D21-01327,Southern Janatabad,85,4400000000.0,3142279691.4128995,3213786501.4853325,3126868070.149981
D21-01328,Southern Janatabad,92,3990000000.0,3412770669.0005226,3583506710.573968,3384374852.39762
D21-01329,Shahr-e-Ziba,90,4150000000.0,2967700281.1592507,3007881656.9794865,2966538788.396233
D21-01330,Shahr-e-Ziba,87,3050000000.0,2860052887.855266,3028804002.042183,2867654162.1163535
D21-01331,West Ferdows Boulevard,108,3450000000.0,3902988559.882405,4128688074.8091288,3826497996.5373445
D21-01332,Southern Janatabad,85,3400000000.0,2890002505.303054,2787314010.4399004,3168248895.468284
D21-01333,Southern Janatabad,68,2200000000.0,2489567938.153076,2486907954.6135545,2501494456.119978
D21-01334,Zaferanieh,138,17250000000.0,11616790145.50837,11120036003.04841,11135546497.573908
D21-01335,Parand,78,210000000.0,421311569.4132727,460377230.3715618,456779760.3283489
D21-01336,Qazvin Imamzadeh Hassan,94,1712000000.0,2167908702.1476226,2158081963.063929,2199103177.3231993
D21-01337,Aqdasieh,168,16000000000.0,11330609477.093758,11559296912.198034,9760219061.39783
D21-01338,Niavaran,100,6200000000.0,9540452176.89009,7844248252.679808,9089743755.150452
D21-01339,Ajudaniye,100,6300000000.0,4397044849.831204,5348358553.070916,4328154605.628164
D21-01340,Parastar,44,1030000000.0,825883983.2490752,1011572055.123581,1227321027.0216699
D21-01341,Lavasan,300,27000000000.0,12200734259.15637,22802670722.718227,13308786106.057775
D21-01342,Velenjak,280,30800000000.0,27224651720.358818,30134847353.897083,20634254557.318493
D21-01343,West Ferdows Boulevard,65,2760000000.0,2244277380.925203,2404652967.130021,2302984905.323398
D21-01344,Ajudaniye,180,13500000000.0,8962740890.140867,10450645087.229822,7790678290.130693
D21-01345,Islamshahr,176,2800000000.0,2200654126.233402,2993314158.1362457,2442813067.719335
D21-01346,Central Janatabad,83,3859000000.0,3352880082.360163,3646730805.667995,3347653069.336313
D21-01347,Farmanieh,300,37000000000.0,33552638458.54345,38297911327.42718,25308747440.26996
D21-01348,Pirouzi,68,1380000000.0,1384603487.6345682,1122884541.752586,1874120478.4329138
D21-01349,Aqdasieh,220,35000000000.0,14900909265.331083,22682345055.40593,12781239247.068626
D21-01350,Andisheh,140,1484000000.0,2068191521.5499442,2215092810.727572,1912864950.328694
D21-01351,Farmanieh,290,36000000000.0,32335583592.368637,35889480515.759735,24465122525.59425
D21-01352,Kahrizak,75,862500000.0,997987808.2074742,690675400.5656645,1250797100.3156948
D21-01353,East Ferdows Boulevard,133,8000000000.0,5453004818.802386,5973947335.987112,4804961493.203392
D21-01354,Abazar,87,5655000000.0,3809034781.9187922,4480994119.565129,3759419380.3212094
D21-01355,Pirouzi,60,1500000000.0,1362733839.943556,1292009895.6688638,1656311948.620219
D21-01356,Pardis,110,535000000.0,840282307.5729749,759613517.970459,875445348.7370353
D21-01357,West Ferdows Boulevard,149,8642000000.0,5992312303.385802,6094647108.997448,5308913229.031672
D21-01358,Velenjak,238,42840000000.0,20856421722.040966,31912453397.31745,17539116373.720715
D21-01359,Punak,90,3500000000.0,3781921147.715243,3739290829.61868,3734279605.041266
D21-01360,Qazvin Imamzadeh Hassan,100,1850000000.0,2312911177.0445933,2203484406.0810976,2339471465.2374535
D21-01361,Central Janatabad,94,4512000000.0,3839932032.9764953,4064303243.8522663,3791317933.947151
D21-01362,Parastar,80,3360000000.0,2193497711.3453946,2200512629.289221,2231492776.4030385
D21-01363,Parastar,55,1280000000.0,1218937883.9470334,1427990585.9295378,1534151283.7770913
D21-01364,Saadat Abad,114,6800000000.0,7866683743.366883,6562058724.171163,6868921825.993005
D21-01365,Shahr-e-Ziba,75,1890000000.0,2238830852.828425,1903867902.8475506,2472407969.57633
D21-01366,Heravi,146,7600000000.0,9004988904.842615,8875523073.366888,7819765997.292966
D21-01367,Punak,70,2280000000.0,2677820942.755159,2418943016.4510155,2904439692.809872
D21-01368,Amirabad,86,4730000000.0,3198926895.3018694,3625435666.2932553,3195845136.1615076
D21-01369,Persian Gulf Martyrs Lake,69,2100000000.0,1473250012.5385149,1292673636.6130934,2001224164.992697
D21-01370,West Ferdows Boulevard,60,3300000000.0,1923411843.8047931,2145146411.1632793,2125832220.2985253
D21-01371,Persian Gulf Martyrs Lake,101,3500000000.0,2935690163.6005893,2756985615.1075726,2929328125.5690145
D21-01372,Hashemi,97,2300000000.0,2461700326.493316,2659945306.725172,2475674052.449344
D21-01373,Hakimiyeh,105,3570000000.0,3558040329.244039,3838661092.04806,3536401573.86941
D21-01374,Saadat Abad,110,12500000000.0,6709048980.844725,5789636483.1150255,6950803371.250718
D21-01375,Punak,75,2700000000.0,3074415818.6787906,2766183985.573073,3061760104.541766
D21-01376,Punak,110,6490000000.0,4666088333.582673,4736160526.582258,4569551869.866182
D21-01377,Mirdamad,149,9238000000.0,8237162055.123495,8508590026.478328,7803261618.651813
D21-01378,Railway,105,5000000000.0,3551161225.163965,3748269679.3901277,3516022769.1626267
D21-01379,Persian Gulf Martyrs Lake,110,3500000000.0,3196847048.6308856,3134603309.7633977,3190462161.975993
D21-01380,Pirouzi,69,1800000000.0,1902943837.8641741,1757942742.7049344,1934168153.4837074
D21-01381,Kook,190,13000000000.0,10144901380.150887,14717496022.176006,8706893820.416092
D21-01382,Yousef Abad,160,8600000000.0,8576023765.431035,10643347823.918226,8181479235.699363
D21-01383,Pirouzi,67,2000000000.0,1495938304.8772533,1368570866.4379468,1846559883.1618402
D21-01384,Narmak,121,5500000000.0,4283350272.9628477,4376126801.493253,4223094690.644486
D21-01385,Gisha,105,7350000000.0,4819193695.500539,5492042260.315828,4709858177.022145
D21-01386,West Ferdows Boulevard,83,2400000000.0,2746147942.8486524,2645071393.9944077,2985210238.7780933
D21-01387,Pirouzi,62,1380000000.0,1304997412.5162518,1491792140.1775036,1715233947.4520512
D21-01388,Pirouzi,55,1750000000.0,1330228458.5698292,1362625196.1324527,1515832739.908977
D21-01389,Pirouzi,88,2450000000.0,2412821593.228283,2436620385.300643,2434525602.835168
D21-01390,Air force,86,3000000000.0,2881851663.2431884,2917991158.765437,2728221123.6032605
D21-01391,Narmak,62,2250000000.0,2040578044.0866613,2244018591.1299887,2283310631.2624135
D21-01392,Araj,65,3100000000.0,2830654941.465251,3300508437.379608,3420535206.480141
D21-01393,Niavaran,135,14850000000.0,13072745696.663197,12017135927.647676,12084456370.393103
D21-01394,Mahmoudieh,226,17000000000.0,12882053717.481405,15984599988.32451,10230341755.789211
D21-01395,Tenant,70,2030000000.0,1904096535.3975344,1740303067.5384085,1914835080.741085
D21-01396,Kamranieh,85,7100000000.0,5780261523.409598,6761716083.832376,6143113126.23742
D21-01397,Punak,170,9350000000.0,7947986380.919373,8646328977.818352,6939989570.294674
D21-01398,Niavaran,170,14000000000.0,18418832986.858257,15788044285.455685,15452564383.755737
D21-01399,North Program Organization,574,60000000000.0,28784147264.982975,30810067312.390614,21854913727.256638
D21-01400,Niavaran,360,38000000000.0,43535376506.069534,44828562253.60567,32225216987.71497
D21-01401,Saadat Abad,120,7300000000.0,7881385515.788591,8302632232.943811,7582694586.818961
D21-01402,Punak,120,6660000000.0,5683346698.037875,5062633774.324041,4979039473.38835
D21-01403,Tenant,97,2330000000.0,2764060676.812298,2852685099.3523583,2653414326.1697907
D21-01404,Pasdaran,150,11456000000.0,10647253899.9321,12069263882.215803,9260151552.222946
D21-01405,Pasdaran,140,10500000000.0,9724791903.802605,10156229062.345396,9271384021.706728
D21-01406,Punak,85,3300000000.0,3568597632.514594,3648172866.536073,3526819626.983425
D21-01407,Velenjak,240,46000000000.0,22972904636.548454,34386823569.42722,19177562739.181496
D21-01408,Pardis,120,670000000.0,976674879.8067818,733563651.0527629,931593078.9657823
D21-01409,Shahr-e-Ziba,100,4700000000.0,3316070652.493425,3475498048.801706,3294905628.9428263
D21-01410,Andisheh,105,3400000000.0,1327853809.827866,1317910611.153717,1353833953.9475658
D21-01411,Punak,75,2980000000.0,2945428687.6028304,2781114432.874322,2954113230.7738843
D21-01412,Tenant,51,1380000000.0,1244525114.1383688,1371652488.0339205,1410276019.2394438
D21-01413,Shahr-e-Ziba,89,4100000000.0,2938599194.6778297,3147187773.088266,2933924123.89724
D21-01414,Saadat Abad,130,10500000000.0,9501771652.899874,8993922041.975092,8194946527.38801
D21-01415,Pasdaran,140,10000000000.0,8858150669.171547,8889272431.350872,8437679328.463752
D21-01416,Punak,100,5650000000.0,3979967582.3896165,4221405016.95522,3938817641.031842
D21-01417,Farmanieh,290,37000000000.0,31027230704.374683,39644897922.10541,25427185405.83127
D21-01418,Farmanieh,290,34000000000.0,33405844030.73218,34922794646.22024,25081865822.21545
D21-01419,Farmanieh,200,35000000000.0,21030347841.700733,20528417405.384487,17535989935.056026
D21-01420,Aqdasieh,200,34800000000.0,13683472382.636614,15154448941.236427,11626387032.415993
D21-01421,Damavand,450,3850000000.0,6516819087.262424,4376078571.940975,5896738069.933347
D21-01422,Andisheh,37,355000000.0,331510244.16657794,267165509.99012896,510452672.7872247
D21-01423,Gheitarieh,140,8900000000.0,12792976621.56047,9032671159.379108,10899042876.02939
D21-01424,Sadeghieh,150,5400000000.0,6130481268.27771,6909077885.811344,5373546315.051154
D21-01425,Damavand,465,3300000000.0,6019546430.345137,3492918055.101807,5894921628.037121
D21-01426,Gheitarieh,160,9800000000.0,14813767066.73594,12114698680.542044,12594624027.654404
D21-01427,Andisheh,403,13000000000.0,7467989827.187845,10519058410.674324,5559795327.925704
D21-01428,Pakdasht,165,1200000000.0,1677795712.6046422,1646919889.5957966,1668720734.7112734
D21-01429,Andisheh,405,11000000000.0,6695043968.926353,13767381949.453434,5221930965.226335
D21-01430,Andisheh,400,11000000000.0,6619151086.391899,8038271695.694873,5349248223.095598
D21-01431,Pardis,87,550000000.0,642411448.0126524,658796919.6635123,684137083.8653122
D21-01432,West Ferdows Boulevard,88,3100000000.0,3208256717.023727,3392166121.3517528,3189813381.7276187
D21-01433,Heravi,145,9000000000.0,8741150948.790253,8272188328.804129,7557544541.810923
D21-01434,Air force,86,2924000000.0,2758553563.822567,2366779628.2186236,2750295139.649346
D21-01435,Pasdaran,350,1000000000.0,24790657189.74427,33062916842.084003,22998259383.657845
D21-01436,Kook,200,12000000000.0,10704429350.51791,14454420406.326914,9165151389.911688
D21-01437,Velenjak,115,12650000000.0,10541034528.013664,8619069781.398476,9058930783.126827
D21-01438,Gheitarieh,90,7000000000.0,7197024465.58347,6640299326.7395935,6955833205.522627
D21-01439,Gheitarieh,107,6420000000.0,9735019646.24919,7870704004.691163,8422654818.493874
D21-01440,Pirouzi,84,2688000000.0,2282952938.001185,2133542585.0264385,2312117272.880517
D21-01441,Pardis,112,480000000.0,825141481.1301634,876288654.3595521,869486873.7013966
D21-01442,Persian Gulf Martyrs Lake,114,3690000000.0,3309090523.0763006,2851016838.163723,3283900050.5243173
D21-01443,Pardis,120,650000000.0,989028042.1857924,709570688.1692412,943637357.0556037
D21-01444,Persian Gulf Martyrs Lake,113,3800000000.0,3278715399.7450676,2736317330.2603955,3255093909.730242
D21-01445,West Pars,84,3100000000.0,2790537527.4295173,2380410857.535192,2790932933.9508305
D21-01446,Shahran,45,1580000000.0,1075223825.9079072,1276589038.1131313,1597671149.5727036
D21-01447,East Ferdows Boulevard,53,1920000000.0,1593201345.33688,1954097924.314421,1949750258.507817
D21-01448,Pardis,155,1900000000.0,1173609955.9577024,1386373535.557623,1218864919.530154
D21-01449,Shahran,56,2450000000.0,1771769012.4113111,2314171768.7024736,1988212986.1349177
D21-01450,East Ferdows Boulevard,67,2380000000.0,2412285322.331093,2545223528.392751,2464778628.679693
D21-01451,East Ferdows Boulevard,79,2600000000.0,2853410062.5161266,3007442317.3867717,2854074871.902769
D21-01452,Gheitarieh,65,4225000000.0,4612424287.260635,3681975886.642688,4986953908.202862
D21-01453,Rudhen,113,1550000000.0,2467897749.826067,2585273089.153019,2488428097.634748
D21-01454,Aqdasieh,54,3500000000.0,2597375765.3524103,3270692113.8638926,3137213269.7350283
D21-01455,Velenjak,170,15700000000.0,13344380628.366861,12611119183.041927,14365054205.633606
D21-01456,Jeyhoon,42,1050000000.0,733171426.5084494,876071291.6239194,984635579.0012473
D21-01457,Pakdasht,160,910000000.0,1420583460.4782372,1330735489.48633,1654165061.0052688
D21-01458,Punak,56,2850000000.0,2077668357.8346472,2297142809.2027836,2326317315.56824
D21-01459,Rudhen,75,1000000000.0,1433194586.4113255,807900791.8140547,1473167955.4488666
D21-01460,Rudhen,80,750000000.0,1390282834.3312416,958234833.8549001,1579112289.5950081
D21-01461,Farmanieh,41,2530000000.0,2849896056.3319616,2336001647.9425755,3652035607.7776723
D21-01462,Rudhen,117,1580000000.0,1949711961.9366238,1198599901.2782462,2296279507.1602316
D21-01463,Abazar,88,5600000000.0,3863748667.724906,4644252949.213455,3830468156.8282247
D21-01464,Abazar,114,6700000000.0,5050112657.1657915,6079765940.936257,4926135739.731237
D21-01465,Shahrake Qods,75,735000000.0,695378641.2376847,696154031.5196764,724036701.2094024
D21-01466,Andisheh,160,3000000000.0,2407439103.7964306,2379788001.174884,2215997768.9915524
D21-01467,Abazar,87,5600000000.0,3889393883.473233,4854909380.908602,3851891996.160804
D21-01468,Abazar,104,3400000000.0,4785192946.635138,5527741306.420332,4683047815.760968
D21-01469,Shahrake Qods,90,665000000.0,670702180.5660204,756990565.9766586,885123848.2672644
D21-01470,Andisheh,120,1800000000.0,1378335905.0642982,1238425735.2623641,1547238804.5115042
D21-01471,Shahrake Qods,88,760000000.0,784603537.1066221,779411805.825582,959266963.0759816
D21-01472,Abazar,76,3000000000.0,3307946329.3071775,3565898568.2696695,3284090493.15416
D21-01473,Southern Janatabad,85,3600000000.0,3215740698.572082,3589667722.6489635,3212128055.238524
D21-01474,Northern Janatabad,71,2600000000.0,2139962800.6293902,2037542808.9703903,2807485825.3418956
D21-01475,Heravi,200,14950000000.0,12128567392.332706,14323289265.110895,10431914832.89255
D21-01476,Air force,104,4200000000.0,3487136910.790774,3128948990.7013307,3325938308.4131513
D21-01477,Aqdasieh,165,20000000000.0,11125116826.43089,11282412564.035107,9585929435.301445
D21-01478,Abazar,82,3800000000.0,3745473478.6575065,4409642256.561031,3693277018.0380015
D21-01479,Gheitarieh,115,8300000000.0,9231800331.58992,9201780698.906,8888009095.945572
D21-01480,Gheitarieh,350,35000000000.0,36301659982.27625,52471982011.608986,25413377949.61241
D21-01481,Abazar,106,4500000000.0,4823646679.866619,5581762269.544656,4693109788.425818
D21-01482,Karoon,40,880000000.0,615124297.150447,1220915726.160155,851790823.7715145
D21-01483,Gheitarieh,130,12000000000.0,10490218848.449387,9475093533.06453,9973907816.405743
D21-01484,Jeyhoon,46,750000000.0,853206012.6185713,992427351.5305233,1082722027.609215
D21-01485,Dehkade Olampic,121,4840000000.0,4297086992.913762,3230093165.948717,4174710581.053762
D21-01486,Jeyhoon,80,1500000000.0,1858470703.2710311,1881611742.2890952,1874970886.2303536
D21-01487,Ostad Moein,154,4000000000.0,4670248546.092702,4713426570.811657,4178684438.9338427
D21-01488,Jeyhoon,60,1020000000.0,960733884.5098523,955423338.819263,1406622255.7160664
D21-01489,West Ferdows Boulevard,68,2300000000.0,2357395911.2804275,2482334217.7602363,2409276516.338326
D21-01490,Andisheh,89,1100000000.0,1163849393.1701155,1079072042.7996037,1147535446.6793685
D21-01491,Jeyhoon,70,1600000000.0,1609594226.9605956,1832179767.2701619,1647620476.7966278
D21-01492,Qasr-od-Dasht,45,1300000000.0,935855189.2040185,1166352834.7896624,1074286622.6460612
D21-01493,Amirabad,113,5080000000.0,4383032619.106429,5046640073.804791,4268256393.968641
D21-01494,Dorous,85,4200000000.0,4834066578.318864,5123185968.858996,4722646880.602399
D21-01495,Vahidieh,42,975000000.0,1236331918.556322,1319066949.9014142,1337163563.9579005
D21-01496,Shahran,108,4300000000.0,3847769817.360016,4440526012.393359,3797136404.0966597
D21-01497,Punak,82,2900000000.0,3431010018.9374566,3578885382.644024,3406393212.0820627
D21-01498,Punak,76,4250000000.0,3398479026.1728325,2955266748.1797156,3156355268.635179
D21-01499,West Ferdows Boulevard,68,2200000000.0,2394714201.184479,2447938639.8410606,2422859728.6855955
D21-01500,Punak,79,3250000000.0,3275529368.8204026,3066996500.44641,3280948239.7655125
D21-01501,Punak,71,2700000000.0,2781263079.1060667,2733164309.074391,2796560525.1326094
D21-01502,Punak,73,3550000000.0,2863293747.6539974,2733164309.074391,2875336877.953243
D21-01503,Shahrake Qods,89,1610000000.0,827411895.7830647,997366145.4942325,859190218.7684894
D21-01504,Shahr-e-Ziba,85,2750000000.0,2788472320.9498525,3028804002.042183,2801731077.9297714
D21-01505,East Ferdows Boulevard,96,3950000000.0,3569912523.814911,3810050485.048231,3531623109.750012
D21-01506,Andisheh,95,1200000000.0,1275559251.3270397,1235823160.6141567,1315748675.338738
D21-01507,Punak,60,2050000000.0,2435800693.2514157,2293273400.2524567,2449408083.633415
D21-01508,Parand,88,485000000.0,438595334.2692496,527042316.64860976,515091188.65159106
D21-01509,Pasdaran,145,1450000000.0,10261046055.612436,11368561747.250559,8951479833.81553
D21-01510,Malard,75,250000000.0,1409435958.4746487,1108640089.075344,1874145919.990302
D21-01511,Gholhak,145,7850000000.0,8127231827.882438,9314008859.639286,7059883997.217386
D21-01512,Ostad Moein,105,2910000000.0,3060687322.9743547,2841634808.156069,2782212948.773212
D21-01513,Tehransar,100,2000000000.0,2220398926.1900463,1775002061.206411,2863038286.0268
D21-01514,Feiz Garden,67,2120000000.0,2489868489.674331,2570705419.3584843,2479703144.7675614
D21-01515,Jeyhoon,78,2250000000.0,1897615595.8811495,1781021202.775566,1828608932.4308836
D21-01516,Gheitarieh,125,12500000000.0,10402369506.189135,7653783294.93068,9839550021.605001
D21-01517,Shahran,91,3350000000.0,3255125320.131852,3398286369.856418,3230846102.469233
D21-01518,Gheitarieh,195,19000000000.0,16781575067.788374,18173939677.18442,14158882000.498362
D21-01519,Pardis,87,585000000.0,584078441.8263453,620593723.3073689,678460979.2639982
D21-01520,Punak,99,4200000000.0,3938332437.8279643,4221405016.95522,3899429464.621532
D21-01521,Punak,113,5100000000.0,4765477126.662078,4796393603.919106,4688595504.107368
D21-01522,Punak,100,4300000000.0,4223078094.054923,4579230728.793998,4154138063.5147223
D21-01523,Zaferanieh,200,24000000000.0,19000315922.52881,23933872116.040333,16138473184.889738
D21-01524,Pardis,106,560000000.0,806731813.632208,736902994.2564592,846463681.200806
D21-01525,Shahran,105,3750000000.0,3775953065.9150314,4064685299.9369354,3728947902.830699
D21-01526,Zaferanieh,228,20292000000.0,22959381924.74457,23683006821.466774,19236761687.042088
D21-01527,Shahran,75,3650000000.0,2626989008.294673,2670914384.37442,2636900280.6226788
D21-01528,Shahran,84,3050000000.0,3292839852.215173,3214050939.818732,2983158322.264562
D21-01529,Shahr-e-Ziba,90,3150000000.0,2973166628.4240203,3147187773.088266,2966889563.491597
D21-01530,Ostad Moein,66,1580000000.0,1871532562.0104058,1487831032.700389,1791945137.1739593
D21-01531,Northern Suhrawardi,130,7800000000.0,5498264936.885819,6066229328.539771,4829169689.43254
D21-01532,Central Janatabad,101,4700000000.0,4158258128.967221,4335086211.948673,4089429882.4326906
D21-01533,Shahran,103,3220000000.0,2889026799.1922507,2525412416.587092,3681152495.396459
D21-01534,Pirouzi,60,1450000000.0,1471119609.0195541,1312670145.0745332,1653635716.2643375
D21-01535,Persian Gulf Martyrs Lake,123,360000000.0,3755910400.487889,2809439077.1223254,3665950391.219264
D21-01536,Punak,70,2700000000.0,2929864377.640525,2833749667.4866757,2904439692.809872
D21-01537,Velenjak,177,21700000000.0,16553731955.387957,17424046373.515884,13942876074.899572
D21-01538,Farmanieh,230,22000000000.0,24343113763.985023,23507530767.98856,20166388425.31444
D21-01539,Pardis,105,540000000.0,781685342.6178753,730495486.6876189,825682687.4236531
D21-01540,Pardis,87,810000000.0,569888287.2685785,587700958.7578611,694739059.0987755
D21-01541,Pardis,104,590000000.0,763574862.4553281,695977412.3826156,807380668.4370106
D21-01542,Pardis,105,555000000.0,781685342.6178753,730495486.6876189,825682687.4236531
D21-01543,Elahieh,310,45500000000.0,34652529305.36465,51201976096.174904,28432238854.137917
D21-01544,Shams Abad,108,4550000000.0,3978653120.818964,4441907225.894529,3920481453.236935
D21-01545,Pardis,105,540000000.0,798767821.4601077,707692813.7000848,838478174.7743847
D21-01546,Central Janatabad,75,2750000000.0,2752959405.3469505,2348007289.4580326,3036705358.242098
D21-01547,Shams Abad,108,4130000000.0,4099043726.23562,4184828118.360983,4010810362.181905
D21-01548,Pardis,105,550000000.0,798767821.4601077,707692813.7000848,838478174.7743847
D21-01549,West Ferdows Boulevard,116,5050000000.0,4219097720.3548126,4620979199.059932,4109942292.5771494
D21-01550,Shams Abad,43,1800000000.0,1382730094.3686118,1669864693.462026,1560932430.4554453
D21-01551,Jeyhoon,64,920000000.0,1102665589.0555098,1075396906.1841369,1506395864.4997754
D21-01552,Salsabil,48,1048000000.0,827326861.9771352,753015145.7208055,1044227988.9447638
D21-01553,Andisheh,134,1100000000.0,2035226603.963616,1639993971.3333888,1848666436.5807586
D21-01554,Andisheh,134,1100000000.0,1984363313.4940457,1810511114.8219213,1855898131.53043
D21-01555,Pardis,100,650000000.0,600854931.779469,843395963.0003425,798550642.642271
D21-01556,Farmanieh,230,20700000000.0,23527831309.540356,24965278803.55249,19892514272.791553
D21-01557,Velenjak,238,46900000000.0,20856421722.040966,31912453397.31745,17539116373.720715
D21-01558,Salsabil,48,995000000.0,892934352.8513863,921911642.1536213,1104407567.4528341
D21-01559,Aqdasieh,270,14500000000.0,21108475076.684753,25458514980.370663,15686066348.67513
D21-01560,Andisheh,105,1100000000.0,1054854860.5734376,894297874.8656543,1404177658.5625947
D21-01561,Pardis,105,550000000.0,801499692.8100809,730831996.0115929,835652378.3398968
D21-01562,Pardis,86,780000000.0,648164420.5676271,664228125.5073187,686753552.6723526
D21-01563,West Pars,130,6760000000.0,5064293853.703359,5725234016.163935,4519830423.207419
D21-01564,Pardis,87,960000000.0,637068093.7416404,670770892.5789323,678460979.2639982
D21-01565,Shahrake Qods,80,1200000000.0,641540358.237492,589218079.8061161,872060875.5236189
D21-01566,Yousef Abad,112,5600000000.0,5992871013.160738,6607070943.908197,5765455555.794166
D21-01567,Pardis,120,1800000000.0,838964280.8508035,1040235777.4924008,955031289.5313108
D21-01568,Pardis,125,2100000000.0,925617292.0615405,1045379147.6229564,970409457.2560221
D21-01569,Pirouzi,100,2600000000.0,2802715781.248176,2628519811.682768,2803142251.425656
D21-01570,East Ferdows Boulevard,123,5600000000.0,5007393883.561278,4840508580.265175,4472144895.536198
D21-01571,Pirouzi,100,4000000000.0,2739858670.627755,2724427558.0503225,2752520562.953003
D21-01572,Northern Janatabad,88,2980000000.0,3500595312.2947083,3812757619.1266074,3479700741.268832
D21-01573,Pardis,87,720000000.0,633496040.5207942,663461978.9701078,675404982.2501917
D21-01574,Ostad Moein,66,1580000000.0,1811561625.946121,1633825041.136683,1748819567.800303
D21-01575,Pardis,85,730000000.0,618265932.1726604,656510801.9624605,659878430.9340955
D21-01576,Sattarkhan,84,2600000000.0,2343396331.85401,1774641164.9668002,3039546104.3454394
D21-01577,Yousef Abad,110,5700000000.0,5760917607.48559,6264976582.301668,5629579708.156286
D21-01578,Niavaran,170,22100000000.0,17971955422.30825,15189703502.750887,15217463577.53207
D21-01579,Niavaran,220,19800000000.0,24141448576.26216,25502411786.11636,20108408278.58723
D21-01580,Yousef Abad,101,5500000000.0,5282457169.821906,5563417450.200047,5168977732.034408
D21-01581,Gheitarieh,100,6800000000.0,8009986074.276663,7750672566.826861,7728703561.691825
D21-01582,Kook,193,13000000000.0,9767773422.744041,14526710740.190708,8426267036.844897
D21-01583,Andisheh,45,395000000.0,404434129.7083747,318929354.14347035,620820818.254733
D21-01584,Pirouzi,86,2050000000.0,2469130553.3215756,2238524302.5266614,2374047126.355649
D21-01585,Islamshahr,138,1690000000.0,2173533076.451038,1923228277.5795314,1985103169.364587
D21-01586,Tehransar,100,2000000000.0,2296890136.7556977,1816143318.2999678,2883592036.882899
D21-01587,Saadat Abad,55,4000000000.0,3133062035.9039154,3875778577.194069,3452355798.1659355
D21-01588,Gheitarieh,100,8200000000.0,8119574979.111404,7679896108.336612,7785030625.735286
D21-01589,Persian Gulf Martyrs Lake,108,3024000000.0,3259565114.1375093,3110159198.3306723,3218883270.338871
D21-01590,Gheitarieh,94,8350000000.0,7610399258.729186,7277782042.602922,7317928788.191172
D21-01591,Gheitarieh,101,8800000000.0,7661825245.2629595,7008040917.822188,7333574779.7453
D21-01592,Gheitarieh,101,8500000000.0,8091354969.151063,7763451869.497435,7805990597.308721
D21-01593,Gheitarieh,99,8400000000.0,7010460517.724647,7024201144.619696,7188355477.176097
D21-01594,Shahrake Gharb,97,7500000000.0,7436460258.149719,7524124327.823948,7155887291.089598
D21-01595,Gheitarieh,126,11500000000.0,10152721949.207811,8979333731.202692,9667018345.131704
D21-01596,Pardis,105,525000000.0,801499692.8100809,730831996.0115929,835652378.3398968
D21-01597,Tarasht,101,3345000000.0,3615032295.0330524,3736184812.084344,3577546335.0118785
D21-01598,Gheitarieh,100,8300000000.0,8009986074.276663,7750672566.826861,7728703561.691825
D21-01599,Shahrake Qods,90,990000000.0,936136079.4059627,1055666885.6231688,981068484.9640716
D21-01600,Saadat Abad,146,10800000000.0,10183766328.81436,9192135178.622087,8797040233.289276
D21-01601,Salsabil,90,2550000000.0,1924874749.704083,1399356187.8040519,1935871923.1514823
D21-01602,Shahrake Azadi,60,1680000000.0,1276452787.0866647,821874977.4739068,1734472968.3093402
D21-01603,Shahrake Gharb,130,14300000000.0,10550090469.77211,10301198090.502745,9067453759.029915
D21-01604,Air force,85,2700000000.0,2700114196.411335,1991287093.4949563,2904848088.032181
D21-01605,Shahrake Qods,80,560000000.0,531259905.37976325,602239196.7253517,781763856.805995
D21-01606,Pasdaran,132,9900000000.0,10069565870.227055,9686355940.477533,8741590649.037788
D21-01607,Tarasht,115,4600000000.0,4043379389.324698,3500342168.8923507,3947077940.175589
D21-01608,Pirouzi,70,1550000000.0,1506633937.3993711,1303237504.2459254,1926764394.067097
D21-01609,Pirouzi,145,3900000000.0,4518784771.126294,4840116145.178723,4002753875.832193
D21-01610,Punak,88,2980000000.0,3694210573.307457,3954447740.22293,3655641495.892949
D21-01611,Beryanak,54,830000000.0,712295481.4538066,550367054.9715365,1076533381.3768313
D21-01612,Pirouzi,65,1650000000.0,1599675532.4013898,1428702995.1073678,1791438692.619696
D21-01613,Dehkade Olampic,70,2000000000.0,1910965175.067502,1869245917.5430725,2288639686.706178
D21-01614,Ostad Moein,63,1380000000.0,1511558295.7398622,1519436710.7079377,1709461815.9274788
D21-01615,Zaferanieh,190,13000000000.0,18604547131.470726,22815131848.65326,15667346151.803885
D21-01616,Qasr-od-Dasht,57,1200000000.0,1197655140.2551584,1352377552.0812697,1360763055.351674
D21-01617,Velenjak,144,12000000000.0,14491674456.034103,10675296560.246778,12472125680.432392
D21-01618,Shahr-e-Ziba,85,3450000000.0,2784745412.7560067,2803337318.8576922,2785424388.7328153
D21-01619,West Pars,65,2000000000.0,1943345202.0714965,1839509449.3627005,2351929162.4762883
D21-01620,Parand,88,520000000.0,459527174.83874226,543307651.6734499,511951542.1622019
D21-01621,Darband,74,4100000000.0,2529178558.575295,1556024727.858505,2552361989.244067
D21-01622,Parand,76,365000000.0,336045783.6920606,412409836.5790125,445067458.78146774
D21-01623,Parand,88,580000000.0,414780630.6869165,536350285.46850026,511951542.1622019
D21-01624,Punak,49,2694000000.0,1820103196.53443,2158101013.0724235,2035018528.462152
D21-01625,Vanak,287,57500000000.0,12436329900.360558,12546124588.15247,10022222222.222229
D21-01626,Punak,95,3900000000.0,3651722123.061518,3997298295.277416,3941739583.0991173
D21-01627,Air force,65,1690000000.0,2027664885.159627,1830574973.547731,2270588028.8998113
D21-01628,Niavaran,86,5580000000.0,8230940760.33221,6679341936.699291,7860559599.811373
D21-01629,Kamranieh,86,5500000000.0,5944528498.851461,6009341922.515872,5790867425.226509
D21-01630,Golestan,90,690000000.0,1419307411.2135892,1127307456.076634,1447883324.7205894
D21-01631,Ekhtiarieh,62,3300000000.0,3459933377.414434,3055482616.645398,3690393294.8866925
D21-01632,Gheitarieh,157,13600000000.0,14210289934.833187,12670310672.669415,12134064591.856134
D21-01633,Southern Chitgar,90,690000000.0,2205093747.065297,1603434002.3500612,2227876572.7225757
D21-01634,Gheitarieh,190,15500000000.0,16313165390.899555,15559712494.714207,13795833744.075315
D21-01635,Railway,90,1315000000.0,3022040121.702887,3147187773.088266,3013733802.1393976
D21-01636,Gheitarieh,150,11000000000.0,13750951530.942331,11747959727.365181,11677545938.602962
D21-01637,Shahrake Qods,70,735000000.0,635858608.007852,696451411.9154102,684043374.7052455
D21-01638,Tehran Now,91,3000000000.0,2767897861.8898935,2041968226.9676657,2773156025.836662
D21-01639,Gheitarieh,155,14700000000.0,13886205370.031689,11179722245.60248,11891967011.868359
D21-01640,Niavaran,245,21560000000.0,27167142431.020866,33376385650.615135,22601858736.942062
D21-01641,West Ferdows Boulevard,120,5000000000.0,4377897186.483414,3893279117.3343015,4251664440.5970435
D21-01642,Gheitarieh,150,13000000000.0,12184667848.372093,11429446524.91305,11508355172.775826
D21-01643,West Ferdows Boulevard,65,2250000000.0,2144878966.8889463,2073010951.1590087,2374552687.9952817
D21-01644,West Ferdows Boulevard,106,3900000000.0,3926692881.9014187,4132551051.944506,3872347460.423082
D21-01645,Gheitarieh,100,8400000000.0,8119574979.111404,7679896108.336612,7785030625.735286
D21-01646,Gheitarieh,125,11000000000.0,9665824728.123436,8111381297.829659,9076206410.575884
D21-01647,Feiz Garden,57,1890000000.0,1944320366.5468616,2373911908.3679223,2153091507.490946
D21-01648,Niavaran,160,16800000000.0,17302746779.788795,15154286357.092367,14683220427.635593
D21-01649,Beryanak,43,1200000000.0,608225185.374934,452874694.5323596,838326742.763533
D21-01650,Feiz Garden,115,3500000000.0,4835945330.831303,4972925056.572363,4256206890.272682
D21-01651,Feiz Garden,80,2900000000.0,2898131653.73173,3176638393.388779,2893702188.2446938
D21-01652,Southern Janatabad,93,4600000000.0,3477486002.7279825,3689873902.03404,3445318187.466841
D21-01653,Qasr-od-Dasht,65,2050000000.0,1562874372.9192007,1671826850.7374547,1523626070.1910756
D21-01654,Southern Janatabad,90,3000000000.0,3427280642.5846114,3756114284.6878395,3401049031.8569045
D21-01655,Andisheh,200,2000000000.0,2543336026.9799695,3871182712.637364,2732664214.7552752
D21-01656,Shahrake Gharb,135,9000000000.0,10798637642.840015,9599316248.353031,9347309978.909029
D21-01657,Azarbaijan,63,1340000000.0,1275460280.082825,1084067699.886773,1717885719.1643386
D21-01658,Azarbaijan,53,1500000000.0,1278268028.3304658,1321727525.3913014,1448199636.7376976
D21-01659,Qasr-od-Dasht,50,810000000.0,813859377.2182451,831272305.4949526,1172020053.993137
D21-01660,Qasr-od-Dasht,72,1615000000.0,1480826440.77642,1394244187.1953733,1638952488.0356088
D21-01661,Saadat Abad,148,12500000000.0,10808735065.33428,11080895407.701014,9351989990.410042
D21-01662,Azarbaijan,80,2480000000.0,2142271544.0706928,1822009328.2901232,2166820828.1400805
D21-01663,Andisheh,60,950000000.0,773900175.0633951,824131677.1615973,819799264.4265827
D21-01664,Shahrake Gharb,102,9898000000.0,7541873156.843969,7112893491.02612,7220058198.641383
D21-01665,Mirdamad,95,5500000000.0,5283703063.504827,5694474516.065292,5171013641.027559
D21-01666,Ray,83,1700000000.0,1975328034.1449797,1837753022.2891383,1990147060.3998048
D21-01667,Gheitarieh,95,8300000000.0,7167124805.872059,6864342513.262409,6897916872.037669
D21-01668,Salsabil,83,2300000000.0,1751569192.8922825,1682575204.725263,1785304106.9063647
D21-01669,Northern Chitgar,60,875000000.0,940451854.7795764,698568812.6837709,1084286723.6754744
D21-01670,Jeyhoon,65,1400000000.0,1480003880.9770048,1578900913.2314472,1526934012.9628212
D21-01671,Gheitarieh,90,8200000000.0,7197024465.58347,6640299326.7395935,6955833205.522627
D21-01672,Heravi,200,14000000000.0,12505443235.751883,15314491252.8533,10712008215.469824
D21-01673,Jeyhoon,53,1420000000.0,1093666989.2756379,1408718935.0979009,1243566470.4177449
D21-01674,Beryanak,43,1250000000.0,745780575.0725995,568598530.0716776,857239544.4296969
D21-01675,Southern Janatabad,97,3880000000.0,3706777602.9741836,4057890389.8903065,3665575067.667997
D21-01676,Jeyhoon,42,960000000.0,903683672.3334941,1023418429.3857733,984635579.0012473
D21-01677,Abazar,120,3880000000.0,5521930792.64113,6785226673.033718,5312954477.4631815
D21-01678,Sattarkhan,97,3580000000.0,4071164622.2842445,5380531058.941379,4025934167.0503464
D21-01679,Southern Janatabad,97,3500000000.0,3629463797.751376,4006973266.9967117,3593503915.9600377
D21-01680,Southern Janatabad,90,3280000000.0,3373233157.4995794,3293977920.2179017,3354616477.554659
D21-01681,Central Janatabad,97,3600000000.0,3943843585.027323,4177163834.676133,3890543595.9398327
D21-01682,Southern Janatabad,90,3680000000.0,3363570031.725579,3474383701.255839,3334178891.096942
D21-01683,Gheitarieh,198,13500000000.0,17986923167.507454,21606202100.605965,15302833052.149765
D21-01684,Zafar,929,80000000000.0,56548046651.38819,72721576868.96153,41582774664.487175
D21-01685,Punak,90,4680000000.0,3718641926.6658845,3589647540.619033,3674112125.45012
D21-01686,Punak,150,9400000000.0,6698904873.256056,6798160090.1304245,5908226461.54778
D21-01687,Southern Janatabad,136,6200000000.0,5739931055.418554,5379524400.751302,5038314768.768719
D21-01688,Southern Janatabad,120,4100000000.0,4615400781.616977,4085207482.55827,4472821970.072874
D21-01689,Punak,90,3520000000.0,3782133248.299369,4081217702.7258577,3738724257.163242
D21-01690,Absard,550,4500000000.0,11102667727.074423,4265758104.689816,9921114207.587801
D21-01691,Punak,50,2500000000.0,1829595638.038166,2255720365.900042,2041173403.0278454
D21-01692,Mirdamad,90,6000000000.0,4921219749.141631,5284720761.588533,4804432045.984862
D21-01693,Punak,55,2300000000.0,2064284350.5254247,2311998440.7344775,2284204470.7228255
D21-01694,Jeyhoon,75,2350000000.0,1730125275.3106282,1834453842.8550012,1765307653.7106729
D21-01695,Punak,47,2100000000.0,1640235737.9498558,2165047229.714302,1851244291.2849696
D21-01696,Punak,65,2250000000.0,2483644953.525574,2271393937.5020833,2696979714.7520223
D21-01697,Zaferanieh,420,92400000000.0,45294228162.38821,43600907242.98158,33890793688.2684
D21-01698,Southern Janatabad,124,5950000000.0,5225851576.259544,4387681120.354364,4593757583.289117
D21-01699,Punak,86,4250000000.0,3546356596.076204,3430491236.809248,3510818253.2078853
D21-01700,Punak,70,3100000000.0,2624264072.9779816,3037634405.130479,2907896644.4602976
D21-01701,Velenjak,181,13600000000.0,17114297143.203892,17699033550.519295,14463078565.799385
D21-01702,Punak,68,2230000000.0,2600123399.1100383,2374740799.4584236,2821455701.5867324
D21-01703,Yaftabad,85,1250000000.0,2961350716.418111,2170981237.1726413,2968253968.2539673
D21-01704,Punak,67,2600000000.0,2733050342.615683,2649450304.7813754,2735172360.0573087
D21-01705,Ozgol,72,4500000000.0,2857155053.533798,3645230052.001152,3169952688.986863
D21-01706,Central Janatabad,145,6150000000.0,6655097120.160289,7492758669.179127,5815761045.477069
D21-01707,Shahrake Gharb,116,9860000000.0,8967614614.062407,10066021311.824656,8557555935.73602
D21-01708,Northern Janatabad,65,2700000000.0,2167708007.91219,2454076077.8589354,2422754001.30539
D21-01709,Ozgol,125,9300000000.0,6100076494.606125,7728175737.795696,5928585674.0102215
D21-01710,Saadat Abad,143,11200000000.0,10451767644.39348,9541234587.372736,9116954011.423952
D21-01711,Saadat Abad,150,14800000000.0,10961618397.734808,11699139013.457134,9478368233.523691
D21-01712,Southern Janatabad,88,2560000000.0,3334595340.762268,3661004732.108834,3325497280.7175255
D21-01713,Elahieh,380,50000000000.0,45134920192.58304,44828562253.60567,33277832184.89358
D21-01714,Ostad Moein,95,2990000000.0,2558274982.913958,2684395145.397549,2577759881.160484
D21-01715,Shahran,58,2850000000.0,1811857552.939249,2139566191.6315024,2039202883.6815367
D21-01716,Farmanieh,190,25000000000.0,19931076926.954586,19486439062.48542,16659190438.303202
D21-01717,Ekhtiarieh,120,7700000000.0,7405498150.515011,7896634369.671298,7142696699.780681
D21-01718,Shahrakeh Naft,130,7500000000.0,5430943156.976746,6417716237.868843,4833465545.222818
D21-01719,Punak,85,2800000000.0,3164077618.666994,2873523454.095696,3469994785.1473427
D21-01720,Islamshahr,100,1100000000.0,1337517576.0623403,1625212519.677977,1501076489.04418
D21-01721,Gheitarieh,115,9500000000.0,9231800331.58992,9201780698.906,8888009095.945572
D21-01722,Shahr-e-Ziba,76,2480000000.0,2509334687.224394,2417956289.7912254,2504128277.996556
D21-01723,Punak,125,6000000000.0,5026693364.965975,6022583927.022859,4923522051.289815
D21-01724,Punak,110,3900000000.0,4636992829.41002,4630621849.493855,4564119517.272656
D21-01725,Punak,96,4150000000.0,4038155326.1150413,4379260033.247187,3983231578.7106833
D21-01726,Islamshahr,75,1250000000.0,944541414.9704694,830840381.7920977,1060541388.6252265
D21-01727,Central Janatabad,105,4300000000.0,4284922626.0562143,4465623061.878977,4211413170.8627005
D21-01728,Heravi,160,7000000000.0,10014244638.275045,10601023485.825506,8654201456.722925
D21-01729,Jeyhoon,76,1800000000.0,1743054687.825739,1974936405.6503146,1785338230.541144
D21-01730,Zaferanieh,290,15950000000.0,32142674378.528175,43313533992.42054,23838940033.979416
D21-01731,Zafar,110,5550000000.0,4158472303.1227107,4102674379.4109764,4923686989.336474
D21-01732,Andisheh,198,5200000000.0,2857400387.4218507,3617003147.9623656,2552944027.443982
D21-01733,Andisheh,105,1930000000.0,1315164522.0376291,1281152932.9215646,1353833953.9475658
D21-01734,Islamshahr,90,1098000000.0,1254227007.2264893,1060238192.2180853,1294632501.7595139
D21-01735,Islamshahr,63,882000000.0,779389535.5751773,734375846.6183145,906242751.2316605
D21-01736,Central Janatabad,100,3600000000.0,4095997398.685881,4403535326.201015,4048969413.981575
D21-01737,Islamshahr,117,1990000000.0,1861335604.2007048,1814613160.2009497,1756259492.18169
D21-01738,Islamshahr,91,1640000000.0,1206872039.4766483,1124862330.3777616,1365979605.0302026
D21-01739,Islamshahr,60,780000000.0,679123716.6720805,688565144.4521723,848433110.900182
D21-01740,Islamshahr,110,2530000000.0,1512393670.988957,1498504985.0829782,1555460703.3169985
D21-01741,Ostad Moein,96,2990000000.0,2532473964.705978,2484098875.7510633,2543737553.164082
D21-01742,Ekhtiarieh,113,4300000000.0,6954106268.573595,7750607547.118303,6726039392.293483
D21-01743,Persian Gulf Martyrs Lake,60,295000000.0,1547486768.5549061,946944373.9901798,1739194078.3285506
D21-01744,Southern Janatabad,74,2800000000.0,2781656356.916024,2737396891.5229473,2796440895.1488256
D21-01745,Dorous,155,9800000000.0,10499967622.019398,11141958804.971796,9123367028.504206
D21-01746,Ostad Moein,125,3900000000.0,3264217474.0873213,2970957811.6916237,3239418303.109495
D21-01747,Dezashib,49,3150000000.0,2679630240.3226185,3321229026.536493,2807603736.367332
D21-01748,Saadat Abad,148,12580000000.0,10329374692.955246,10278328482.75166,8917547633.745308
D21-01749,Qasr-od-Dasht,134,2950000000.0,3540151255.0625243,2442201373.101906,3198986831.879379
D21-01750,Central Janatabad,90,3600000000.0,3686859611.8101435,3589647540.619033,3644046429.8905187
D21-01751,Central Janatabad,110,4450000000.0,4261887929.564766,4853335361.95676,4436648646.10837
D21-01752,Punak,115,5405000000.0,4931764109.197978,5307205597.231804,4776063893.3295355
D21-01753,Darabad,90,5300000000.0,3745493368.44219,5004748563.037134,3717512350.0163794
D21-01754,North Program Organization,95,4300000000.0,3953322094.5030427,4316789434.914617,3899985541.076566
D21-01755,Pardis,105,750000000.0,801499692.8100809,730831996.0115929,835652378.3398968
D21-01756,Amir Bahador,63,1638000000.0,2595865308.1434817,2481626992.9284306,2578818744.8228383
D21-01757,Pasdaran,185,13000000000.0,13381371329.819893,13262260975.362944,11420853581.074995
D21-01758,Elahieh,250,40000000000.0,23749685897.233368,32677452849.573174,19863989523.832024
D21-01759,Northern Janatabad,88,3850000000.0,2978667624.889386,2868964853.1138806,3275224686.584046
D21-01760,Southern Program Organization,95,4300000000.0,3441122187.9288435,3721562620.4223537,3411792470.259301
D21-01761,Heravi,108,6400000000.0,5816515076.184869,6401401016.072217,5611903620.928244
D21-01762,Southern Janatabad,90,3780000000.0,3335393157.3021226,3440018399.078631,3310801486.0411496
D21-01763,Velenjak,160,9600000000.0,13765359130.140139,13811228278.92468,11791002604.182016
D21-01764,Parand,78,425000000.0,361491904.5309677,391489099.29888797,456779760.3283489
D21-01765,Persian Gulf Martyrs Lake,120,590000000.0,3864263830.7388325,2076834280.0999045,3478388156.6570954
D21-01766,Pasdaran,158,11060000000.0,11053784663.04507,12629667321.586937,9464945548.379742
D21-01767,West Ferdows Boulevard,56,2250000000.0,1795653589.2383718,2195449259.142351,2014117751.4647415
D21-01768,Pasdaran,155,13175000000.0,11858823537.86331,10281354183.071743,10184943441.334185
D21-01769,Southern Janatabad,100,5700000000.0,3783682099.7535706,3921469237.1887317,3727351641.727407
D21-01770,Saadat Abad,182,11500000000.0,13455813151.876122,15450008209.617796,11424159186.65817
D21-01771,Shahr-e-Ziba,63,2250000000.0,2037300430.5807781,2016870369.0380855,2064491017.5313783
D21-01772,Northern Chitgar,60,875000000.0,944947688.9590431,726465007.5427185,1084146142.2046282
D21-01773,Shahrake Qods,125,1030000000.0,1318880788.508799,1753577877.1305346,1362595118.005657
D21-01774,Shahrake Qods,53,395000000.0,367075677.14238536,411893949.69401866,517918555.1339712
D21-01775,Ekhtiarieh,150,9500000000.0,10355652545.784096,11084150843.74505,8928866192.735651
D21-01776,Punak,62,2200000000.0,2293493177.525234,2160955183.21184,2574921403.3602757
D21-01777,Ekhtiarieh,113,6000000000.0,6507287992.017434,6749835021.137826,6279099969.815434
D21-01778,Parand,93,650000000.0,462367462.485543,855826106.2636812,534410310.2328593
D21-01779,Damavand,84,2150000000.0,1058908476.0605851,954337033.9697694,1100724439.720892
D21-01780,Jeyhoon,83,2200000000.0,1929282614.9994044,1881611742.2890952,1945282294.4639966
D21-01781,Gheitarieh,150,13000000000.0,13849015775.85873,11292402402.033163,11807460025.926004
D21-01782,Ekhtiarieh,147,9600000000.0,9424701377.709976,9453916121.924812,8168386686.397051
D21-01783,Saadat Abad,75,5500000000.0,4617234451.287185,3501222977.6343784,4519027517.100655
D21-01784,Shahran,119,4700000000.0,4274740941.607512,4025194656.8402596,4224952595.536703
D21-01785,Saadat Abad,105,4800000000.0,6817182663.248208,5777681594.110946,6618995272.121073
D21-01786,Ekhtiarieh,115,6300000000.0,7168414003.057725,8295078902.986398,6901253728.981648
D21-01787,Velenjak,179,8055000000.0,15480319072.308018,14322431417.570585,13191184163.428612
D21-01788,Central Janatabad,86,3600000000.0,3486630848.648433,3660098817.797665,3449205238.922263
D21-01789,West Ferdows Boulevard,70,3650000000.0,2295626523.605814,2522683175.540922,2537351553.6469674
D21-01790,Shahr-e-Ziba,48,1750000000.0,1388048637.6821527,1437919791.9121754,1577016351.5989964
D21-01791,Komeil,70,1250000000.0,1467732776.1929333,1384109486.4475548,1756891463.7707896
D21-01792,Saadat Abad,102,6120000000.0,6763199117.415579,6256881961.296439,6503002161.994712
D21-01793,Pardis,85,470000000.0,672210396.8718688,663195316.4621673,662864175.1429869
D21-01794,West Ferdows Boulevard,72,2400000000.0,2376867742.4586935,2183575132.4875813,2589579966.1689544
D21-01795,Shahrake Qods,120,1050000000.0,1144124986.2343135,879518046.5148919,1172645785.2089915
D21-01796,Saadat Abad,180,14500000000.0,13301088255.451061,14932616241.266054,11298618975.815758
D21-01797,Saadat Abad,138,9300000000.0,10071870303.274698,9920930789.894594,8662274548.125423
D21-01798,Shahrake Qods,87,960000000.0,805868977.8073496,903961591.8382062,850168194.2765213
D21-01799,Abazar,705,91000000000.0,42444230897.31235,63316910720.57487,30687273301.862507
D21-01800,Saadat Abad,200,16000000000.0,14717713524.727364,17534548789.75773,12607610042.135397
D21-01801,Pardis,87,570000000.0,637068093.7416404,670770892.5789323,678460979.2639982
D21-01802,Shahr-e-Ziba,75,3350000000.0,2443801553.659228,2313914285.1430144,2457727401.8230667
D21-01803,Ostad Moein,66,1580000000.0,1730958481.4708102,1641459446.333186,1744398948.5870478
D21-01804,West Ferdows Boulevard,57,2900000000.0,1828228845.1419663,2216660858.2333584,2050084139.8837523
D21-01805,West Ferdows Boulevard,62,2650000000.0,1974273620.7652922,2254329805.52419,2209077987.919223
D21-01806,West Ferdows Boulevard,65,3100000000.0,2338745526.6135774,2294781899.782347,2356112156.9578967
D21-01807,Saadat Abad,70,3300000000.0,3024907124.6925087,3264243045.417594,4217759015.96061
D21-01808,West Ferdows Boulevard,65,2800000000.0,2124800166.846113,2265026889.148285,2356112156.9578967
D21-01809,Ostad Moein,100,2800000000.0,2639898979.2282963,2437095360.5138497,2643028709.9803777
D21-01810,Saadat Abad,210,16400000000.0,14881075822.5066,20083948909.18681,12653277047.881845
D21-01811,Saadat Abad,110,8900000000.0,7195518511.174612,7643082192.62432,6950803371.250718
D21-01812,West Ferdows Boulevard,68,2900000000.0,2357395911.2804275,2482334217.7602363,2409276516.338326
D21-01813,Saadat Abad,101,5555000000.0,6553466904.251686,5777681594.110946,6366843071.278368
D21-01814,Ekhtiarieh,85,5000000000.0,5183621278.466332,5307268945.67762,5059690842.550204
D21-01815,Saadat Abad,165,10500000000.0,12111177546.61979,13533896924.95896,10426205056.87607
D21-01816,Saadat Abad,300,30000000000.0,23764671897.675243,25455215682.495853,18076110068.402622
D21-01817,Shahrake Gharb,245,19000000000.0,20082480263.75238,32085873971.511883,17088662853.55636
D21-01818,Andisheh,105,1000000000.0,1295953294.4979634,1810570346.9740558,1434648712.746517
D21-01819,Saadat Abad,135,8800000000.0,8526018973.598097,8699282038.435877,8134249530.781175
D21-01820,Saadat Abad,130,9300000000.0,9420596441.534218,9843431964.04455,8288140010.385433
D21-01821,Saadat Abad,83,4600000000.0,5427719926.0007715,4891511794.866374,5001057118.924736
D21-01822,Saadat Abad,60,4650000000.0,3431788895.1471267,3876214497.5367494,3766206325.271928
D21-01823,Southern Program Organization,52,2750000000.0,1662917689.6238048,2336861724.2081556,1867507457.4050891
D21-01824,West Ferdows Boulevard,60,2850000000.0,2056797079.4766624,2145256948.1015663,2125832220.2985253
D21-01825,West Ferdows Boulevard,60,2850000000.0,2056797079.4766624,2145256948.1015663,2125832220.2985253
D21-01826,East Ferdows Boulevard,70,3000000000.0,2514110814.815467,2618201158.7729316,2528927101.6859946
D21-01827,Shahrake Gharb,140,11200000000.0,11217484384.2041,9785996663.50975,9693506644.794567
D21-01828,Saadat Abad,120,6800000000.0,7853942554.5129795,9355882976.182001,7532412650.543843
D21-01829,Shahrake Qods,62,510000000.0,516348746.56623447,596722770.7084845,609751984.3618939
D21-01830,West Ferdows Boulevard,70,2600000000.0,2468462088.7138147,2505188571.869815,2494120308.9410543
D21-01831,Saadat Abad,150,9500000000.0,10475068582.567015,10878520653.222332,9038055034.201326
D21-01832,Shahran,69,1850000000.0,2193987085.5363626,2180065192.4351044,2425948258.1728683
D21-01833,Pardis,97,770000000.0,739508651.6070881,718221337.1207361,771983625.704477
D21-01834,East Ferdows Boulevard,70,2600000000.0,2289373666.253589,2612257669.879043,2545123111.2807646
D21-01835,Jeyhoon,100,2300000000.0,2336141083.105366,2156698479.249239,2346351830.976885
D21-01836,West Ferdows Boulevard,75,2500000000.0,2473874579.2738276,2342830161.914356,2672271759.579702
D21-01837,Azarbaijan,103,3150000000.0,2821500124.4767475,2667007097.0265946,2808606810.6972504
D21-01838,Shahran,85,2650000000.0,3023620819.024618,3213144463.694119,3027709863.852304
D21-01839,Punak,150,10500000000.0,7045010737.930251,6501698300.087157,6229648556.5168
D21-01840,Qalandari,66,4250000000.0,2961274865.444791,3501375061.531989,2971003376.050814
D21-01841,Pardis,106,800000000.0,778946573.4412447,697068069.8665371,822907219.7531062
D21-01842,Pirouzi,101,3300000000.0,2907151196.7790427,2909707991.6636915,2788125113.5106983
D21-01843,Aqdasieh,290,27000000000.0,22134147044.256676,26063842805.7289,16847997189.317682
D21-01844,Saadat Abad,106,6000000000.0,6921966190.777139,6872801866.34406,6698046885.023427
D21-01845,Eram,107,2970000000.0,3816966067.1957793,3207981981.488565,3688759516.332518
D21-01846,Jeyhoon,122,3900000000.0,2861596559.0770392,1818028983.2036881,2860131919.956003
D21-01847,Shahrake Gharb,195,19500000000.0,15926605819.127062,21794446883.76337,13601180638.544865
D21-01848,Shahr-e-Ziba,98,3200000000.0,3248714481.28797,3475498048.801706,3229007516.3639812
D21-01849,Pardis,105,700000000.0,771259021.142296,708132137.7666358,815143944.0950594
D21-01850,Pardis,98,770000000.0,727389137.5397402,732741343.2988088,770637174.9287428
D21-01851,Gheitarieh,200,16000000000.0,18130674706.245293,17744135502.78483,15344473563.70114
D21-01852,Elahieh,400,63000000000.0,41996244495.43341,36543063295.90013,30766422692.538383
D21-01853,Ekhtiarieh,110,8300000000.0,6327126400.576024,6749835021.137826,6112398200.705286
D21-01854,Ostad Moein,95,2950000000.0,2505877073.29531,2354350773.3363323,2510877274.481355
D21-01855,Southern Program Organization,60,2400000000.0,1923084286.8254266,2246818392.051188,2154816297.005874
D21-01856,Parand,76,345000000.0,340863535.7699747,392132268.3577511,444851481.1081929
D21-01857,Gheitarieh,222,19800000000.0,20222654577.592884,21332382865.647087,17032365655.70827
D21-01858,Punak,120,6000000000.0,5110984060.787893,4811775916.446741,4984965676.21765
D21-01859,Ekhtiarieh,90,6000000000.0,5480538785.047146,5995093096.972683,5357022524.835516
D21-01860,Kamranieh,270,26500000000.0,21254904825.36282,24814108853.022377,17850915323.417957
D21-01861,Southern Program Organization,110,3580000000.0,3885479714.3671913,4430640527.774387,4159533647.1307583
D21-01862,Shahrake Qods,84,982000000.0,775631313.3675953,889638688.6798949,820852049.6462948
D21-01863,Shahrake Qods,76,870000000.0,703612598.6939046,658249548.4462398,747437916.3145775
D21-01864,Parand,75,400000000.0,333497416.52616256,358250870.12446356,436322337.07005966
D21-01865,Andisheh,170,3060000000.0,2672933108.0629897,2562667204.5079,2191921639.7246337
D21-01866,Andisheh,92,930000000.0,966697901.6970487,1130002219.1368303,1257025538.7874262
D21-01867,Parand,122,850000000.0,694304540.4370126,1008965840.4454657,718009472.9981433
D21-01868,Ekhtiarieh,170,7800000000.0,11740973931.110518,13384614349.23489,10118820324.689312
D21-01869,Pasdaran,147,8350000000.0,11237364285.35869,9182622019.504503,9659268941.13632
D21-01870,Jeyhoon,47,850000000.0,744631806.6311611,736649423.5727946,1101854100.3109188
D21-01871,Pasdaran,100,6000000000.0,6772143507.655396,6470627262.33917,6570931252.473692
D21-01872,Saadat Abad,180,13500000000.0,12670058805.699902,11549266015.72793,10845666041.041555
D21-01873,Northern Janatabad,90,3150000000.0,3376299742.5856304,3411182071.02915,3349661611.279136
D21-01874,Saadat Abad,180,13500000000.0,13223961107.133005,11769679480.719337,11346849037.921873
D21-01875,Shahr-e-Ziba,80,2550000000.0,2643541516.8368654,2755626397.2159376,2635924503.1542635
D21-01876,Pirouzi,59,1600000000.0,1500840384.417002,1266038630.9154487,1628706749.4765468
D21-01877,Pardis,87,850000000.0,662134047.2088854,652018541.9675274,692397684.9101998
D21-01878,Ostad Moein,50,1000000000.0,964848191.7072319,997831500.7805135,1321514354.9901865
D21-01879,Gheitarieh,123,7400000000.0,10901873026.764666,7826070139.877527,9436851241.676184
D21-01880,Feiz Garden,56,2200000000.0,1907174462.2456865,2373911908.3679223,2115317972.271809
D21-01881,Pardis,105,945000000.0,781975280.494587,688856717.4278148,818832216.3531017
D21-01882,Azarbaijan,57,1750000000.0,1356291641.5113983,1289017812.2273932,1536063392.7081723
D21-01883,Southern Janatabad,78,3500000000.0,2950545231.345884,2795298046.296732,2947575827.6093144
D21-01884,Southern Janatabad,92,3880000000.0,3455009267.074184,3460911329.198767,3429163510.3892074
D21-01885,Pardis,100,1050000000.0,762746189.6611603,711825755.3571565,795859407.9427615
D21-01886,Saadat Abad,152,9800000000.0,11114596266.424122,11998509056.06959,9604746476.637362
D21-01887,Shahrake Gharb,155,9000000000.0,13455999484.231394,12516971858.602118,11434665258.957626
D21-01888,Shahr-e-Ziba,115,3870000000.0,4145322544.8842254,4638088384.388257,3790577340.728517
D21-01889,Shahrake Gharb,145,11000000000.0,12548764721.828028,10434494276.032167,10696944919.670015
D21-01890,Yousef Abad,115,5400000000.0,6168024339.757611,6908063526.108287,5919887401.038655
D21-01891,Central Janatabad,60,2190000000.0,1970356166.7428799,2181240633.559314,2406422259.7132134
D21-01892,Gheitarieh,160,10200000000.0,14355261468.827644,12502945930.742767,12275578850.96088
D21-01893,North Program Organization,101,5150000000.0,3899558963.467768,4000915344.634454,3845551021.694976
D21-01894,Southern Janatabad,98,3600000000.0,3667473847.9110312,4132623607.0142326,3630550348.0833316
D21-01895,Punak,92,3870000000.0,3647443130.1249046,3856798018.471542,3623712229.7493
D21-01896,Northern Janatabad,90,3880000000.0,3587389679.2149754,3871412575.091391,3558784849.0249405
D21-01897,West Ferdows Boulevard,150,7200000000.0,5970366512.022711,6535776554.555274,5314580550.7463
D21-01898,Persian Gulf Martyrs Lake,106,2960000000.0,3083368952.9880023,2834934881.1973166,3074344369.409069
D21-01899,Dehkade Olampic,135,4200000000.0,5231729766.147935,4251397431.600249,4649357659.656991
D21-01900,Pardis,105,890000000.0,771259021.142296,708132137.7666358,815143944.0950594
D21-01901,West Ferdows Boulevard,209,13000000000.0,8853515341.070566,10723837665.381443,7635100181.400222
D21-01902,Tarasht,115,3600000000.0,3773951513.1706333,4362605234.70889,4073443846.795703
D21-01903,Water Organization,110,3950000000.0,3522657257.4713445,3154759721.9456058,3813443914.827605
D21-01904,Northern Janatabad,90,3150000000.0,2896917893.6016426,2805267985.088757,3349661611.279136
D21-01905,Aqdasieh,190,24000000000.0,12939534266.105835,13183955238.188068,11045067680.795177
D21-01906,Punak,54,2000000000.0,1663464575.5524578,1922370529.8140805,2240567763.024756
D21-01907,Gheitarieh,133,13300000000.0,12124278832.11052,8885131755.924236,10354090732.227943
D21-01908,Ajudaniye,200,27000000000.0,11090089007.09121,13552180871.937868,9502716261.200481
D21-01909,Kamranieh,220,33600000000.0,17155156451.903006,21839944052.91721,14545190263.525745
D21-01910,Gheitarieh,130,8700000000.0,11551910020.41333,8580582534.647922,9973907816.405743
D21-01911,Azadshahr,123,3450000000.0,4348295414.400467,4095124844.79684,4194587568.327672
D21-01912,Dehkade Olampic,105,4100000000.0,3453320952.594519,3542079809.791579,3429669266.516724
D21-01913,Shahran,103,4128000000.0,3999511478.6900015,4056295588.337882,3681152495.396459
D21-01914,Pardis,105,710000000.0,781975280.494587,688856717.4278148,818832216.3531017
D21-01915,Persian Gulf Martyrs Lake,161,6400000000.0,5261588829.151761,4635950389.544211,4637788667.845734
D21-01916,Shahrake Qods,115,1600000000.0,1039366755.955689,848364474.3988007,1175824619.6771572
D21-01917,Azadshahr,85,3100000000.0,2181671884.5089364,1778142289.410776,2759154825.8218627
D21-01918,Shahran,50,1820000000.0,1551417660.454524,1662659865.1594505,1786967230.7749805
D21-01919,Persian Gulf Martyrs Lake,160,6700000000.0,5227388415.743756,3793048705.908032,4608982527.051675
D21-01920,Farmanieh,232,23000000000.0,24740226999.038322,22225411297.880985,20665177097.66874
D21-01921,Shahr-e-Ziba,98,3220000000.0,3248714481.28797,3475498048.801706,3229007516.3639812
D21-01922,Shahran,117,3880000000.0,4201773768.3079996,4358808571.557446,4153944988.889016
D21-01923,West Ferdows Boulevard,77,3400000000.0,2790984042.2640495,2735080345.846924,2791086709.0116663
D21-01924,Yousef Abad,100,3950000000.0,4743093922.580613,5433831961.342478,5113424522.312088
D21-01925,Northern Janatabad,85,2950000000.0,3073480152.8260064,3281434109.25177,3361074579.634673
D21-01926,Farmanieh,145,11000000000.0,15019953584.910614,12299382331.46411,12713592702.91561
D21-01927,Hakimiyeh,127,4480000000.0,4914526485.045789,5604909545.022057,4330794051.341782
D21-01928,Shahran,79,2950000000.0,2800667754.1105056,3034951849.9138002,2813989167.5803733
D21-01929,Gheitarieh,120,11000000000.0,9245223638.840057,8033835860.272548,8713158154.152828
D21-01930,Niavaran,173,11000000000.0,18731646873.84778,16527339636.415918,15876232087.381037
D21-01931,Farmanieh,195,17280000000.0,21167707372.86047,22727878668.228954,17728341728.40694
D21-01932,West Ferdows Boulevard,66,2270000000.0,2281932497.562352,2380289032.8940206,2338415442.3283796
D21-01933,Gheitarieh,100,8000000000.0,7971841728.723239,6281498361.681967,7672236781.850583
D21-01934,Gheitarieh,140,11150000000.0,12792976621.56047,9032671159.379108,10899042876.02939
D21-01935,Atabak,93,1300000000.0,2854580844.1366606,2042197145.339092,2853604657.0861263
D21-01936,Yousef Abad,80,4250000000.0,4461062254.159305,4071467796.207447,4398970608.003951
D21-01937,Shahran,119,5400000000.0,4274740941.607512,4025194656.8402596,4224952595.536703
D21-01938,Ekhtiarieh,100,6500000000.0,5728161701.712578,5881227777.437088,5556725637.004801
D21-01939,Shahran,115,3840000000.0,4109184388.866013,4700090870.260724,4043247096.9547725
D21-01940,Ekhtiarieh,52,3700000000.0,2630351436.7677736,3378664044.704644,2889497331.2424994
D21-01941,Persian Gulf Martyrs Lake,136,1360000000.0,4403381674.021732,3329073373.674328,3942173244.211384
D21-01942,Shahran,95,5000000000.0,3396811601.8943076,3676613352.6282015,3383911024.305512
D21-01943,Shahran,83,3100000000.0,3251946695.0563645,3214050939.818732,2947644532.7138004
D21-01944,Shahrake Qods,100,1700000000.0,937660490.463099,898747775.5029106,983470942.5191848
D21-01945,Shahran,70,2550000000.0,2238642300.3771305,2216216237.7856436,2501754123.0849705
D21-01946,Shahran,73,2580000000.0,2378342257.93342,2339706794.166263,2591777642.6401544
D21-01947,Shahr-e-Ziba,70,2000000000.0,2308235100.572383,2166145408.880904,2306433940.25998
D21-01948,Pardis,105,500000000.0,781685342.6178753,730495486.6876189,825682687.4236531
D21-01949,Shahr-e-Ziba,69,2050000000.0,2234542634.172283,2062453998.7621765,2266961005.423557
D21-01950,Pardis,87,530000000.0,662134047.2088854,652018541.9675274,692397684.9101998
D21-01951,Pardis,66,720000000.0,440872450.73537743,509007166.229781,514694535.99337775
D21-01952,Pardis,98,1000000000.0,717542960.7390984,723849306.109586,760801014.488722
D21-01953,Shahr-e-Ziba,64,1980000000.0,2046707450.3175335,2133115669.1561592,2109538693.970656
D21-01954,Shahr-e-Ziba,65,2000000000.0,2114932174.3942232,2015684704.8500657,2142753573.6328177
D21-01955,Central Janatabad,85,3350000000.0,3455464122.9344854,3682683465.1996813,3441624001.8843503
D21-01956,Punak,85,4500000000.0,3503339023.2323694,3430491236.809248,3469994785.1473427
D21-01957,Gheitarieh,93,5600000000.0,7388911315.57582,5745578165.059154,7135180207.121029
D21-01958,Heravi,155,9000000000.0,9584971652.910648,9756580781.50322,8301806366.989124
D21-01959,Absard,450,4500000000.0,6817311068.414229,3120675487.1079106,8168209263.374385
D21-01960,Shahrake Gharb,117,6800000000.0,9479324748.005337,9297264678.274141,8160708383.126935
D21-01961,Pakdasht,85,640000000.0,833293655.3261529,853630270.3603926,878775188.6590495
D21-01962,Damavand,500,20000000000.0,6959433742.557025,7104372518.260921,6153586929.883562
D21-01963,Damavand,900,8500000000.0,12610010905.953232,4895156031.14257,12169941375.54757
D21-01964,Persian Gulf Martyrs Lake,60,875000000.0,1525657971.6532593,822293492.5979582,1728368447.6443768
D21-01965,Persian Gulf Martyrs Lake,60,870000000.0,1606329624.0801444,958602767.3439066,1788268483.5215957
D21-01966,Sabalan,58,1200000000.0,1890569503.6474514,1978458006.6866765,1895244009.9508405
D21-01967,Shahrake Qods,118,960000000.0,1167342532.3473117,965564577.1872897,1206498305.407868
D21-01968,Gheitarieh,98,8700000000.0,7414134848.509487,7008040917.822188,7115745825.891475
D21-01969,Narmak,60,2100000000.0,1636510139.0264404,1923122057.5693662,2209655449.6087866
D21-01970,Gheitarieh,85,7400000000.0,6791068207.370406,6517379150.802117,6569398027.438026
D21-01971,Heravi,110,5000000000.0,5892042884.392824,6509756314.499903,5737553158.090896
D21-01972,Gheitarieh,190,12000000000.0,17611030200.73982,16220353056.22524,14791558188.89705
D21-01973,Gheitarieh,235,24000000000.0,20565813128.10553,25742323651.35384,17063268051.88264
D21-01974,Gheitarieh,150,14500000000.0,12608193216.576935,11390421563.853283,10891447692.691025
D21-01975,Gheitarieh,197,13300000000.0,18290705323.998516,16869456340.79408,15336510332.69852
D21-01976,Gheitarieh,153,13300000000.0,12047765169.82669,11721425242.800386,11109276646.544847
D21-01977,Heravi,99,4900000000.0,5290289341.731334,5672835050.23713,5144244985.850892
D21-01978,Gheitarieh,195,19900000000.0,18096395658.59466,16869456340.79408,15180809720.183828
D21-01979,Gheitarieh,125,11600000000.0,10068424703.16613,9031585156.099825,9590295977.31322
D21-01980,Gheitarieh,85,7300000000.0,6791068207.370406,6517379150.802117,6569398027.438026
D21-01981,Heravi,103,6640000000.0,5515888385.65475,5850481329.62434,5368462674.5277605
D21-01982,Gheitarieh,235,25500000000.0,20565813128.10553,25742323651.35384,17063268051.88264
D21-01983,Velenjak,107,13200000000.0,8822984112.645521,9635102691.862213,8428744293.865842
D21-01984,Gheitarieh,195,19500000000.0,17656670993.085754,17613345971.035522,14960861724.608604
D21-01985,Gheitarieh,170,14500000000.0,12929036492.433428,11710253760.620714,13042802529.145966
D21-01986,Gheitarieh,153,13000000000.0,12883256539.848515,11342691504.598324,11109276646.544847
D21-01987,Pirouzi,90,2650000000.0,2453857322.303165,2236432755.685831,2477268506.657697
D21-01988,Gheitarieh,88,7600000000.0,7102738587.956105,6479727407.28535,6850826950.647063
D21-01989,Gheitarieh,100,8500000000.0,7971841728.723239,6281498361.681967,7672236781.850583
D21-01990,Saadat Abad,100,6500000000.0,6487563435.471963,5759447225.699936,6303805021.06771
D21-01991,Araj,203,13800000000.0,12020378941.899982,18877962322.052048,10314098025.462635
D21-01992,Aqdasieh,200,13300000000.0,13525944390.57722,19086334313.934456,11619308406.426016
D21-01993,Araj,200,13700000000.0,12045010168.18954,13152299109.499903,10286783092.905294
D21-01994,Gheitarieh,116,8000000000.0,10253549753.604685,7463855085.5079,8899794666.946663
D21-01995,Araj,202,13300000000.0,10154666027.61408,13494460641.42056,10336245043.65344
D21-01996,Aqdasieh,202,13200000000.0,13663346770.180437,18860739228.496193,11735501490.490284
D21-01997,Si Metri Ji,61,1318000000.0,1150002506.4888737,1036324096.6642278,1296562538.5209782
D21-01998,Jeyhoon,70,1550000000.0,1602741685.256893,1677700566.1901917,1641059298.335409
D21-01999,Beryanak,62,1400000000.0,1143999964.3676047,717384593.3512911,1208750187.2404447
D21-02000,Araj,200,13300000000.0,12045010168.18954,13152299109.499903,10286783092.905294
D21-02001,Ostad Moein,120,3950000000.0,3518282625.0329537,2369666706.6498475,3179671941.4550996
D21-02002,Amirabad,87,4780000000.0,3237858654.2259955,3625435666.2932553,3233006126.1168866
D21-02003,Aqdasieh,200,13400000000.0,13525944390.57722,19086334313.934456,11619308406.426016
D21-02004,Parand,80,500000000.0,434139672.5583589,491508512.04490936,459707793.74869585
D21-02005,Araj,202,13500000000.0,9474493575.51802,12402873025.64878,10348205627.113651
D21-02006,Ostad Moein,57,1320000000.0,1166025858.2643576,1409741138.13485,1546655928.6962879
D21-02007,Araj,202,13700000000.0,11996095632.929022,14123938810.556063,10348205627.113651
D21-02008,Pirouzi,84,2250000000.0,2282952938.001185,2133542585.0264385,2312117272.880517
D21-02009,Aqdasieh,202,14700000000.0,13832666932.319769,15154448941.236427,11742650902.74016
D21-02010,Saadat Abad,93,5600000000.0,6115484575.856565,5772378782.361288,5929207853.583424
D21-02011,Gheitarieh,85,8000000000.0,6725202778.7304735,5374157508.477913,6521401264.572971
D21-02012,Saadat Abad,100,7400000000.0,6233750057.613005,5541202257.073099,6025370022.800866
D21-02013,Aqdasieh,153,10500000000.0,9556236727.173431,11500232491.629227,8894186079.798243
D21-02014,Saadat Abad,122,8000000000.0,8443578017.609785,6889904768.254166,7350951427.817075
D21-02015,Aqdasieh,150,10500000000.0,9760289583.696827,11466490471.03257,9259275352.137985
D21-02016,Ostad Moein,56,1500000000.0,1464893102.7788649,1436354886.301493,1480096077.5890088
D21-02017,Araj,150,10500000000.0,7989841744.580974,9098206531.663645,7675429487.861441
D21-02018,Araj,202,14300000000.0,11958598977.621553,14408427076.826138,10263289660.805206
D21-02019,Aqdasieh,201,14200000000.0,13758052986.479311,15154448941.236427,11684518967.578066
D21-02020,Shahrake Qods,140,2590000000.0,1633905814.7726932,1458730345.6666048,1526106532.1663358
D21-02021,Aqdasieh,200,14000000000.0,14481188095.725632,16261961722.005281,12252865094.292288
D21-02022,Jeyhoon,67,1500000000.0,1401145043.6279671,1454587170.48549,1577008170.6481998
D21-02023,Gheitarieh,86,7200000000.0,6808013389.169,5381058656.33237,6598123632.391496
D21-02024,Ostad Moein,120,3950000000.0,3547743530.6768117,2275310311.9048004,3258082067.589009
D21-02025,Gheitarieh,84,7400000000.0,6870693268.332638,6688532242.230891,6612177614.51855
D21-02026,Central Janatabad,86,3800000000.0,3498012891.0212193,3687412530.742404,3482113696.024152
D21-02027,Gheitarieh,85,7300000000.0,6725202778.7304735,5374157508.477913,6521401264.572971
D21-02028,Shahran,67,2300000000.0,2334459544.277676,2485597367.839379,2355630917.3562574
D21-02029,Northern Janatabad,90,4800000000.0,3384864174.463374,3503411901.243509,3354582463.345928
D21-02030,Gheitarieh,83,7300000000.0,6559717537.073307,5227197755.674565,6367956528.935961
D21-02031,Jeyhoon,70,1730000000.0,1602741685.256893,1677700566.1901917,1641059298.335409
D21-02032,Shahrake Qods,88,1135200000.0,858727184.6023725,1003120962.9519179,899761448.1007822
D21-02033,Gheitarieh,167,11000000000.0,15013078230.451815,13968596177.097944,12812635425.69046
D21-02034,Shahrake Qods,100,650000000.0,777122750.6710806,822266154.8334888,1022456191.0236179
D21-02035,Shahrake Qods,100,1000000000.0,937660490.463099,898747775.5029106,983470942.5191848
D21-02036,Southern Janatabad,60,2300000000.0,2228093577.4465027,2282253540.293682,2222785927.3979626
D21-02037,Gheitarieh,155,11000000000.0,14026432146.367176,12305358206.219664,11979490520.622282
D21-02038,Jeyhoon,76,1850000000.0,1754277334.02626,1865690146.4654326,1788845089.0934792
D21-02039,Shahrake Qods,90,900000000.0,836200478.0302566,1007571086.4197899,879484338.9067446
D21-02040,Shahrake Qods,65,535000000.0,605625357.2489675,722951804.6865048,708549461.3629398
D21-02041,Shahrake Qods,80,680000000.0,827873211.0405065,884163444.870247,872060875.5236189
D21-02042,Gheitarieh,135,8700000000.0,11272190758.458502,9206649818.73292,10626714023.33338
D21-02043,Shahrake Qods,94,950000000.0,878876092.2208854,889721391.9950044,924462685.9680308
D21-02044,Gheitarieh,110,8200000000.0,9103379786.569214,7796436434.366743,8658804019.012384
D21-02045,Farmanieh,115,6900000000.0,11870886632.733952,8908804012.513845,10243514509.620281
D21-02046,Gheitarieh,170,11200000000.0,14450868019.005007,13568988027.38276,12343640718.38319
D21-02047,Farmanieh,115,6900000000.0,10168274109.092226,6539084121.148107,10243514509.620281
D21-02048,Damavand,60,900000000.0,518264243.53127354,479747217.3022374,738430431.5860268
D21-02049,Saadat Abad,105,5800000000.0,6853652163.965197,6981888983.944661,6634857763.46659
D21-02050,Salsabil,61,1040000000.0,1082348495.3426635,1110999388.695304,1403517950.30464
D21-02051,Saadat Abad,100,6000000000.0,6487563435.471963,5759447225.699936,6303805021.06771
D21-02052,Jeyhoon,145,4600000000.0,3771730376.28416,3614993069.000501,3399337117.980491
D21-02053,Pardis,87,479000000.0,656054974.0575448,683288511.4160428,694739059.0987755
D21-02054,Pardis,87,496000000.0,656054974.0575448,683288511.4160428,694739059.0987755
D21-02055,Shahrake Gharb,115,6500000000.0,9314753020.302156,9297264678.274141,8021209094.526452
D21-02056,Pardis,85,690000000.0,640278146.5979173,664228125.5073187,678768046.2459302
D21-02057,Punak,67,2280000000.0,2495781779.066352,2366370833.3914113,2782576355.244163
D21-02058,Shahran,94,2280000000.0,3364156759.507798,3506998865.28469,3337357512.44075
D21-02059,Shahran,90,3200000000.0,3209975791.0821967,3264384700.8930345,3205810444.078903
D21-02060,Pardis,86,890000000.0,654404043.328919,620102754.9549145,684439090.8307744
D21-02061,West Ferdows Boulevard,60,2650000000.0,2151346741.2385974,2173108984.105935,2174872760.2688317
D21-02062,Shahrake Gharb,58,3400000000.0,3883119914.740855,4138049463.490352,4195808437.3870897
D21-02063,Shahr-e-Ziba,76,2850000000.0,2472285736.91109,2447644959.5847244,2496942556.698403
D21-02064,Southern Program Organization,57,2400000000.0,1825453497.383067,2216660858.2333584,2047075482.1555774
D21-02065,West Ferdows Boulevard,81,3300000000.0,2852556266.8307095,3201497729.0654836,2869873497.4030113
D21-02066,West Ferdows Boulevard,112,3600000000.0,4608371008.575422,4680650168.856959,4091536939.314946
D21-02067,Shahran,75,3500000000.0,2626989008.294673,2670914384.37442,2636900280.6226788
D21-02068,Punak,153,7500000000.0,7120515104.138456,7597927629.883814,6245990613.265215
D21-02069,Shahrake Gharb,95,5100000000.0,7276055375.654141,7676601713.236261,7008343223.232086
D21-02070,Shahrake Gharb,101,6565000000.0,7238444739.494467,7450676706.520365,6993172650.887496
D21-02071,Pakdasht,40,165000000.0,261805553.87400967,293192836.9244519,404538359.9300067
D21-02072,Railway,88,2860000000.0,3609098437.8813877,3540039506.1107583,3570347943.609893
D21-02073,Persian Gulf Martyrs Lake,141,3810000000.0,4572438327.777784,3383701031.469808,4087106084.072085
D21-02074,Persian Gulf Martyrs Lake,140,1790000000.0,4589186615.125074,3349256826.8702874,4060454827.5214005
D21-02075,Persian Gulf Martyrs Lake,120,1530000000.0,3491598823.0347667,1896507964.320641,3456736895.288748
D21-02076,Beryanak,66,1000000000.0,979868133.866975,734206240.5925581,1315763021.6827931
D21-02077,Punak,70,3500000000.0,2860865554.032151,2683980601.1281776,2857642764.238981
D21-02078,Heshmatieh,75,3000000000.0,2483412782.6890807,1892098817.2240958,2365650959.3702855
D21-02079,Elm-o-Sanat,70,1800000000.0,1925191894.5826719,1850465323.1033785,2322891333.485602
D21-02080,Saadat Abad,150,20000000000.0,10988341682.04002,10809407641.452202,9455707531.601524
D21-02081,Golestan,95,950000000.0,1721127636.7847226,1164150753.224402,1762079686.3060918
D21-02082,Jeyhoon,65,1450000000.0,1357399256.7409365,1394424046.9804723,1529933299.882582
D21-02083,Parand,88,475000000.0,451261040.8586221,456465039.236698,515341268.0627532
D21-02084,Gheitarieh,113,6000000000.0,9301778592.494547,5217364011.013437,8669627563.491142
D21-02085,Shahrake Qods,50,360000000.0,390906569.2768656,434805004.54828036,511228095.511808
D21-02086,Ostad Moein,45,1200000000.0,903507721.073378,1047996308.0977826,1189362919.491165
D21-02087,Narmak,53,1350000000.0,1354829138.0301125,1191079997.214069,1854999999.999999
D21-02088,Andisheh,100,1800000000.0,1348895518.8804493,1344410068.1137176,1384998605.6197262
D21-02089,Shahryar,50,500000000.0,707924623.9561108,353311254.6920845,897441478.6998307
D21-02090,Nasim Shahr,43,360000000.0,951868726.3082813,633758885.4143668,1501587301.5873027
D21-02091,Baghestan,85,765000000.0,1203600255.6891358,840847242.2863998,1360931774.795141
D21-02092,North Program Organization,134,6400000000.0,5779764915.428192,5373883049.903827,5070757173.612833
D21-02093,Shahr-e-Ziba,90,3000000000.0,2955886078.479058,3079597630.583031,2949272882.1876807
D21-02094,Shahrake Qods,90,1260000000.0,839782389.1515087,895990627.6804386,885123848.2672644
D21-02095,SabaShahr,135,2200000000.0,4315727237.800855,4692963007.174193,4673076923.076916
D21-02096,Railway,130,5850000000.0,5419580194.406658,5878640057.651788,4762343837.246569
D21-02097,Andisheh,55,550000000.0,599517610.3468771,606422445.770187,761749233.0908486
D21-02098,Dehkade Olampic,200,12000000000.0,7641978294.499155,17800761063.00076,6538970533.44623
D21-02099,Shahrake Madaen,107,800000000.0,3749321231.3521194,4216030034.1804843,3703846153.846153
D21-02100,Pakdasht,150,1270000000.0,1310296259.3234742,1542728888.5450764,1346306868.2463074
D21-02101,Ostad Moein,56,1200000000.0,1044355816.712269,1092354230.198236,1520438298.2082062
D21-02102,Azadshahr,160,4500000000.0,5604505568.493111,6332801469.872073,5448802179.954248
D21-02103,Salsabil,138,3584000000.0,3303865825.722579,2520854585.616139,2968336948.8322716
D21-02104,Tehransar,125,3750000000.0,3997252077.5575523,3704876582.32618,3545752607.6074076
D21-02105,Shahr-e-Ziba,83,2510000000.0,2717042918.093395,2994397275.6699185,2735807993.743189
D21-02106,Railway,131,5850000000.0,4845464354.146113,5013230714.33663,4376774623.161548
D21-02107,Central Janatabad,115,4870000000.0,4761431374.073867,5236645930.396103,4656281549.304548
D21-02108,Andisheh,50,650000000.0,541455033.5857506,431323760.29948497,683166053.6888187
D21-02109,West Ferdows Boulevard,91,3600000000.0,3299006486.4948473,3546706094.5895424,3272941346.1302085
D21-02110,Central Janatabad,80,3395000000.0,3223545451.171118,3227616844.6436944,3208695749.228727
D21-02111,Qasr-od-Dasht,40,720000000.0,637106736.5502461,685778221.1545045,960912952.792292
D21-02112,Shahr-e-Ziba,68,2150000000.0,2217206906.3884153,2210125790.0247965,2241649892.415872
D21-02113,Shahran,110,3920000000.0,3946545721.5625687,3995327820.3220987,3905418365.622156
D21-02114,Beryanak,50,830000000.0,771610003.2565398,353311254.6920845,974798538.0971322
D21-02115,Shahr-e-Ziba,110,5550000000.0,3668051125.6245937,4051645533.7781982,3626198355.378617
D21-02116,Shahr-e-Ziba,95,2920000000.0,3147825452.407164,3382908241.6691246,3131346498.8626933
D21-02117,Southern Janatabad,65,2250000000.0,2437961610.487622,2366370798.9841876,2456313189.674428
D21-02118,Persian Gulf Martyrs Lake,108,3024000000.0,3136053629.422693,3248728985.5754223,3132453759.0309772
D21-02119,Beryanak,62,930000000.0,926060577.669637,794580870.7192658,1238873438.2918708
D21-02120,Hashemi,37,830000000.0,681730884.9448613,951593290.9526595,960816839.8126156
D21-02121,West Ferdows Boulevard,105,3650000000.0,3784980927.0032177,4068849180.7341113,3720206385.522413
D21-02122,Salsabil,41,770000000.0,648563472.4526263,719836366.0946264,943348130.5326287
D21-02123,Shahrakeh Naft,85,4600000000.0,3468269590.953209,3718239642.1205006,3454369153.2546883
D21-02124,Shahrake Gharb,150,12350000000.0,12200671947.626698,12775108190.032164,10462446645.03449
D21-02125,East Ferdows Boulevard,83,2800000000.0,3038426931.2847466,3139220312.2188807,3017672669.3768044
D21-02126,Valiasr,174,10000000000.0,5522234929.375788,6659370936.736169,4897486337.03563
D21-02127,Yousef Abad,105,4725000000.0,6529531898.304238,5791816353.363797,5773648923.005181
D21-02128,Waterfall,57,1265000000.0,1620148968.2897887,2282346089.933216,1830885455.3930063
D21-02129,Sadeghieh,200,7000000000.0,8253590753.253096,10989017067.350437,7156600534.955923
D21-02130,Baghestan,75,600000000.0,968132246.9261966,597029962.2309332,1225528396.546474
D21-02131,Pardis,87,900000000.0,526477141.1197801,598128534.4209766,684137083.8653122
D21-02132,Qasr-od-Dasht,63,1260000000.0,1117725931.6015432,1087417852.1616485,1513437900.647859
D21-02133,Central Janatabad,64,2240000000.0,2582645284.241361,2523998513.509474,2566850410.3607607
D21-02134,Ostad Moein,65,1200000000.0,1453790027.3817573,1414182576.395317,1763730445.004538
D21-02135,Pardis,87,650000000.0,642411448.0126524,658796919.6635123,684137083.8653122
D21-02136,Shahryar,44,570000000.0,521723401.25852376,391834443.9959543,789748501.2558496
D21-02137,Pakdasht,85,355000000.0,632305323.990433,690576256.811185,815230957.2195101
D21-02138,Ahang,43,800000000.0,950314698.8944435,1066480413.3983335,1360913221.1563294
D21-02139,Sattarkhan,118,4900000000.0,4785838843.069017,4510240533.344194,4268670509.8556004
D21-02140,Shahran,92,2700000000.0,3253301551.915382,3473885080.0747757,3234597677.563821
D21-02141,Sattarkhan,124,3400000000.0,5796719195.8011055,7173568336.422339,5146555017.672604
D21-02142,Jeyhoon,56,950000000.0,873761527.0063887,965871138.9740505,1312479620.3612485
D21-02143,Pirouzi,40,870000000.0,758478732.3992866,891933293.9725957,1121256900.5702653
D21-02144,West Ferdows Boulevard,92,2970000000.0,3335833948.9664316,3592262256.7366843,3308907734.549217
D21-02145,Central Janatabad,86,3330000000.0,3486630848.648433,3660098817.797665,3449205238.922263
D21-02146,Shahran,51,1850000000.0,1605259843.465025,1737411950.6627314,1811203267.0891995
D21-02147,Baghestan,70,560000000.0,770165742.5167952,602766104.2454047,1120767343.9489408
D21-02148,Shahrake Qods,85,1062000000.0,881935427.6950078,967608485.7087002,926564680.243844
D21-02149,Ostad Moein,51,900000000.0,967749412.2093782,1066268807.536771,1383850041.4651012
D21-02150,Ray,131,3400000000.0,3315003505.444535,2686552106.4989033,3292817114.956704
D21-02151,Komeil,48,820000000.0,837381269.741414,851850495.0207233,1204725575.1571152
D21-02152,Andisheh,84,773000000.0,1026092448.0377197,1185858418.0332623,1147718970.1972146
D21-02153,Hashemi,95,2350000000.0,2454425837.593286,2281439332.376987,2466962156.275634
D21-02154,Eskandari,74,2960000000.0,2291610816.1534643,1603943217.946977,2335588490.527304
D21-02155,East Ferdows Boulevard,68,2500000000.0,2438978368.003544,2491861301.1277413,2456672041.637823
D21-02156,Persian Gulf Martyrs Lake,240,4800000000.0,8769743314.087374,9934001177.816143,6961008353.402176
D21-02157,Qasr-od-Dasht,44,770000000.0,663589940.9571519,816988529.6745316,1001582076.0217586
D21-02158,Shahran,82,2850000000.0,2917330035.2700324,3185787869.8809147,2912130743.163024
D21-02159,Salsabil,44,1050000000.0,741527752.6956587,960287694.6082739,946426273.5407234
D21-02160,Pirouzi,42,960000000.0,798092821.3238302,884638606.0438733,1177319745.5987787
D21-02161,Aqdasieh,63,4000000000.0,3521463358.976281,3527974912.7926984,3859652504.702071
D21-02162,Salehabad,110,750000000.0,3311147664.91469,3284456041.965164,3807692307.692302
D21-02163,Niavaran,235,31000000000.0,25848870379.01861,28103513510.189667,21360897824.60351
D21-02164,Absard,500,3100000000.0,7741097771.039303,4495479139.655769,8397368256.943373
D21-02165,Feiz Garden,57,1930000000.0,1669576828.99671,2007697576.6501558,2061762809.1243434
D21-02166,Pakdasht,170,1280000000.0,1679479414.7891192,1791981980.0778422,1541915841.352367
D21-02167,Golestan,115,2050000000.0,1464991241.851935,2079085234.8030882,1627623635.9925327
D21-02168,Southern Program Organization,68,2700000000.0,2537080249.1662364,2606048007.6404743,2551539799.6930647
D21-02169,Baghestan,62,620000000.0,709718956.5093361,707369978.4022534,985875517.5963739
D21-02170,Shahr-e-Ziba,56,2200000000.0,1631004632.0281377,1745303141.5071294,1839852410.1988273
D21-02171,Shahran,75,3110000000.0,2657964236.039458,2619375081.6749115,2663534216.3076444
D21-02172,Pasdaran,95,5850000000.0,6428336571.371422,6148391487.523107,6242384689.849999
D21-02173,Zafar,144,10368000000.0,7403648612.983198,8355378568.214686,6546042121.926679
D21-02174,Qarchak,50,380000000.0,922753318.0811796,1179391578.5743086,1163338758.416677
D21-02175,Sattarkhan,78,2100000000.0,3021698110.0535192,3339095613.523696,3237349124.019863
D21-02176,Ray,95,2050000000.0,2361352664.592531,2217257809.9844427,2277879165.517854
D21-02177,Ray,90,1800000000.0,2285668362.5364532,1850561639.4548545,2304467096.0495377
D21-02178,Punak,95,4200000000.0,3771988707.356461,4193132868.6886096,3741876758.980258
D21-02179,Niavaran,350,72000000000.0,43451596060.9077,35496662124.2953,31814103143.02647
D21-02180,West Ferdows Boulevard,71,2330000000.0,2470963812.537266,2563813479.2811356,2515568127.3532515
D21-02181,Pishva,80,380000000.0,1498124780.555278,985291849.4207665,1960152629.545238
D21-02182,Ostad Moein,44,1000000000.0,1098885475.6174634,1296691086.094762,1193909839.6953793
D21-02183,Jeyhoon,46,1150000000.0,939583907.5378813,1125159965.7529695,1078410396.0489817
D21-02184,Sattarkhan,78,2010000000.0,3021698110.0535192,3339095613.523696,3237349124.019863
D21-02185,Karoon,67,1070000000.0,1226692279.5213315,1236042869.1096284,1582070938.4863703
D21-02186,Andisheh,49,110000000.0,504263359.39667034,469784687.0775763,655282907.3292118
D21-02187,Andisheh,105,1200000000.0,1415937872.3794348,1483739385.5894902,1448581909.2610395
D21-02188,Beryanak,72,1290000000.0,1198497103.565778,1057066176.8726226,1438691734.7905595
D21-02189,Salsabil,65,1220000000.0,1165331572.0207858,1422741680.204852,1425833874.264121
D21-02190,West Pars,80,2160000000.0,2652026568.797523,2380410857.535192,2658031365.667457
D21-02191,Jeyhoon,66,1187000000.0,1158396203.0042162,1148829807.9993458,1546850981.140039
D21-02192,Jeyhoon,58,1210000000.0,1049170945.5454832,1065133440.6029019,1362494965.4129791
D21-02193,Salsabil,67,1215000000.0,1193991027.3822184,1199138293.547583,1541568896.2362435
D21-02194,Andisheh,89,1068000000.0,1008111279.6549977,951013462.3997817,1147535446.6793685
D21-02195,Beryanak,75,1450000000.0,1502011002.717525,807900791.8140547,1541069056.2588692
D21-02196,Si Metri Ji,85,1440000000.0,1458673233.247196,1061299670.1596627,1780057918.734264
D21-02197,Central Janatabad,94,4300000000.0,3816315749.152431,4143266588.1256056,3770061540.217362
D21-02198,Jeyhoon,67,1440000000.0,1376747291.419818,1365427450.6415086,1572055726.7545075
D21-02199,Shahrake Qods,60,920000000.0,427372501.17947364,501395497.3578528,590082565.51151
D21-02200,Beryanak,67,1415000000.0,1219565693.8018892,942383939.4263935,1335698825.0416198
D21-02201,Beryanak,65,1310000000.0,1100145640.033696,966216835.9741294,1295827218.3239594
D21-02202,Beryanak,72,1300000000.0,1198497103.565778,1057066176.8726226,1438691734.7905595
D21-02203,Salsabil,62,1350000000.0,1279923388.2269003,1223480429.2864795,1322995481.7091582
D21-02204,Ostad Moein,37,999000000.0,729099683.5852193,852549258.9324926,1004575304.17328
D21-02205,Shahr-e-Ziba,105,3550000000.0,3818137621.6343384,4081916060.5410137,3449723269.1227956
D21-02206,Parand,78,417000000.0,384564744.1119705,387691403.35669583,456558099.0320931
D21-02207,Baghestan,53,450000000.0,557210636.4525992,467414597.5190267,834057644.7172323
D21-02208,Shahr-e-Ziba,80,2450000000.0,2211211423.7854533,2274794524.791603,2636923367.4633174
D21-02209,Persian Gulf Martyrs Lake,88,2850000000.0,2540098286.842853,1656160359.8767278,2550817981.54854
D21-02210,Andisheh,39,370000000.0,349719808.5320941,267165509.99012896,538044709.1541015
D21-02211,Jordan,128,6144000000.0,6521012845.609726,7622992404.040239,6320070123.8212
D21-02212,Shahrake Shahid Bagheri,87,2450000000.0,2951360661.9021883,3147187773.088266,2946542766.748578
D21-02213,Beryanak,48,830000000.0,631977085.3942417,423008555.0470969,956918561.2238497
D21-02214,Pardis,86,500000000.0,625878933.7342619,654032588.6923194,667641706.5921433
D21-02215,Pardis,86,600000000.0,648164420.5676271,664228125.5073187,686753552.6723526
D21-02216,Punak,75,2300000000.0,3074415818.6787906,2766183985.573073,3061760104.541766
D21-02217,Jordan,110,6160000000.0,5903136665.216476,6388423910.3265085,5332799058.197218
D21-02218,Heravi,172,9300000000.0,10777592614.205402,10017249859.281603,9303266565.977161
D21-02219,Yousef Abad,147,11600000000.0,8591917578.506018,8598791057.41419,7432958031.29647
D21-02220,Enghelab,70,1540000000.0,2043525612.968433,1115445818.1253755,2444444444.444446
D21-02221,Niavaran,235,28500000000.0,25861467843.981983,28800004245.38442,21479436115.763607
D21-02222,Heravi,115,6000000000.0,6190261594.689806,6985003197.384707,5993914636.608659
D21-02223,Pakdasht,114,1090000000.0,983156152.6905332,986080046.0574741,1023193219.8671931
D21-02224,Pirouzi,40,1380000000.0,886878469.9036231,909295564.0317644,1104207965.7468135
D21-02225,Yousef Abad,125,8450000000.0,7359827260.9103775,7656243819.667731,6397249668.359428
D21-02226,Golestan,90,1315000000.0,1268872506.7815816,1060238192.2180853,1309154131.2993999
D21-02227,Gisha,78,1794000000.0,2778713909.343443,3046526651.5273857,3240409514.888992
D21-02228,Ostad Moein,47,1050000000.0,796371947.2727075,819175695.0557231,1218021281.9691694
D21-02229,Yousef Abad,114,4900000000.0,6584554104.159557,6159271397.292067,5764334799.780953
D21-02230,Southern Janatabad,65,2500000000.0,2205488962.583553,2546763030.851748,2456333218.711805
D21-02231,Baghestan,50,410000000.0,544779931.8949133,356747387.4557859,817018931.0309831
D21-02232,Islamshahr Elahieh,125,1750000000.0,4377369218.361154,4127452531.5936556,4311422279.1285
D21-02233,Salsabil,41,815000000.0,686428029.4524065,718041820.4223962,943348130.5326287
D21-02234,Yousef Abad,136,8200000000.0,7967149319.487598,8011473277.214181,6954257350.344458
D21-02235,Jeyhoon,40,800000000.0,608566406.3436066,718901083.6347115,941497415.3123604
D21-02236,Si Metri Ji,60,650000000.0,932949708.0543101,868002422.6081201,1275307414.9386687
D21-02237,Pirouzi,75,1750000000.0,2061665831.4334767,1908573006.199982,2070389935.775272
D21-02238,Yousef Abad,120,8000000000.0,7060889086.243694,6823618109.063624,6141359681.625036
D21-02239,Pakdasht,165,1000000000.0,1836907667.1064222,1701822460.1289647,1705857719.1616848
D21-02240,Pakdasht,110,640000000.0,871617630.3797678,784126856.4421335,1137238479.441124
D21-02241,Shahran,116,4640000000.0,4257416006.8645287,4620979199.059932,4145763975.3979564
D21-02242,Shahran,115,4500000000.0,4128826254.972321,4430801083.721598,4082937382.241344
D21-02243,Pakdasht,77,460000000.0,597120944.6745398,652190645.4516089,738503337.7164961
D21-02244,Yousef Abad,120,7000000000.0,7508662082.203088,6858639680.1770735,6598455912.005922
D21-02245,Pakdasht,100,660000000.0,784338762.2699413,792795554.8447567,959095243.7876557
D21-02246,Yousef Abad,130,6000000000.0,7658954035.658288,8012163756.314491,6653139655.0938015
D21-02247,Islamshahr,60,1200000000.0,740588038.804912,739544727.4546766,863088334.5063431
D21-02248,Parand,75,385000000.0,346996520.435554,352075044.9412488,439211308.0080264
D21-02249,Niavaran,128,8500000000.0,12606990589.550789,10628684152.48307,11746576342.108486
D21-02250,Zaferanieh,150,15000000000.0,13452930663.146313,14979232605.051641,12655764267.790829
D21-02251,Yousef Abad,135,10000000000.0,7855198475.438463,7532195376.891501,6949433036.001901
D21-02252,Zafar,60,1200000000.0,2433522591.8832273,3190320951.214399,2700539724.961958
D21-02253,Elahieh,41,815000000.0,2839346869.494489,3221308046.6478114,3760392880.708566
D21-02254,Niavaran,113,9000000000.0,10842358299.349028,9179598545.379421,10271410443.31999
D21-02255,Andisheh,52,665000000.0,509701906.51599073,485336162.34722453,695402269.0024284
D21-02256,Aqdasieh,100,7000000000.0,5962231980.606607,5913575168.065331,5809654203.213017
D21-02257,Punak,66,2650000000.0,2402460262.8063116,2285312591.129141,2599619643.0810137
D21-02258,Niavaran,200,29000000000.0,21454446384.23391,21328831312.63399,17902898326.508324
D21-02259,Niavaran,170,22100000000.0,18418832986.858257,15788044285.455685,15452564383.755737
D21-02260,Gheitarieh,100,8300000000.0,8009986074.276663,7750672566.826861,7728703561.691825
D21-02261,Kamranieh,90,10000000000.0,5841388473.420281,6325581432.600202,6060210096.16729
D21-02262,Niavaran,200,14000000000.0,21856070576.655212,23076247083.669136,18280371162.352016
D21-02263,Ray - Montazeri,51,1250000000.0,1646631543.7683754,1417403429.0712898,1759060289.8844264
D21-02264,Punak,70,2680000000.0,2649584131.0403686,2390939520.948989,2907896644.4602976
D21-02265,West Ferdows Boulevard,73,2200000000.0,2322310650.911451,2223079094.6511164,2586429201.3632083
D21-02266,Islamshahr,245,7800000000.0,2661042044.634095,2479702975.3729815,3400506827.222941
D21-02267,Darabad,87,5850000000.0,3325868264.320419,3740797613.1460958,3314565371.325622
D21-02268,Velenjak,120,9000000000.0,9948010743.990818,10316829048.177208,9452797338.914948
D21-02269,Elahieh,171,12825000000.0,18627007793.575253,17165442774.32688,15683589819.540594
D21-02270,Punak,66,2460000000.0,2455212115.9135394,2326456812.0543623,2741045364.867382
D21-02271,Aqdasieh,77,5200000000.0,4572043019.958018,4105941452.4940805,4473433736.474014
D21-02272,Narmak,40,1250000000.0,1194965211.2712786,1499953988.3782873,1473103633.0725253
D21-02273,Shahr-e-Ziba,105,2800000000.0,3493730599.73189,3748269679.3901277,3461371157.4068594
D21-02274,Ozgol,50,3000000000.0,2123621550.7290113,3206305000.042769,2371434269.6040864
D21-02275,Amirabad,94,3400000000.0,3273583955.197164,3492082904.608674,3493133055.804443
D21-02276,West Ferdows Boulevard,65,2150000000.0,2129847613.6684597,2128732898.7504637,2315968858.3024063
D21-02277,Valiasr,57,750000000.0,1288033632.6148574,1463751776.0169098,1608323302.7453926
D21-02278,Parand,79,410000000.0,426508175.7909313,499844728.0516203,459592861.71379507
D21-02279,Jeyhoon,60,650000000.0,1087056449.6324039,1145191409.0069838,1409477550.4272223
D21-02280,West Ferdows Boulevard,68,2300000000.0,2357395911.2804275,2482334217.7602363,2409276516.338326
D21-02281,Firoozkooh Kuhsar,86,750000000.0,2734835861.0087256,1598724038.7195652,3003174603.1746106
D21-02282,West Ferdows Boulevard,80,2700000000.0,2894341571.26301,3030239625.2685223,2877311073.5210567
D21-02283,West Ferdows Boulevard,68,2300000000.0,2149503143.008718,2189124474.178947,2409276516.338326
D21-02284,Narmak,43,1330000000.0,1286052887.704181,1436525731.4799738,1583586405.5529618
D21-02285,West Ferdows Boulevard,55,1900000000.0,1783598601.186589,2171115203.181012,2009236889.842166
D21-02286,Northern Janatabad,77,2680000000.0,3026495581.2804904,2873812226.0692043,3044738148.610228
D21-02287,Parand,58,315000000.0,220547162.58562958,286959146.34951824,337422607.33417916
D21-02288,Ostad Moein,62,1440000000.0,1634882934.8815591,1498505605.2956395,1683342401.587658
D21-02289,West Ferdows Boulevard,65,2200000000.0,2112262709.2161806,2087830920.7631545,2356112156.9578967
D21-02290,Salsabil,60,1530000000.0,1157145152.7524867,1023171519.921107,1305284986.1809535
D21-02291,Salsabil,35,660000000.0,481825487.6433846,681471105.5418249,752839081.2255775
D21-02292,Azarbaijan,54,1100000000.0,1022594599.9101726,1162324112.4801679,1458681564.1536264
D21-02293,Southern Program Organization,70,2250000000.0,2603811883.5968776,2763690949.221699,2646975957.265028
D21-02294,Ghoba,122,6700000000.0,4732267134.107686,4014463350.189988,4223076923.0769243
D21-02295,Salsabil,54,901000000.0,758580618.8941078,838383141.8370733,1161523153.8908918
D21-02296,Shahryar,80,850000000.0,1282549936.268019,877554336.3021715,1329663761.7880678
D21-02297,Salsabil,71,1750000000.0,1487453687.378338,1669958733.5181022,1527187850.4861681
D21-02298,Shahryar,220,7500000000.0,4106049382.046135,6822576472.85134,3614651453.8030777
D21-02299,Qasr-od-Dasht,61,838000000.0,1002104312.633145,1014381860.5035866,1429864465.8716254
D21-02300,Hashemi,49,1078000000.0,839131600.8559606,740587946.2368305,1240045965.6519585
D21-02301,Salsabil,55,1349550000.0,1129520869.6648133,1197034522.3470137,1173625024.0968342
D21-02302,Hashemi,41,840000000.0,713042385.544326,661889127.0007017,1072285159.4784645
D21-02303,Salsabil,64,1100000000.0,1194913140.9255202,1060613642.4001827,1365672755.3126788
D21-02304,Andisheh,240,4300000000.0,3732453529.211442,8436598813.163167,3279197057.7063313
D21-02305,Hashemi,32,610000000.0,554350951.533943,675232167.7603072,836905490.3246531
D21-02306,Hashemi,52,960000000.0,907740930.7303499,992252215.6233021,1359971421.7775629
D21-02307,Salsabil,50,640000000.0,798241512.478175,814141465.0018528,1150424549.4300342
D21-02308,Eskandari,32,940000000.0,718525189.4683167,1107329838.8905463,1011418238.0699692
D21-02309,Azarbaijan,40,1150000000.0,935328927.6835951,1121292665.2067196,1080504862.3360229
D21-02310,Komeil,73,1460000000.0,1348510352.3478806,1164810645.1287065,1765584796.1449504
D21-02311,Andisheh,50,755000000.0,542870413.3004311,427242677.20578074,689800909.1719247
D21-02312,Jeyhoon,45,745000000.0,699713531.1787819,863663453.7084845,1054671123.504576
D21-02313,Qasr-od-Dasht,65,1280000000.0,1365115100.5628297,1331362159.0230026,1561483548.2874706
D21-02314,Salsabil,51,1150000000.0,969317069.7562337,1057359896.4997697,1109492238.2538102
D21-02315,Golestan,300,24000000000.0,4944416469.291318,3996977065.323864,4826277749.068631
D21-02316,Pardis,100,2700000000.0,683325249.0281738,908045318.9204278,776327565.8048184
D21-02317,Azarbaijan,55,1000000000.0,1424055140.6525927,1480040077.520583,1499741500.8577566
D21-02318,Kahrizak,200,2650000000.0,2671225593.0023565,2215671488.341935,3335458934.175189
D21-02319,Karoon,38,1140000000.0,794741167.7089545,1034432640.8474205,918516551.5865597
D21-02320,Farmanieh,140,9300000000.0,14980087614.5356,10654667554.177391,12728040215.266539
D21-02321,Central Janatabad,58,2000000000.0,1934509788.6786423,2154037933.668009,2339323831.584412
D21-02322,Jeyhoon,67,1200000000.0,1313738435.1285622,1369815026.3775663,1570728185.5496047
D21-02323,Salsabil,57,870000000.0,1068841331.5803103,1143480411.5464268,1311483986.3502376
D21-02324,Jeyhoon,53,1100000000.0,1082820507.315219,1099313269.3250117,1242516325.882523
D21-02325,Niavaran,95,8900000000.0,8913460931.748348,7168814312.156117,8503876705.091455
D21-02326,Pirouzi,128,4350000000.0,3952520076.1745186,2871022956.97078,3527756194.6972475
D21-02327,Parand,62,350000000.0,289579804.5325118,369460209.8621695,356273540.15523976
D21-02328,Salsabil,60,1130000000.0,966020800.5796758,984095425.4977449,1380509459.3160415
D21-02329,Salsabil,52,1100000000.0,874131072.4923233,886843258.612393,1109609113.6915507
D21-02330,Jeyhoon,52,1150100000.0,800879739.045109,897342776.3578603,1223946639.9060667
D21-02331,Karoon,45,965000000.0,787754978.612465,1088017402.8723803,1062584958.6848787
D21-02332,Ekhtiarieh,60,3000000000.0,3274927310.6142626,3352642975.155284,3600654119.468691
D21-02333,Valiasr,83,1700000000.0,1993503034.4709086,1965247219.7185476,2341944458.3836403
D21-02334,Marzdaran,211,15800000000.0,13775586078.212162,20121489152.226086,11672666457.559052
D21-02335,Karoon,65,1430000000.0,1245739119.295603,1482441560.730106,1384160088.6287076
D21-02336,Ostad Moein,115,1300000000.0,2446543322.9749746,1929776742.787307,3122328648.1061344
D21-02337,Central Janatabad,70,2100000000.0,2539202062.9379935,2386922766.8732634,2823321865.7053266
D21-02338,Salsabil,51,870000000.0,734974296.5949717,764526506.9101768,1088270476.8897908
D21-02339,Niavaran,100,7500000000.0,9567400711.51199,7936480358.394016,9177012767.272285
D21-02340,Zaferanieh,115,10200000000.0,10187643286.291397,10332020330.61787,9702752605.306314
D21-02341,Niavaran,160,17500000000.0,17394779756.430946,16396685420.48491,14760397542.492752
D21-02342,Hekmat,107,6500000000.0,3720114953.635461,3213442611.31981,3690577470.933993
D21-02343,Parand,82,500000000.0,469431744.4068415,513510829.6486593,480204363.42211044
D21-02344,Zaferanieh,135,18000000000.0,12048640598.90898,12607631431.724937,11390187841.01176
D21-02345,Ekhtiarieh,198,18000000000.0,13290028881.689886,15242839558.292665,11310563596.01495
D21-02346,Andisheh,85,1100000000.0,1054212600.9812528,969264906.2831025,1095960819.862315
D21-02347,Shams Abad,92,3250000000.0,3447971487.4195323,3689873902.03404,3416379487.4592214
D21-02348,Zaferanieh,115,18000000000.0,10009761028.250536,8794756257.078617,9482867407.670773
D21-02349,ShahrAra,137,7200000000.0,5980668527.720883,6232735765.141173,5249999990.582297
D21-02350,East Ferdows Boulevard,65,2170000000.0,2118555692.9268909,2321643496.9208765,2363328603.332137
D21-02351,Farmanieh,175,22000000000.0,17437916792.79198,15132875774.763271,14763436006.82415
D21-02352,Gheitarieh,95,9800000000.0,7555261784.198475,6215816715.626246,7288624942.758044
D21-02353,Farmanieh,225,38500000000.0,22932133298.735542,24327106673.189976,18981560580.202488
D21-02354,Niavaran,270,35000000000.0,31818466586.785175,24637000292.456985,24168912740.78625
D21-02355,Niavaran,200,34000000000.0,21834141210.53058,20528417405.384487,18179487510.300873
D21-02356,Northern Chitgar,60,1200000000.0,958200724.9091698,679075049.0122026,1089089724.5331001
D21-02357,Shams Abad,88,3350000000.0,2732653732.6059895,2743961296.074373,3267841248.8740387
D21-02358,Niavaran,250,34000000000.0,27578295702.034042,34383775722.20543,22724359387.87607
D21-02359,Pirouzi,55,1600000000.0,1057439442.2367346,1308481275.0104828,1541728238.2841146
D21-02360,Ostad Moein,91,2435000000.0,2395001486.0414076,2406973512.337013,2411251222.270115
D21-02361,Punak,80,2800000000.0,2970121185.621661,2777005305.3405976,3265877444.84455
D21-02362,Parand,74,440000000.0,316776950.4554781,385697210.99122125,425229709.2175436
D21-02363,Pirouzi,90,1700000000.0,2254589171.846995,2150446993.2000365,2489855730.1723294
D21-02364,Si Metri Ji,43,750000000.0,653254336.8901285,957134353.4071846,921441705.5909709
D21-02365,Parand,78,430000000.0,350825516.2513139,361561217.02177435,448215098.9049782
D21-02366,Parand,72,385000000.0,416031443.73790014,404299130.1205209,421438245.2603929
D21-02367,Kahrizak,100,1200000000.0,1293112002.2923532,1142992382.6209574,1667729467.0875974
D21-02368,Amirabad,110,4000000000.0,4058428093.1775117,4366349292.436772,4175220039.97397
D21-02369,Islamshahr,62,580000000.0,602023750.7909844,583104276.0858399,876714214.596855
D21-02370,Afsarieh,120,3150000000.0,2547242974.9827766,2760532654.92002,3393321777.5281825
D21-02371,Ekhtiarieh,120,9000000000.0,6928464958.219005,7345286197.6623,6668070764.405763
D21-02372,Ostad Moein,64,1790000000.0,1672267424.1159637,1502241305.4804153,1737643769.3808074
D21-02373,Saadat Abad,147,9114000000.0,10765146008.255747,9624674724.706919,9266593380.969526
D21-02374,Kamranieh,140,8100000000.0,11786981335.30978,9821586633.40608,10118068678.50865
D21-02375,Heravi,170,7990000000.0,10554828767.810404,11079689588.121008,9105206983.149347
D21-02376,Heravi,109,7100000000.0,5875234445.200125,6401401016.072217,5663865691.492381
D21-02377,Aqdasieh,310,74400000000.0,22061099469.31262,20836633710.32863,18020899900.24478
D21-02378,Farmanieh,283,33840000000.0,30458114419.124645,37390977160.80139,25207953097.58728
D21-02379,Shahedshahr,66,297000000.0,709837248.4218299,600076454.4998795,1034650120.8211845
D21-02380,Golestan,75,600000000.0,1073381639.2996951,734131036.7266867,1391115541.8205972
D21-02381,Ostad Moein,63,1670000000.0,1593406714.072281,1642978009.0556939,1632666824.7671847
D21-02382,Gholhak,77,6200000000.0,3872167572.0145946,4014209458.155232,3840690025.295977
D21-02383,Shahr-e-Ziba,59,1600000000.0,1940276600.7494073,1978458006.6866765,1943994321.076269
D21-02384,Andisheh,220,6500000000.0,3751367065.037546,10305590005.846134,2942086522.7025867
D21-02385,Southern Program Organization,66,2000000000.0,2240999704.66623,2186524599.9491673,2476494511.4668036
D21-02386,Shahr-e-Ziba,80,2450000000.0,2360899499.6316557,2394147684.5191007,2621575895.2779374
D21-02387,Northren Jamalzadeh,55,1540000000.0,1751268307.8777075,2172216393.004447,2148482652.6233087
D21-02388,Andisheh,63,410000000.0,629731879.8006407,639438465.9677297,872549121.5404261
D21-02389,Punak,92,4000000000.0,3870147133.3568,4071102697.7120423,3821807018.4335365
D21-02390,Shahrake Gharb,88,5250000000.0,6715899997.513048,6836890530.3410845,6491938985.730771
D21-02391,Pardis,98,770000000.0,725333852.0682671,714904054.8639832,764243401.9295615
D21-02392,Jeyhoon,75,1980000000.0,1740544651.5777977,1881611742.2890952,1757785205.8409564
D21-02393,Pakdasht,114,1100000000.0,1048059443.633258,1149704415.4924192,1093368577.9179301
D21-02394,Punak,80,3000000000.0,3320742285.2633457,3211845785.9335227,3322479230.142287
D21-02395,Shahrake Qods,50,380000000.0,344489746.2595168,271395614.2481098,488602410.5037472
D21-02396,Punak,66,2950000000.0,2733719469.5479593,2566573979.9693575,2741731121.9197145
D21-02397,Sattarkhan,102,650000000.0,3898838064.065976,4304649453.604445,3846785540.356893
D21-02398,Punak,72,3200000000.0,2960512455.549794,2751026483.450604,2990231307.128062
D21-02399,Qasr-od-Dasht,62,1860000000.0,979801834.6629084,951935370.798699,1411320198.0306633
D21-02400,Pakdasht,110,840000000.0,866353072.447237,789864233.9498214,1055004768.166422
D21-02401,Zafar,70,5250000000.0,3148872974.0672164,3645935843.177451,3150629679.1222806
D21-02402,Saadat Abad,115,6000000000.0,7477152858.871784,7578183106.651591,7249375774.227844
D21-02403,West Ferdows Boulevard,55,1550000000.0,1336097927.0731428,1658973964.8572357,1978151363.0457296
D21-02404,Jeyhoon,71,1780000000.0,1488817855.6082828,1514684198.819181,1671157912.1794362
D21-02405,West Ferdows Boulevard,58,2050000000.0,1841199552.584823,2202852793.0141788,2066556827.4083009
D21-02406,Shahrake Qods,125,1375000000.0,1168334433.9862661,1466662998.1651177,1206727835.349006
D21-02407,Shahran,42,1750000000.0,1423992659.5744376,1621298059.8722568,1501052473.8509853
D21-02408,Narmak,66,2200000000.0,2151688297.9724264,2087830920.7631545,2398235029.5285907
D21-02409,Mehrabad,130,6200000000.0,4561234843.569326,5407511773.9018545,4499999999.999999
D21-02410,Southern Program Organization,65,2450000000.0,2221071466.814529,2346670667.9527426,2458205828.787941
D21-02411,Salsabil,39,760000000.0,588851617.3382218,694448867.3149499,855500324.5584743
D21-02412,Qasr-od-Dasht,60,1850000000.0,1116274857.837692,1200074984.000518,1365793740.0296736
D21-02413,Salsabil,75,2260000000.0,1682269728.5676916,1915970659.6927671,1725636824.1450503
D21-02414,Salsabil,70,1180000000.0,1057335515.6119349,934668058.0457357,1522832483.8777773
D21-02415,Salsabil,57,1600000000.0,1170117100.843694,1038493256.3342066,1240020736.8719041
D21-02416,Salsabil,39,800000000.0,555525873.7879997,624293889.6560075,832206835.2686639
D21-02417,Tehran Now,70,1700000000.0,1765683715.0180798,1341181518.005845,2236246936.343478
D21-02418,Ekhtiarieh,110,6500000000.0,6842538511.18367,7490679872.239099,6601199219.025926
D21-02419,Qasr-od-Dasht,47,870000000.0,709572081.6209785,760371075.6636804,1069871763.0232444
D21-02420,Northern Suhrawardi,114,6500000000.0,3387042450.818776,3490758177.8933277,4234810343.0408444
D21-02421,Southern Suhrawardi,60,2210000000.0,1598211000.5674887,1774220655.4176924,2076923076.9230764
D21-02422,Islamshahr,115,1650000000.0,1753368240.4192142,1670151929.275419,1596156265.8393393
D21-02423,Heravi,110,5850000000.0,6546300009.724403,6030619217.328585,5733309652.408284
D21-02424,Jeyhoon,78,2050000000.0,1802625761.7859473,1858261334.0191627,1835919959.8590987
D21-02425,Ekhtiarieh,80,4400000000.0,4538312663.927083,4151269004.0197606,4445380509.603845
D21-02426,Parand,78,420000000.0,382300328.3403228,399456416.25930023,456779760.3283489
D21-02427,Andisheh,73,868000000.0,872826345.7964234,930329607.1592729,1011048982.1023995
D21-02428,Andisheh,95,1200000000.0,1184367597.4875546,1234676719.909418,1224897386.904943
D21-02429,Azarbaijan,63,1390000000.0,1544753423.7225187,1429787035.8946874,1701795158.179235
D21-02430,Andisheh,98,1370000000.0,1293117930.477712,1360095366.796742,1339005465.2300823
D21-02431,Islamshahr,105,1500000000.0,1424814470.1441417,1483739385.5894902,1457360068.809831
D21-02432,Tehransar,50,1250000000.0,1192880260.8755503,799804757.2227225,1493318787.6844816
D21-02433,Kahrizak,51,610000000.0,554804827.881504,629799414.4197553,761513416.9208151
D21-02434,Dezashib,125,11250000000.0,7126049359.411605,8523768561.025605,6930447790.262828
D21-02435,Kahrizak,105,1155000000.0,1904494860.3097649,1460183981.5201764,1751115940.4419713
D21-02436,Kahrizak,55,660000000.0,582672243.149078,532368589.06983143,794847635.0774816
D21-02437,Kahrizak,105,1160000000.0,1485414099.2152524,1461936820.0994816,1517239653.4362626
D21-02438,Kahrizak,105,1312000000.0,1666598674.5692413,1534186678.76809,1517239653.4362626
D21-02439,Kahrizak,70,714000000.0,1048575066.5558575,875653601.8998922,1093282404.2843657
D21-02440,Kahrizak,82,820000000.0,1236804663.8953147,940239608.8265672,1280702245.0188284
D21-02441,Mirdamad,50,3250000000.0,2414463150.8480563,3326355881.508084,2676185447.983596
D21-02442,Pardis,105,760000000.0,781975280.494587,688856717.4278148,818832216.3531017
D21-02443,Gholhak,110,8800000000.0,5471326444.314496,6679989508.890686,5355774066.854568
D21-02444,Kahrizak,85,850000000.0,1377955497.0435884,897136627.0479201,1417570047.0244524
D21-02445,Punak,78,3100000000.0,2988951856.4052987,2489458655.4533906,3236375657.7024274
D21-02446,Pardis,106,505000000.0,809253930.3028203,730831996.0115929,843610972.419326
D21-02447,Gheitarieh,95,5700000000.0,7555261784.198475,6215816715.626246,7288624942.758044
D21-02448,Tehransar,62,1530000000.0,1724905859.38447,1217720769.9684942,1851715296.7287583
D21-02449,Damavand,78,490000000.0,796201721.0781937,485823904.29714656,988825563.4126779
D21-02450,Kamranieh,225,20250000000.0,21285077852.653225,22256185863.449593,16261181804.746096
D21-02451,Shahran,72,2600000000.0,2345252245.715465,2140711191.1831088,2556273839.3163238
D21-02452,Parand,50,375000000.0,229875928.56948358,343308893.8172756,292807538.6720178
D21-02453,Abuzar,50,850000000.0,1092964621.3130465,1275602415.6416345,1591104452.6222746
D21-02454,Northern Suhrawardi,103,3900000000.0,3288081902.5494986,3312916453.331532,4167913644.734197
D21-02455,Dolatabad,47,695000000.0,1331790535.1747894,957137928.2186344,1621094776.9523149
D21-02456,Karoon,90,2000000000.0,1896924563.6790614,2028374803.3690095,1916529353.4859052
D21-02457,Punak,80,3760000000.0,3343472868.8434787,3236259905.1623507,3323310450.811769
D21-02458,Niavaran,450,25000000000.0,56068919385.32422,65554560311.23338,41130835115.29198
D21-02459,Salsabil,72,1700000000.0,1496051449.3753247,1301480735.7723086,1536381849.7267642
D21-02460,Jordan,258,12000000000.0,15352351295.735518,19280337341.425518,12738891343.327108
D21-02461,Salsabil,98,2630000000.0,2063753995.5730214,1474632613.1811218,2091186406.572543
D21-02462,Shahrake Qods,130,600000000.0,1076901367.7829068,1165640664.2420344,1329193048.3307014
D21-02463,Damavand,700,4500000000.0,9835756577.105684,4380424780.165006,9172703664.340775
D21-02464,Shahrake Qods,104,900000000.0,978908911.2817268,985946889.507544,1016293013.8477955
D21-02465,Ekhtiarieh,140,11000000000.0,9108874571.249405,9290658807.273342,7997368199.202507
D21-02466,Shahran,96,3500000000.0,3463983293.5978923,3667297979.9997673,3430977083.087961
D21-02467,Shahrake Qods,58,400000000.0,376983167.52607054,427439688.22680795,593024590.7936964
D21-02468,Salsabil,150,4500000000.0,3591836398.3226185,3323235878.817286,3263212465.4523754
D21-02469,Shahran,55,1870000000.0,1736851646.627279,1857253232.0584424,1953258425.2922754
D21-02470,Shahrake Qods,60,430000000.0,421743080.71334636,482031037.2466918,590082565.51151
D21-02471,Pardis,98,790000000.0,747253255.9088306,710689170.3251622,779942219.7839035
D21-02472,Shahrake Qods,85,670000000.0,828111226.4572027,911669809.6446241,869087762.370072
D21-02473,Elm-o-Sanat,85,3350000000.0,3039058446.4793816,3017469461.919333,2820653762.0896564
D21-02474,Punak,97,4700000000.0,3855120817.972978,4193132868.6886096,3820653111.800892
D21-02475,Hor Square,80,1874500000.0,2227642289.740236,2225566973.724591,2249381453.439349
D21-02476,Niavaran,57,3600000000.0,4416322962.616291,3623234536.13037,5258391624.51305
D21-02477,Jeyhoon,63,1200000000.0,1212803431.117267,1171178972.586996,1479951427.9485836
D21-02478,Hor Square,85,1957300000.0,2358807267.781642,2061325048.7338953,2385683035.197332
D21-02479,Hor Square,70,400000000.0,2065787610.5435114,1749276993.1595554,2094015992.3192766
D21-02480,Hor Square,100,2283900000.0,3000644285.84764,2786094224.171879,2991451417.598964
D21-02481,Hor Square,90,2071150000.0,2523410238.5189238,2232168571.224871,2525395104.8467894
D21-02482,Parand,75,365000000.0,343552241.3823275,393556012.14318734,441399266.1873826
D21-02483,Nezamabad,42,835000000.0,1199555338.0391428,1276182368.3248086,1389236608.0197766
D21-02484,Zaferanieh,250,18750000000.0,26741265265.75908,26789482514.937855,20173091481.112152
D21-02485,Dolatabad,83,1490000000.0,2851916409.415963,1802730202.3590107,2862784393.3413157
D21-02486,Damavand,90,605000000.0,1138202590.4333305,1070810297.3986235,1179347613.9866703
D21-02487,Razi,72,1206000000.0,1744094522.5558157,1506613947.4141104,1799428480.6968243
D21-02488,Damavand,52,375000000.0,473041056.5441844,406628503.60899115,659217042.2751191
D21-02489,Damavand,106,2360000000.0,1298388629.9098263,951099577.3851686,1343788586.1762054
D21-02490,Parand,73,385000000.0,392665440.78750587,400272944.6848706,424687074.7481907
D21-02491,Razi,100,1850000000.0,2537510771.430693,2248749562.569625,2546409590.033998
D21-02492,Shahrake Qods,85,640000000.0,737549547.021795,946048846.9825835,835950301.141304
D21-02493,Abuzar,49,1020000000.0,1055667507.5125672,869469318.812926,1510405652.5872886
D21-02494,East Pars,115,5400000000.0,3614043625.246542,3509754721.9485354,3573987981.531353
D21-02495,Narmak,127,4826000000.0,4537619589.14924,3580787243.1549463,4445000000.0000105
D21-02496,Gisha,93,3600000000.0,3637205483.504576,4675804465.329643,4328071945.544612
D21-02497,Islamshahr,47,295000000.0,503622639.6554796,380866827.18206507,705505949.8507634
D21-02498,Tarasht,117,4440000000.0,4380397869.268969,4251690333.767412,3921808429.1378303
D21-02499,Marzdaran,182,11600000000.0,11472991857.94901,11966611118.267511,9862819464.51224
D21-02500,Azarbaijan,160,3000000000.0,4871144790.391798,5682827943.242777,4311756891.812423
D21-02501,Marzdaran,181,13000000000.0,11071395113.108755,11205879501.132856,9557116405.201054
D21-02502,Marzdaran,163,11100000000.0,9953923286.346786,9650765504.633598,8606684939.49045
D21-02503,Damavand,83,1550000000.0,881992926.830715,920973882.0171958,1021495430.360672
D21-02504,Heravi,142,6465000000.0,8551953967.412326,8231167286.623109,7401181551.290706
D21-02505,Pardis,92,565000000.0,671641611.6775676,721996741.437852,714221360.540434
D21-02506,Parand,100,900000000.0,574304464.9224608,763493685.9996183,581763116.0934123
D21-02507,Parand,60,660000000.0,263064436.71060145,404598453.426769,349057869.6560468
D21-02508,Parand,58,320000000.0,242004826.27122825,282950586.2264954,337422607.33417916
D21-02509,Parand,58,320000000.0,241192900.0814754,306478819.99634475,333288150.46780425
D21-02510,Pardis,85,650000000.0,618265932.1726604,656510801.9624605,659878430.9340955
D21-02511,Pardis,87,680000000.0,656054974.0575448,683288511.4160428,694739059.0987755
D21-02512,Parand,78,370000000.0,382300328.3403228,399456416.25930023,456779760.3283489
D21-02513,Parand,88,380000000.0,374391289.5976398,509867175.6396007,511951542.1622019
D21-02514,Narmak,210,23000000000.0,8592047233.78655,8918288421.384363,7350000000.0000105
D21-02515,Razi,72,411000000.0,1799220116.3451214,1783251714.4297442,1833414904.8244827
D21-02516,Feiz Garden,101,4550000000.0,3696137411.8759804,3898460579.4690857,3653299012.658925
D21-02517,Parand,68,310000000.0,300991936.5168327,346584714.36710757,395598918.9435206
D21-02518,Islamshahr,60,660000000.0,646757411.9020836,669763398.0262858,873600339.8214624
D21-02519,Islamshahr,65,780000000.0,777066019.0564345,771722725.2130188,975699717.8787136
D21-02520,Shahrake Gharb,117,10600000000.0,8448778249.128621,11044334251.453959,8160708383.126935
D21-02521,Islamshahr,96,1700000000.0,915712975.1120669,1022427216.0981796,1332443491.4832754
D21-02522,Pardis,98,910000000.0,743120797.349921,754956249.3022114,782579629.7894256
D21-02523,Andisheh,52,670000000.0,536520140.2586603,565806145.0799534,695402269.0024284
D21-02524,Punak,85,3400000000.0,3357579083.3758535,3607167776.6787167,3347994994.8770766
D21-02525,Punak,62,1750000000.0,2413494390.7455406,2412365741.601438,2442066937.439748
D21-02526,Parand,74,420000000.0,326823542.82180256,386940247.7330896,433355157.23458755
D21-02527,Parand,74,305000000.0,361866492.9468596,362667652.98101574,433355157.23458755
D21-02528,Parand,58,255000000.0,230275346.6365874,292887552.6006575,339656744.85954136
D21-02529,Parand,125,1650000000.0,700522776.5121173,1545916834.099913,718293427.7323384
D21-02530,Parand,75,345000000.0,368463029.48153704,402265996.8703319,441399266.1873826
D21-02531,Parand,58,295000000.0,364581773.50964534,294719157.4490955,337422607.33417916
D21-02532,Parand,74,900000000.0,398297164.70536566,410982109.8439274,430504705.90912545
D21-02533,Pirouzi,45,1250000000.0,890212820.4945718,1049440052.3488983,1240226787.1982546
D21-02534,Parand,58,275000000.0,282039124.29787827,412788731.27312875,341348765.8515768
D21-02535,Parand,75,245000000.0,331433327.4976244,379787165.1653224,439211308.0080264
D21-02536,Parand,75,305000000.0,434958328.06735826,418513151.00792116,438998172.14624363
D21-02537,Southern Janatabad,88,3500000000.0,3258090329.672761,3431834644.5364184,3237228119.684681
D21-02538,Jeyhoon,130,5200000000.0,2761565967.6673713,3325704959.442975,3047681554.0514774
D21-02539,Majidieh,120,1620000000.0,4079886791.7734585,3149308020.7857256,4030511986.25375
D21-02540,Central Janatabad,85,3300000000.0,3441025256.857561,3688633084.301298,3428319408.3564644
D21-02541,Punak,150,6800000000.0,7129216270.39904,6697615350.596729,6223799341.735453
D21-02542,Gheitarieh,165,9850000000.0,15193456783.220951,12773985475.839575,12845300532.463224
D21-02543,Andisheh,240,5700000000.0,3732453529.211442,8436598813.163167,3279197057.7063313
D21-02544,West Ferdows Boulevard,76,1990000000.0,2486557492.0893126,2291142934.7180963,2754838829.6738467
D21-02545,Shahrake Gharb,120,9800000000.0,9003289262.522522,8589131313.811276,8494186116.048688
D21-02546,Heshmatieh,165,4125000000.0,5454445326.781694,3820885209.3483624,6016245278.140775
D21-02547,Heshmatieh,165,4125000000.0,5240826945.1023445,5327569987.806982,6071541511.778617
D21-02548,Jeyhoon,130,5200000000.0,2781421816.8406444,3469917823.9346933,3046827690.1243277
D21-02549,Central Janatabad,73,2750000000.0,2811862569.43365,2458655965.8885565,2927813749.3177357
D21-02550,East Ferdows Boulevard,70,2750000000.0,2526703455.3218145,2496313792.981167,2537285347.823586
D21-02551,Shahr-e-Ziba,120,4530000000.0,4390683073.566788,3521683475.6568217,3942540878.997481
D21-02552,Persian Gulf Martyrs Lake,79,2500000000.0,2287357648.1172814,1745893634.5055182,2291256652.672797
D21-02553,Shahrake Qods,90,980000000.0,879164999.3019598,1022071006.9459505,920210571.921254
D21-02554,Parand,128,950000000.0,530312050.10536474,1029251746.7797843,735532469.9979128
D21-02555,Southern Janatabad,75,2300000000.0,2757561950.4501934,2601573871.174302,2759001238.367624
D21-02556,Taslihat,94,2650000000.0,3191485643.820318,2885355893.540896,3174570349.9344006
D21-02557,Pakdasht,106,900000000.0,926433810.5602157,1062884671.1426443,961429877.5491233
D21-02558,Punak,72,2300000000.0,2994370366.9230165,2807618136.689263,2990979405.730596
D21-02559,Persian Gulf Martyrs Lake,208,11500000000.0,5658858298.226457,5066257286.204481,5991677285.167169
D21-02560,Zafar,126,7676000000.0,6459433704.637949,6882844752.304963,5639859642.330868
D21-02561,Rudhen,105,1100000000.0,2130877445.0925765,2041809974.4762928,2312256196.9172406
D21-02562,Andisheh,216,5700000000.0,3161574353.2049427,6810155307.867234,2888594040.4716325
D21-02563,Kazemabad,92,3000000000.0,2734668106.8969426,1723603370.0395112,3212698412.698417
D21-02564,Si Metri Ji,80,1410000000.0,1697933611.0740948,1699243174.140824,1740571397.8427684
D21-02565,Damavand,130,8500000000.0,1375801899.6672218,1623891627.181014,1703502109.0918581
D21-02566,Tajrish,300,9000000000.0,16228322706.574648,20330008495.7818,12488482766.18903
D21-02567,Persian Gulf Martyrs Lake,73,2200000000.0,2090086351.5731008,1210196413.4563088,2116019461.9663978
D21-02568,Shahedshahr,100,700000000.0,1384487635.284924,961770817.8748585,1658585863.9444964
D21-02569,Islamshahr,80,1100000000.0,1048777167.9821622,1018802096.5503784,1200861191.2353408
D21-02570,Feiz Garden,105,4550000000.0,3787265150.315148,3917877090.4382973,3754799983.7050214
D21-02571,Narmak,59,2100000000.0,1835903798.277948,1316449076.8040931,2065000000.0000002
D21-02572,Si Metri Ji,41,780000000.0,680075417.5565686,771781089.9457707,871460066.8747574
D21-02573,Zafar,85,5000000000.0,3858204368.0724645,4641117867.467487,3825764610.3627653
D21-02574,Shahran,66,1850000000.0,1560699339.8983154,1765457869.8459454,2320472246.947953
D21-02575,Ekhtiarieh,90,6000000000.0,5262853807.897115,5650650998.12196,5141165270.915891
D21-02576,Parand,78,405000000.0,382300328.3403228,399456416.25930023,456779760.3283489
D21-02577,Islamshahr,113,1520000000.0,1528081206.9992616,1979231113.0532665,1696216432.61992
D21-02578,Central Janatabad,88,4000000000.0,3583179007.444536,3723589650.1475496,3563093084.303792
D21-02579,Haft Tir,96,2850000000.0,2826709704.9008985,2084756503.0286548,3352380952.3809557
D21-02580,Shahrake Gharb,180,28800000000.0,16781120493.84297,18414666284.143417,13021474460.856524
D21-02581,Karoon,59,1070000000.0,981017845.1449375,1023900060.7681187,1339349303.9782555
D21-02582,Qasr-od-Dasht,58,1270000000.0,1103368457.9539986,1222133712.214124,1379442754.176889
D21-02583,Jeyhoon,46,1013000000.0,704429682.954971,833358768.0324208,1082722027.609215
D21-02584,Shams Abad,67,2600000000.0,2203888254.708596,2552560936.5786247,2454301262.0907416
D21-02585,Salsabil,57,1090000000.0,935700429.5008711,920283124.1549429,1226052217.995938
D21-02586,Central Janatabad,95,4000000000.0,3858774648.3455243,4151106798.123617,3810326202.209118
D21-02587,Pakdasht,73,480000000.0,645121471.5956695,733374103.4180548,738282506.8722624
D21-02588,Pardis,87,658000000.0,633496040.5207942,663461978.9701078,675404982.2501917
D21-02589,Keshavarz Boulevard,122,2420000000.0,5675028286.216977,4606722447.491158,4311257990.700712
D21-02590,Karoon,50,1000000000.0,734998073.6101844,953319167.3851787,1064738529.7143922
D21-02591,Karoon,62,1020000000.0,967292024.0561818,1077210849.9497223,1396072408.9457579
D21-02592,Pasdaran,86,5400000000.0,5430268208.1875305,5495420841.505758,5309153556.60784
D21-02593,Jeyhoon,53,900000000.0,892673988.171493,757277956.9994934,1242516325.882523
D21-02594,Persian Gulf Martyrs Lake,100,435000000.0,2906168054.4833107,2528765631.390053,2900324876.8010025
D21-02595,Robat Karim,55,305000000.0,1122843363.6958778,1016037239.5731357,1395054493.269143
D21-02596,Parand,58,305000000.0,254966124.47206295,297892008.56485516,339656744.85954136
D21-02597,Islamshahr,78,1000000000.0,962858950.3819339,920450705.6196473,1082610336.8301604
D21-02598,Elahieh,145,10150000000.0,13431303022.379118,12298444864.778028,11521113923.822575
D21-02599,Yousef Abad,110,6000000000.0,6225193200.412304,6494015494.145432,6048584586.005432
D21-02600,Robat Karim,64,350000000.0,1476718701.6745343,1302268107.3087194,1644641614.6863272
D21-02601,East Pars,86,1204000000.0,2107904809.4416313,1752676214.9036357,2657208060.122847
D21-02602,Damavand,75,520000000.0,720007434.8656236,529516597.57561445,923038039.4825327
D21-02603,Feiz Garden,110,4550000000.0,3976177349.5159287,4047790979.5358796,3933599982.929073
D21-02604,West Ferdows Boulevard,71,2000000000.0,2101649750.1596465,1982355436.9874282,2573599432.9847803
D21-02605,Southern Janatabad,90,3750000000.0,3335393157.3021226,3440018399.078631,3310801486.0411496
D21-02606,Pirouzi,63,2153000000.0,1696491381.50337,1762557909.172206,1742899011.1206322
D21-02607,Northern Chitgar,50,345000000.0,744844858.8204287,545837520.1052514,958611909.0121816
D21-02608,Pardis,85,730000000.0,663101743.6315229,634744364.7268678,668409794.5810523
D21-02609,Pasdaran,83,4700000000.0,5133665386.287524,4753191335.484438,5002338459.0178175
D21-02610,Elahieh,175,17500000000.0,19081889099.672283,17541121586.31765,16050457417.658503
D21-02611,Pasdaran,57,3700000000.0,3151142830.104514,3203836846.5159893,3435340869.445961
D21-02612,Feiz Garden,66,1750000000.0,2039233176.9195051,1900430540.231086,2493053324.463197
D21-02613,Shahran,74,2390000000.0,2620995585.6726203,2665288563.287318,2628020426.7568755
D21-02614,Ray - Pilgosh,45,990000000.0,1459074818.7316132,1331999047.3831255,1557692307.692309
D21-02615,Ekhtiarieh,78,4700000000.0,4750295040.543064,4079611417.2571826,4643010420.222544
D21-02616,Parand,75,280000000.0,348137971.669948,402926011.7093438,441399266.1873826
D21-02617,Islamshahr,103,1442000000.0,1444456858.7670903,1496122236.9547877,1481634974.2358882
D21-02618,Feiz Garden,61,1800000000.0,1600435088.2983053,1965840339.4607196,2264953275.748608
D21-02619,Shahr-e-Ziba,124,3900000000.0,4629153580.066046,3782996221.934091,4085682979.8891077
D21-02620,Damavand,62,710000000.0,550619873.2279655,538091317.9740171,812439467.4130403
D21-02621,Gholhak,110,7000000000.0,5645050601.076126,6574347164.01011,5448409552.522159
D21-02622,Pasdaran,180,13000000000.0,12673449944.338732,11549266015.72793,10848444850.881971
D21-02623,Andisheh,40,260000000.0,423715474.1307897,426089089.3060889,553999442.2478899
D21-02624,Republic,95,1450000000.0,2821619982.4129634,2108837510.3873696,2821075892.652432
D21-02625,Tehran Now,104,2200000000.0,2969093085.7136188,2509119551.3811054,3179288472.7786183
D21-02626,Andisheh,37,345000000.0,395122322.57882196,415699510.2083524,505542879.72972625
D21-02627,Shahryar,60,600000000.0,782665142.0348414,767608109.2922117,998366874.2584713
D21-02628,Shahran,69,2600000000.0,2430852364.8874764,2447938639.8410606,2457788007.1271625
D21-02629,Damavand,700,7000000000.0,9608849382.614359,3936988828.8410463,8874075569.088148
D21-02630,Northern Chitgar,60,875000000.0,972893344.5168082,794521420.4892133,1115314671.8660147
D21-02631,Niavaran,95,9000000000.0,9689466551.408358,7627099433.402699,8763986040.855097
D21-02632,Andisheh,51,670000000.0,525758656.2854679,565806145.0799534,682029148.4446899
D21-02633,Zargandeh,106,5600000000.0,4410607897.395253,5350460403.096794,4345929064.02241
D21-02634,Narmak,100,3200000000.0,3720639678.292524,4030179214.091037,3682759082.6813035
D21-02635,Koohsar,80,2400000000.0,2711873263.148177,2671897018.757377,2701764144.8372855
D21-02636,Ghiyamdasht,78,640000000.0,2695864844.2831874,2539832967.2217326,2699999999.999995
D21-02637,Damavand,90,1350000000.0,1094074205.8113842,915171934.2499591,1140952573.1684754
D21-02638,Saadat Abad,95,9500000000.0,5106043131.870224,4499611071.206052,5988614770.014316
D21-02639,Parand,86,330000000.0,440564799.6608321,457085973.0156832,503628966.51587117
D21-02640,Golestan,65,360000000.0,932137711.6876951,798961935.2595638,1070644847.3081185
D21-02641,Islamshahr,102,1650000000.0,1013551336.045269,989328353.4849728,1442336288.5303066
D21-02642,Southern Janatabad,75,2700000000.0,2765359395.691495,2671572606.688814,2795513731.2955484
D21-02643,Shahr-e-Ziba,150,10700000000.0,6462124335.148245,11039989099.75441,4942358443.414254
D21-02644,Parand,60,390000000.0,288893515.7303494,419868844.2487096,344780845.31152225
D21-02645,Elahieh,72,8250000000.0,5068399845.236682,4800019926.759667,5517046415.483824
D21-02646,Pirouzi,93,5500000000.0,2142261679.0961137,2457097714.920391,2572850921.178075
D21-02647,Gholhak,106,6400000000.0,5269291509.683172,5931956761.961637,5161018646.24168
D21-02648,Shahedshahr,48,210000000.0,543853540.9007938,390603688.94639355,796121214.6933606
D21-02649,Southern Janatabad,75,2100000000.0,2630281022.8688803,2430211366.2973776,2834230636.9751616
D21-02650,Farmanieh,163,9780000000.0,15528406475.021433,17019617092.670761,14519068391.896597
D21-02651,Kahrizak,138,1242000000.0,2535169578.2125835,1901451485.3879716,2301466664.5808783
D21-02652,Shahran,119,4000000000.0,4274740941.607512,4025194656.8402596,4224952595.536703
D21-02653,Abazar,65,2500000000.0,2814102207.3729753,3480268220.5069904,2829323070.3844795
D21-02654,Pakdasht,57,450000000.0,419191293.3939463,463890061.35771644,546684288.958964
D21-02655,Telecommunication,74,780000000.0,2189459954.921464,1998771317.0855482,2561538461.5384583
D21-02656,Shahran,119,5500000000.0,4796155894.288147,4572870555.820855,4224952595.536703
D21-02657,Parand,75,280000000.0,340469944.04586667,358329663.4468642,438998172.14624363
D21-02658,Islamshahr,68,815000000.0,753229647.007143,716081061.6102564,1020732012.5500394
D21-02659,Northern Chitgar,180,2720000000.0,4288380494.9197335,2882525873.388668,3451002872.4438467
D21-02660,Hakimiyeh,70,2310000000.0,2131723876.4419239,1845962117.4352803,2387051839.3222365
D21-02661,Parand,58,255000000.0,238404713.05603027,340886164.22607017,341348765.8515768
D21-02662,Qasr-od-Dasht,60,1985000000.0,1199933686.752394,1229130962.3737333,1365793740.0296736
D21-02663,Air force,88,2500000000.0,2320906938.003325,1529967843.9266639,3074026869.895134
D21-02664,Shahran,82,2800000000.0,2912049726.387048,3106407366.025853,2920849515.7163324
D21-02665,Ray,63,1134000000.0,1413902643.9328444,1103720528.6613457,1603317729.2126997
D21-02666,Northern Chitgar,120,1750000000.0,2429433736.544058,1234084654.7486153,2230629343.7320256
D21-02667,Republic,56,1900000000.0,1138572715.7236714,827154941.298373,1633751725.842119
D21-02668,Saadat Abad,75,3850000000.0,5235322172.52659,3738883359.9229164,4781619236.760822
D21-02669,Golestan,60,420000000.0,563741128.9994738,560444101.1590912,872769420.8662671
D21-02670,Persian Gulf Martyrs Lake,50,330000000.0,1437293584.1857114,1219381182.7181826,1450162438.4005039
D21-02671,North Program Organization,253,30360000000.0,12243412525.683287,15495561014.77014,9632914935.532984
D21-02672,East Ferdows Boulevard,111,3990000000.0,4073340974.236965,4434455134.480467,4010155832.6735034
D21-02673,North Program Organization,105,5985000000.0,4618855921.307009,4300161153.259845,4141374224.4968123
D21-02674,Niavaran,92,6300000000.0,7834792081.751759,7005390203.368066,8442851745.890485
D21-02675,Gheitarieh,350,35000000000.0,33947463002.74351,43787612985.22871,25413377949.61241
D21-02676,Mirza Shirazi,100,4100000000.0,3535182381.514316,2550480448.025591,3492063492.0635037
D21-02677,Northern Chitgar,150,2240000000.0,3198343953.983614,2095091737.0653262,2875835727.036548
D21-02678,Northren Jamalzadeh,94,2400000000.0,2881207170.1639695,2915130456.0196133,3585323814.6657033
D21-02679,Northren Jamalzadeh,140,6700000000.0,5769264455.438828,5896398092.642359,5070950588.382373
D21-02680,Yousef Abad,65,8500000000.0,3692510456.2933264,3155795216.7671785,3286682122.682115
D21-02681,Northren Jamalzadeh,84,2600000000.0,3076493906.4642453,3225780216.4429917,3080625802.821212
D21-02682,Mehran,114,6840000000.0,5127329649.333557,6574808463.318763,5001729700.813519
D21-02683,Northren Jamalzadeh,114,5500000000.0,3967405341.8815293,3416177695.715287,3927901504.3299336
D21-02684,Northren Jamalzadeh,40,1500000000.0,1271920615.8926191,1007924189.9066828,1378211054.150854
D21-02685,Parand,82,353000000.0,402779765.9799518,451092461.277752,480204363.42211044
D21-02686,Koohsar,87,2350000000.0,2871583875.7685223,2613721668.719495,2868593618.3950405
D21-02687,Parand,86,470000000.0,423302674.0287881,473271982.466181,503628966.51587117
D21-02688,Gandhi,500,70000000000.0,23248337024.683086,30057188392.474903,17245689116.51394
D21-02689,Shahr-e-Ziba,61,1490000000.0,1343985185.1692233,1585366896.7774248,2010891815.2554142
D21-02690,Shahr-e-Ziba,96,5280000000.0,3180941202.249906,3461526384.976587,3164682201.0577035
D21-02691,Shahran,90,3400000000.0,3179315809.518262,3359408208.4090123,3164280336.7472153
D21-02692,Northren Jamalzadeh,135,6000000000.0,5553788089.526356,5619241388.631252,4889845210.22585
D21-02693,Parand,58,295000000.0,255691310.47392392,351688953.2171887,341348765.8515768
D21-02694,Gholhak,114,7550000000.0,5869128211.14934,6871388212.560789,5646533536.250246
D21-02695,Parand,75,380000000.0,335978459.5275314,381588181.5763068,438998172.14624363
D21-02696,Northren Jamalzadeh,90,3450000000.0,3551316724.3300505,3607852072.128633,3515698886.1108646
D21-02697,Shahr-e-Ziba,90,2900000000.0,2973166628.4240203,3147187773.088266,2966889563.491597
D21-02698,Shahr-e-Ziba,90,2900000000.0,2973166628.4240203,3147187773.088266,2966889563.491597
D21-02699,Narmak,100,3800000000.0,3720639678.292524,4030179214.091037,3682759082.6813035
D21-02700,Si Metri Ji,82,1600000000.0,1722725518.1190455,1682575204.725263,1757167903.685107
D21-02701,Andisheh,58,754000000.0,679295229.2539486,653324449.0261455,803299191.2594385
D21-02702,Karimkhan,70,3200000000.0,2568144574.878907,2763690949.221699,2612163600.4619
D21-02703,Argentina,303,33330000000.0,14350807864.782272,33838853110.570442,11470059807.550367
D21-02704,Parand,83,500000000.0,390147337.7796089,482110572.15674585,482863386.35753214
D21-02705,Parand,75,250000000.0,403932440.46626955,410128499.240221,436322337.07005966
D21-02706,Mehran,114,6840000000.0,5127329649.333557,6574808463.318763,5001729700.813519
D21-02707,Central Janatabad,60,2100000000.0,2181116941.7280774,2152568225.288358,2429364286.5936804
D21-02708,Parand,54,260000000.0,221228882.05704385,360030379.54506755,317807471.65491617
D21-02709,Parand,75,390000000.0,401902357.77115464,414282976.91428137,438998172.14624363
D21-02710,Parand,78,400000000.0,448180392.86583155,480162356.4094773,459055236.8348792
D21-02711,Parand,78,395000000.0,382300328.3403228,399456416.25930023,456779760.3283489
D21-02712,Marzdaran,95,4085000000.0,5398805846.77034,5899776800.66958,5255465940.607155
D21-02713,Ostad Moein,100,3150000000.0,2639898979.2282963,2437095360.5138497,2643028709.9803777
D21-02714,Parand,75,397000000.0,346996520.435554,352075044.9412488,439211308.0080264
D21-02715,Seyed Khandan,114,6840000000.0,4231011005.3422685,4496105154.468346,4179925749.1639376
D21-02716,Malard,50,250000000.0,858500287.8787884,838454517.6472276,1168266488.0168548
D21-02717,Feiz Garden,75,2700000000.0,2909958019.0354023,2856074407.057386,2775787102.3517504
D21-02718,Afsarieh,105,2400000000.0,2976166641.135788,3049707323.7159934,2969156555.337159
D21-02719,Shahrake Quds,141,2115000000.0,3564589373.6092763,3595626348.1736374,3225441865.5056624
D21-02720,Pirouzi,74,1600000000.0,1541208018.2782378,1395625039.8289936,2042784736.6316013
D21-02721,Fallah,38,650000000.0,652130976.0804378,891023821.4846859,839996633.5011002
D21-02722,Gheitarieh,80,850000000.0,5932335247.369818,5689160516.722492,6297312013.827189
D21-02723,Safadasht,102,938400000.0,3545598600.549321,2878377262.657349,3516387576.3169737
D21-02724,Niavaran,110,10640000000.0,10672795463.333153,9534458922.052105,10147773310.463783
D21-02725,Shahrake Qods,98,830000000.0,776015514.123608,821807084.2267038,963801523.6687977
D21-02726,Ostad Moein,57,1600000000.0,1295210461.9027047,1399755923.295664,1477174746.2179267
D21-02727,Si Metri Ji,45,890000000.0,685089814.3207594,963179473.5931541,964299459.3393867
D21-02728,Jeyhoon,105,2500000000.0,2449721266.9138155,2281220784.2543693,2460899288.177337
D21-02729,Rudhen,135,3500000000.0,2311924526.2735486,1710206957.1316464,2549893234.067688
D21-02730,Saadat Abad,65,3490000000.0,3278461105.7205515,3367112867.15678,3916490514.820564
D21-02731,Shahrake Quds,88,750000000.0,1271773763.6245005,746925018.4744544,1543884924.5451
D21-02732,West Ferdows Boulevard,110,5050000000.0,4081918026.4375257,4332967417.853329,4018473779.684325
D21-02733,Northren Jamalzadeh,63,2600000000.0,2248500562.6087427,2187495148.3514066,2310469352.115911
D21-02734,Northren Jamalzadeh,94,2400000000.0,2879754673.823267,2901453187.8024335,3671952169.9380107
D21-02735,Karoon,45,890000000.0,734496996.7358985,882423053.5653821,1062584958.6848787
D21-02736,Azarbaijan,40,1000000000.0,738508997.7741878,775131357.4303228,1092980857.9152462
D21-02737,Northren Jamalzadeh,100,3600000000.0,2742968356.473866,2106510499.604048,3445527635.377126
D21-02738,Amirabad,89,3500000000.0,3228115887.9105525,2960931446.9194655,3510759357.5147223
D21-02739,Afsarieh,65,1330000000.0,1730853106.969971,1242502968.0054445,1897861889.4294376
D21-02740,Central Janatabad,125,6250000000.0,5097739993.227477,5727125932.397852,5013379707.735865
D21-02741,Central Janatabad,125,6250000000.0,5097739993.227477,5727125932.397852,5013379707.735865
D21-02742,Pasdaran,136,7300000000.0,9459578873.974298,8666592974.838758,8196602776.221958
D21-02743,Heravi,150,7600000000.0,9056883559.531857,9797474589.677128,7818149526.0113125
D21-02744,West Ferdows Boulevard,55,1580000000.0,1351302677.5753276,1511182871.5906274,1948679535.2736492
D21-02745,Seyed Khandan,130,8450000000.0,5281549030.586977,5622966154.311201,4755878412.910575
D21-02746,West Ferdows Boulevard,73,1840000000.0,1998573918.78886,1881269498.741946,2625546354.58797
D21-02747,Northren Jamalzadeh,85,3600000000.0,3116430434.556574,3262845617.9333086,3117299919.521471
D21-02748,Ostad Moein,63,1380000000.0,1537208226.1727931,1431366413.9744232,1710493085.4842327
D21-02749,Tajrish,100,5700000000.0,4677312256.744954,5511624840.99522,4582575694.9558525
D21-02750,Persian Gulf Martyrs Lake,110,3150000000.0,3556015696.195051,3116289473.2327185,3278492219.7895885
D21-02751,North Program Organization,71,2160000000.0,2769673391.484939,2819214710.008348,2806779289.7908034
D21-02752,Hashemi,37,570000000.0,633976463.6786366,763426874.747262,944329277.7384107
D21-02753,Persian Gulf Martyrs Lake,68,2100000000.0,1763382412.77458,1156735496.3976614,1971086622.105688
D21-02754,Persian Gulf Martyrs Lake,78,2450000000.0,2007781805.6882048,1124507074.8080952,2246878981.9376864
D21-02755,Persian Gulf Martyrs Lake,105,3250000000.0,3161011516.6997204,2882589419.078149,3129469846.162787
D21-02756,Punak,60,2000000000.0,2069467027.5504544,2153125780.783627,2491859422.6067176
D21-02757,Karimkhan,113,3170000000.0,4327972993.147693,5046640073.804791,4216778383.602785
D21-02758,Lavasan,300,25000000000.0,18892737726.833607,30420965251.34786,14941304885.806349
D21-02759,Jeyhoon,50,730000000.0,898255590.3382496,894585816.5042039,1174564625.356018
D21-02760,Beryanak,60,830000000.0,815703463.1888545,648806150.72437,1173645611.6305676
D21-02761,Ostad Moein,37,620000000.0,719481389.8168125,752583069.1003106,1004575304.17328
D21-02762,Beryanak,33,560000000.0,435708958.2154854,602174799.0645354,659400378.4456723
D21-02763,Jeyhoon,73,1580000000.0,1436730896.1240895,1387960179.5897543,1711390411.1212099
D21-02764,Beryanak,59,880000000.0,793543027.072268,567184917.9089627,1212307657.5903099
D21-02765,Qarchak,95,1450000000.0,2166409521.8507457,2114020722.6554375,2181272142.3299317
D21-02766,Parand,75,300000000.0,319768500.0032976,384507295.4778706,436322337.07005966
D21-02767,Ostad Moein,65,1550000000.0,1440795208.3973808,1255060223.2333736,1764794453.2773795
D21-02768,Pirouzi,52,1250000000.0,997327329.5226806,1147877035.0806746,1457633970.7413425
D21-02769,Andisheh,105,1100000000.0,1229412197.7310886,1700911581.4872513,1404177658.5625947
D21-02770,Ostad Moein,50,850000000.0,902670594.6827788,922867763.1694565,1324863308.9396267
D21-02771,Pirouzi,74,2200000000.0,2047051447.0096335,1831540176.4080088,2074325266.0549872
D21-02772,Southern Suhrawardi,132,6700000000.0,5433455156.958337,5731430972.717605,4569230769.230764
D21-02773,Mehran,104,4200000000.0,4857513710.938232,5329826472.757605,4745651592.740919
D21-02774,Jeyhoon,50,715000000.0,858018546.2876158,640559957.9918827,1173175915.4884403
D21-02775,Komeil,55,1100000000.0,1169650667.954372,1395716720.2038405,1330235120.3831859
D21-02776,Komeil,46,700000000.0,847667341.7847279,850562317.7231374,1154528676.1922317
D21-02777,Beryanak,55,1020000000.0,890849232.245608,681360529.5392556,1096469184.7356606
D21-02778,Parand,108,1150000000.0,545275105.3204712,1070289948.9167999,632157367.8905911
D21-02779,Ostad Moein,68,1970000000.0,1803018703.8248982,1676291505.3802238,1845133388.6201332
D21-02780,Khademabad Garden,130,1755000000.0,4593951748.220591,5726075604.957637,4499999999.999999
D21-02781,Tenant,40,1050000000.0,729481327.8488073,775131357.4303228,1080187502.12242
D21-02782,Tenant,63,1350000000.0,1337342626.591367,1490618161.3179362,1743004729.6993985
D21-02783,Mirdamad,140,8000000000.0,8705967082.844501,8794415505.194872,7657522369.998188
D21-02784,Jeyhoon,42,900000000.0,848755179.2422526,1136875359.2255535,985467769.010291
D21-02785,Tenant,90,3150000000.0,2457841738.1593876,2149234702.5477,2461930818.095682
D21-02786,Andisheh,39,550000000.0,421783731.73615766,330774217.2581057,538044709.1541015
D21-02787,Andisheh,55,450000000.0,703097489.3272952,686579413.0378426,761749233.0908486
D21-02788,Shahrake Gharb,200,14000000000.0,16799629227.678165,17583068486.472668,14156976860.08117
D21-02789,Si Metri Ji,98,1950000000.0,2085454687.7171495,1924799039.2105372,2112231427.8967059
D21-02790,Salsabil,71,1185000000.0,1481112530.3179588,1507722775.3614295,1633602860.1906466
D21-02791,Tenant,50,1250000000.0,1050000235.8370584,982632975.7110053,1383337087.063014
D21-02792,Tenant,53,1113000000.0,1002475941.1342744,1279927042.1777875,1465580961.1704001
D21-02793,Punak,60,2750000000.0,2212976854.6980577,2288378204.470398,2449408083.633415
D21-02794,Pakdasht,160,980000000.0,1778704478.6744974,1717450507.274222,1654165061.0052688
D21-02795,Tenant,63,1890000000.0,1794533948.4526777,1748252439.5163558,1743004729.6993985
D21-02796,Tenant,96,2400000000.0,2651567230.7437897,3076517813.1277723,2654637212.6860104
D21-02797,Tenant,90,2300000000.0,2471472930.4961753,2426219903.826075,2488722386.893135
D21-02798,Tenant,120,3240000000.0,3591476204.7677813,2988938977.4149446,3251049820.5411916
D21-02799,Tenant,100,2600000000.0,2766349537.922724,2858929961.4768496,2766674174.1260233
D21-02800,Ostad Moein,80,2440000000.0,2046051057.6199198,1890279650.4391282,2073227713.9900734
D21-02801,Tenant,43,1200000000.0,1034522394.531953,1063471525.9793909,1176255835.3123808
D21-02802,Tenant,79,2930000000.0,2105874842.0343244,2158979361.778552,2140274465.189622
D21-02803,Tenant,50,1200000000.0,1050000235.8370584,982632975.7110053,1383337087.063014
D21-02804,Tenant,60,1120000000.0,1099683731.8644252,1067602892.9708959,1641287212.0637891
D21-02805,Tenant,55,1420000000.0,1075554378.985179,1059336015.6823153,1485257815.4183273
D21-02806,Dezashib,150,12000000000.0,10255018802.152277,10291944010.854877,8809420031.000704
D21-02807,Andisheh,55,450000000.0,657500952.2405747,657161766.4308504,761749233.0908486
D21-02808,Tenant,55,1155000000.0,1006661745.3511384,1147939454.2360876,1504513277.7251408
D21-02809,Tajrish,100,5700000000.0,5020695112.860604,5791479550.566031,4897939515.008631
D21-02810,Tenant,60,1400000000.0,1354662794.505851,1372656561.8548076,1659148257.9287577
D21-02811,Gisha,96,5500000000.0,4431290762.397979,5245144761.204174,4345881679.911425
D21-02812,Persian Gulf Martyrs Lake,112,3300000000.0,3266906722.8997617,3233211086.57899,3246495612.879955
D21-02813,Andisheh,65,600000000.0,795095224.208905,858328656.7351171,896741181.9235007
D21-02814,Persian Gulf Martyrs Lake,100,1060000000.0,2997320347.610521,2278246578.2284384,2980447472.535987
D21-02815,Yousef Abad,105,5600000000.0,5929427988.107897,5729696752.638625,5773648923.005181
D21-02816,Mirdamad,125,6500000000.0,7289122549.814321,7854873751.925911,6672822286.0900955
D21-02817,Jeyhoon,48,995000000.0,892071466.8481234,911579438.1610546,1129796898.3748329
D21-02818,Hakimiyeh,67,2170000000.0,2265599552.9271803,1444175946.4438446,2285601578.3213744
D21-02819,Farmanieh,83,6200000000.0,7887401891.707425,6574351894.382878,7545909556.193712
D21-02820,Pardis,150,3900000000.0,1291905016.7347147,1302808034.410091,1193789111.9141374
D21-02821,Ostad Moein,100,3150000000.0,2639898979.2282963,2437095360.5138497,2643028709.9803777
D21-02822,Persian Gulf Martyrs Lake,111,3150000000.0,3565161101.2417293,2692663738.9810205,3197481628.1420913
D21-02823,Tenant,53,1100000000.0,1172330534.0347323,1232628018.110837,1435880337.4056928
D21-02824,Parand,75,350000000.0,368463029.48153704,402265996.8703319,441399266.1873826
D21-02825,Sabalan,92,2300000000.0,2906548878.674993,2328865834.1449103,2914106994.1246967
D21-02826,Jeyhoon,53,1500000000.0,1089247651.141625,1310786538.0764732,1242516325.882523
D21-02827,Karoon,47,800000000.0,768796286.9102372,752979355.625281,1136059945.3833776
D21-02828,Farmanieh,330,46200000000.0,34811189431.19086,33464400476.403645,27839622184.296978
D21-02829,Jeyhoon,44,1040000000.0,833058356.4659111,998438852.1444793,1033616870.3132942
D21-02830,Gheitarieh,80,6000000000.0,6529659936.328046,5445194405.914996,6297312013.827189
D21-02831,Valiasr,81,1800000000.0,2046467533.0293014,2025314755.224242,2279864329.309693
D21-02832,Ostad Moein,117,3680000000.0,3451191216.6848254,3157952381.259291,3176630015.899293
D21-02833,Azarbaijan,37,950000000.0,667795921.1096317,745130242.1311766,1008917009.6679454
D21-02834,Parand,82,360000000.0,445166406.493948,501419056.41622436,471200488.5924131
D21-02835,Si Metri Ji,98,1950000000.0,2032867368.0057852,1675503880.5637243,2052302071.011269
D21-02836,Zafar,150,6000000000.0,6372459904.971616,7693776639.579353,7330146973.627063
D21-02837,Hor Square,51,858500000.0,1219905573.8409944,1240437555.0064392,1525640222.9754744
D21-02838,Shahran,95,3250000000.0,3364420466.320907,3608345240.837885,3340073688.78873
D21-02839,Ostad Moein,63,1280000000.0,1537208226.1727931,1431366413.9744232,1710493085.4842327
D21-02840,Parand,80,390000000.0,395323526.6865867,415499192.68364465,468264716.9559932
D21-02841,Ekhtiarieh,133,8400000000.0,9247322967.290817,9856219967.367907,7981449964.82226
D21-02842,Fallah,48,710000000.0,806216824.284212,1120104815.304427,1066562489.0109509
D21-02843,East Ferdows Boulevard,185,9500000000.0,7803192024.740915,10952961504.910675,6805732034.414089
D21-02844,Fallah,62,806000000.0,1213036565.6493387,1503526776.0278876,1386356343.3859391
D21-02845,Fallah,75,1200000000.0,1725674454.9844306,1822040122.8347363,1677043963.7733111
D21-02846,Fallah,48,740000000.0,806216824.284212,1120104815.304427,1066562489.0109509
D21-02847,Ostad Moein,57,1600000000.0,1335508234.5189452,1511871021.110856,1510344172.1911728
D21-02848,Hashemi,55,1650000000.0,1498940110.3128152,1554020619.5641336,1403732710.1516914
D21-02849,Ostad Moein,48,1350000000.0,1081993682.7785053,1124726824.022,1243936628.3940465
D21-02850,Si Metri Ji,49,900000000.0,907136807.9410121,1013444953.2006716,1050014966.8362235
D21-02851,East Pars,60,1380000000.0,1532894577.6457846,1380087001.135016,1855850656.4296563
D21-02852,Persian Gulf Martyrs Lake,130,4150000000.0,4192811097.563699,3505858524.3178444,3770546191.426178
D21-02853,Ray,70,1820000000.0,1769623813.1534853,1837219095.359893,1693585327.794532
D21-02854,Persian Gulf Martyrs Lake,113,3170000000.0,3297348836.00831,3254882196.2555766,3275482180.8521023
D21-02855,Abazar,80,3000000000.0,3489818032.503813,3622625452.0960507,3456937361.214898
D21-02856,Shahrake Quds,93,650000000.0,1952647511.5433328,1920558484.3031852,2127419102.7803273
D21-02857,Railway,60,870000000.0,1962968612.0326693,2219626416.572694,2198004847.9599547
D21-02858,East Pars,56,1550000000.0,1665358118.0521882,1095113361.340489,1741434406.047896
D21-02859,Central Janatabad,65,2620000000.0,2625345986.3578978,2467298029.6601486,2631811310.4764824
D21-02860,Ostad Moein,68,1320000000.0,1516248999.3947961,1488816964.782104,1801814100.1578906
D21-02861,Si Metri Ji,104,1830000000.0,2218857310.782564,2028869160.9179866,2241551719.4005847
D21-02862,Central Janatabad,84,3850000000.0,3404283460.89353,3501860201.8101087,3368991163.598496
D21-02863,West Ferdows Boulevard,72,2000000000.0,2387230127.0206494,2208168289.7481365,2630273746.7024713
D21-02864,Shahrake Qods,80,880000000.0,735465690.4976442,834288743.8915532,781763856.805995
D21-02865,Ostad Moein,68,1970000000.0,1726006640.2204156,1804610515.4573016,1762243556.891562
D21-02866,Jeyhoon,44,1050000000.0,824852282.2778885,963122112.6526036,1031233987.4266933
D21-02867,Persian Gulf Martyrs Lake,105,2700000000.0,3161011516.6997204,2882589419.078149,3129469846.162787
D21-02868,Shahr-e-Ziba,124,3980000000.0,4629153580.066046,3782996221.934091,4085682979.8891077
D21-02869,Niavaran,220,20900000000.0,23802833497.726177,25818172165.072063,19693188159.159172
D21-02870,West Ferdows Boulevard,83,2640000000.0,3039786975.9359965,3129587086.393672,3032121124.670908
D21-02871,Ostad Moein,68,1970000000.0,1803018703.8248982,1676291505.3802238,1845133388.6201332
D21-02872,West Ferdows Boulevard,115,4900000000.0,4149747632.4276114,4606082031.384292,4097483364.6888742
D21-02873,Ostad Moein,80,2250000000.0,2132661865.5657456,1951236758.040011,2172054711.726007
D21-02874,Andisheh,66,750000000.0,549408656.2899511,537236374.3971505,850981342.4813293
D21-02875,West Ferdows Boulevard,68,2930000000.0,2394714201.184479,2447938639.8410606,2422859728.6855955
D21-02876,West Ferdows Boulevard,60,2550000000.0,2056797079.4766624,2145256948.1015663,2125832220.2985253
D21-02877,Punak,62,2250000000.0,2367251249.6263323,2136106607.2002308,2572503727.9173193
D21-02878,Ostad Moein,57,1600000000.0,1378358245.8805516,1479963816.6797285,1547588982.1047795
D21-02879,Parastar,87,2500000000.0,2552506469.8015304,2668928929.9799924,2429025630.424406
D21-02880,West Ferdows Boulevard,59,1950000000.0,1721959181.1129637,1975285790.6266456,2090401683.2935474
D21-02881,East Pars,55,1450000000.0,1507371867.5187726,1272785575.6921775,1709298599.8628244
D21-02882,Persian Gulf Martyrs Lake,101,5252000000.0,2915223861.751476,2486615162.1400547,2909420220.201364
D21-02883,Shahran,62,2100000000.0,2014768112.605669,2025686694.5823386,2201235806.0779457
D21-02884,Pasdaran,113,8475000000.0,7312305611.285679,7936337981.134667,6975980836.007968
D21-02885,Keshavarz Boulevard,78,3500000000.0,2584664245.6089363,2107499327.2862153,2605490998.046369
D21-02886,Shahrake Quds,66,520000000.0,934941040.6444542,682151426.6345624,1179793393.812463
D21-02887,Andisheh,38,320000000.0,308282761.3431318,309886033.7625278,489958954.7619768
D21-02888,Yousef Abad,90,6300000000.0,4229208302.563835,4413707292.120253,4550790631.406011
D21-02889,Karoon,45,680000000.0,739055029.0932842,998211465.7762401,1021537604.7291766
D21-02890,Saadat Abad,72,4000000000.0,4646919998.3150625,3975133699.6257334,4538739615.168745
D21-02891,North Program Organization,105,4900000000.0,4194354817.3718686,4235881000.6385756,4141374224.4968123
D21-02892,North Program Organization,155,5100000000.0,6700909338.957724,6515277410.111095,5865428073.95513
D21-02893,Abazar,112,4300000000.0,5477155141.868245,6762282263.995995,4958757512.298968
D21-02894,Hassan Abad,65,510000000.0,2067275779.3743217,1362076233.5470154,2269841269.84127
D21-02895,East Pars,40,1145000000.0,1075890688.3189447,953305847.4736426,1235910725.638538
D21-02896,Persian Gulf Martyrs Lake,140,3800000000.0,4530875136.483556,3503179368.3552895,4060588206.151257
D21-02897,North Program Organization,155,5300000000.0,7311090600.358581,7910520051.0034485,6363134303.861751
D21-02898,West Ferdows Boulevard,50,2200000000.0,1576356834.946205,1916028190.6433306,1781514506.386469
D21-02899,Islamshahr,45,218000000.0,412353970.3300135,369864823.5537771,647316250.879758
D21-02900,Shahrake Gharb,68,5000000000.0,4584197931.571408,4985343000.723607,4919223685.212453
D21-02901,Islamshahr,85,430000000.0,922280085.0577155,739414211.6354213,1201946907.1085927
D21-02902,North Program Organization,170,8000000000.0,7670156851.560007,9568783641.715681,6720457454.428692
D21-02903,Islamshahr,50,240000000.0,480685272.9924307,317449848.90578127,707027592.4168181
D21-02904,Islamshahr,55,330000000.0,533428066.40964174,448813666.3146237,800800311.5030077
D21-02905,Saadat Abad,75,315000000.0,4843657514.67471,3981357223.300739,4727853765.80077
D21-02906,Shahryar,96,1145000000.0,1806005208.7517424,1463307434.717888,1572986661.7251647
D21-02907,Parand,58,235000000.0,237426956.92574462,295254555.83069533,339491919.7930948
D21-02908,Nawab,43,700000000.0,968771300.8672928,1249158019.726455,1386272321.2735012
D21-02909,Parand,58,255000000.0,230275346.6365874,292887552.6006575,339656744.85954136
D21-02910,Feiz Garden,103,4000000000.0,3711815890.240446,3781163606.1827154,3683279984.0154066
D21-02911,Pasdaran,70,5100000000.0,3904524168.219686,3857181406.64682,4218839664.231883
D21-02912,Pasdaran,150,9750000000.0,10477872232.523144,10878520653.222332,9040370709.068338
D21-02913,Pakdasht,65,320000000.0,456441261.5833525,454681100.8238622,672004556.033391
D21-02914,Marzdaran,140,5400000000.0,7116919702.75915,6154563859.344296,7971480311.556826
D21-02915,Si Metri Ji,79,1400000000.0,1367911118.7913203,1166519747.691676,1692881273.0624838
D21-02916,Jeyhoon,97,2300000000.0,2039802373.5641837,2088616446.3543847,2278655373.1906743
D21-02917,Marzdaran,90,6230000000.0,4999128938.724106,5265699458.836365,4877218416.517042
D21-02918,Waterfall,175,8600000000.0,5686732541.523947,6553147140.570579,5015922830.506416
D21-02919,Marzdaran,90,6500000000.0,5098474812.814159,5052204447.654435,4981320197.617131
D21-02920,Chidz,58,3000000000.0,1627808004.2164247,943786543.2700673,1999514504.1802402
D21-02921,Mahallati,100,5300000000.0,4137173070.651846,4562271809.16491,4060990543.5588903
D21-02922,Seyed Khandan,135,3800000000.0,4785633516.326246,4715029109.509046,5517059600.3642845
D21-02923,Ekhtiarieh,185,16200000000.0,12341922397.320023,12220517641.346455,10567950834.660446
D21-02924,Northern Janatabad,50,1745000000.0,1258420324.157528,1516179010.6737294,1863656924.081072
D21-02925,Salsabil,85,2000000000.0,1795769448.7872036,1661009740.656771,1828323482.9763973
D21-02926,Abazar,110,4250000000.0,5355250101.549004,5779336526.675097,4753288871.670484
D21-02927,Central Janatabad,67,3150000000.0,2677475481.2075033,2654880984.5492725,2687282689.9790564
D21-02928,East Ferdows Boulevard,190,9500000000.0,7906376426.488115,13112438189.592558,6907925387.730013
D21-02929,Yousef Abad,95,6300000000.0,4910867595.276405,5573545708.284815,4803612333.150793
D21-02930,Salsabil,55,1050000000.0,959643589.2653363,878600890.4653678,1196511237.3325415
D21-02931,Parand,75,550000000.0,366970551.8511759,355963280.1957349,439211308.0080264
D21-02932,Jeyhoon,87,1860000000.0,2007173032.9983578,1820744203.4532635,2041326092.9498818
D21-02933,Jeyhoon,42,930000000.0,851013641.9935615,1167861579.8582788,986634285.2990563
D21-02934,Jordan,80,4500000000.0,3558488804.711222,4262961916.689292,3860803197.250526
D21-02935,Saadat Abad,102,5000000000.0,6625424595.5954485,7554434929.522032,6402550752.962265
D21-02936,East Ferdows Boulevard,140,7300000000.0,5797774217.936817,6252384756.473432,5090050285.695792
D21-02937,Saadat Abad,120,6000000000.0,8073728731.286489,7903086899.202775,7650590778.81731
D21-02938,Farmanieh,212,36000000000.0,23115566476.324837,21019374776.152603,18883696313.38695
D21-02939,Punak,62,2100000000.0,2250324567.62627,2127350054.4177692,2442066937.439748
D21-02940,Si Metri Ji,41,790000000.0,646100217.5142931,850565723.7957402,858616172.5659382
D21-02941,Jeyhoon,75,1700000000.0,1428437658.8240182,1234166150.9740162,1765307653.7106729
D21-02942,Si Metri Ji,57,990000000.0,1068064826.8735954,986489478.7329818,1211542044.1917336
D21-02943,Hashemi,50,1500000000.0,1091695949.4308553,991522193.5846946,1252126411.5433958
D21-02944,Punak,54,2820000000.0,1982582048.3053725,2269037115.98484,2204467275.2700686
D21-02945,Persian Gulf Martyrs Lake,133,7500000000.0,4294107802.5054827,3554302300.393776,3857558795.8437023
D21-02946,Shahrake Gharb,97,5600000000.0,7309605595.246864,7029497161.695048,7017127903.906003
D21-02947,Niavaran,165,17655000000.0,17396648957.718765,13845554194.844301,14769891119.36934
D21-02948,Qasr-od-Dasht,59,1150000000.0,1241537129.5289145,1309677345.4636416,1408509127.469277
D21-02949,Karoon,60,1450000000.0,1148463055.2408197,1236178713.1358256,1277686235.657271
D21-02950,Mirdamad,135,9970000000.0,7357930234.172232,8163257687.924907,7070069251.798623
D21-02951,Azarbaijan,60,740000000.0,1127452886.4171064,1126031018.870044,1639471286.8728683
D21-02952,Niavaran,52,4600000000.0,4388711957.054408,4054108108.7500706,4772046638.981576
D21-02953,Hashemi,65,1530000000.0,1502571457.9073892,1359685000.8232543,1699964277.221952
D21-02954,Shahran,95,3150000000.0,3401514001.9841895,3810604279.2843866,3373810007.3230205
D21-02955,Northern Janatabad,60,2280000000.0,1991493952.1688685,2162103144.5160995,2382714511.0090714
D21-02956,Parand,92,590000000.0,500508845.11276704,604378638.22645,538765871.1565127
D21-02957,Mirdamad,83,4900000000.0,4587478321.247547,4984521671.426995,4517832970.581963
D21-02958,Southern Janatabad,72,2090000000.0,2472838800.853893,2276208739.855114,2720839225.485526
D21-02959,Yousef Abad,122,6000000000.0,7639658593.29403,6830276056.529615,6708430177.206036
D21-02960,Shahrake Gharb,118,10300000000.0,9129506845.318201,9980571201.299122,8705100003.593542
D21-02961,Tehransar,120,3480000000.0,3625450453.893739,2080411412.4555838,3583965090.442751
D21-02962,Gheitarieh,115,6400000000.0,9466815417.982811,8792983580.065056,8888009095.945572
D21-02963,Shahryar,102,1225000000.0,1805708039.207884,1195462651.7099743,1830780616.5476515
D21-02964,Shahran,65,2400000000.0,2312790047.868858,2410108954.8531003,2307747216.049454
D21-02965,Punak,70,2170000000.0,2677820942.755159,2418943016.4510155,2904439692.809872
D21-02966,Central Janatabad,66,2620000000.0,2667504928.3329897,2551270803.664471,2672300715.2530413
D21-02967,Punak,60,2700000000.0,1998673405.6122706,2147973377.200963,2449408083.633415
D21-02968,Shahran,46,1650000000.0,1309546653.7415118,1712238456.1718493,1633634319.3353531
D21-02969,Niavaran,180,16000000000.0,19580617429.31518,16704668824.653126,16452334046.116835
D21-02970,Keshavarz Boulevard,60,1900000000.0,1419246835.3494182,1460074139.4260118,2100333491.3787546
D21-02971,Shahrake Qods,145,1740000000.0,1524139541.0848548,1553369723.2727487,1399804289.004845
D21-02972,Sadeghieh,63,1620000000.0,2003619767.9718997,2254329805.52419,2240430823.3579845
D21-02973,Jeyhoon,58,1300000000.0,1206575770.7832136,1334993865.6795435,1360884061.9665887
D21-02974,Shahran,83,3200000000.0,2920980592.027005,3004602969.4962325,2918169643.889105
D21-02975,Sadeghieh,136,5150000000.0,5359575244.786022,4262147146.1743617,4715196305.982875
D21-02976,Pakdasht,68,510000000.0,473696185.1003275,561852399.1172811,652184765.7756063
D21-02977,Tenant,55,1400000000.0,1102674882.7148566,1278807564.2296822,1521670795.7693167
D21-02978,Damavand,600,4000000000.0,6930766919.989185,4300222178.952395,7286857961.835836
D21-02979,Shahr-e-Ziba,89,3150000000.0,2921624130.8680224,3079597630.583031,2916503183.496701
D21-02980,Mirdamad,101,7300000000.0,5703631842.121778,6285846093.887245,5524355424.07011
D21-02981,Shahr-e-Ziba,85,2975000000.0,2811448331.210209,2956035678.247041,2800669784.601412
D21-02982,Parand,87,488000000.0,463205643.64634585,500226728.2374109,509237879.6896419
D21-02983,West Pars,73,2200000000.0,2346008179.8496013,2803705936.383867,2620625443.084287
D21-02984,Shahrake Qods,145,1740000000.0,1524139541.0848548,1553369723.2727487,1399804289.004845
D21-02985,Pardis,98,550000000.0,725333852.0682671,714904054.8639832,764243401.9295615
D21-02986,Central Janatabad,90,3600000000.0,3662195800.019187,3739001930.5524926,3629985255.9068503
D21-02987,Gheitarieh,135,5700000000.0,11240472717.591345,9226590535.832348,9802302923.421936
D21-02988,Mirdamad,105,7770000000.0,5755759287.903219,5563417450.200047,5619989440.765543
D21-02989,Shahrake Azadi,90,1000000000.0,2791299125.802728,2443738086.8285966,2998202568.0942945
D21-02990,West Ferdows Boulevard,71,2800000000.0,2335991381.7071886,2166156462.5052276,2529750599.068783
D21-02991,Central Janatabad,75,3300000000.0,3002249501.17349,2699760458.239764,3024987713.2557077
D21-02992,Parand,75,385000000.0,406431450.40204304,475023468.3435178,441399266.1873826
D21-02993,Pardis,79,550000000.0,573495692.2952003,549480349.6366868,616073762.7799518
D21-02994,Jordan,345,17000000000.0,22316503514.79983,23394474947.60225,17034564005.611856
D21-02995,Shahr-e-Ziba,90,3250000000.0,2973166628.4240203,3147187773.088266,2966889563.491597
D21-02996,Fallah,48,800000000.0,910404467.2200758,926558960.524058,1061048379.1592861
D21-02997,Niavaran,110,12100000000.0,10641145419.878447,8151308588.749985,10054204139.293598
D21-02998,Jeyhoon,82,1890000000.0,1887301124.1297138,1999565446.902138,1926285985.5838678
D21-02999,Northern Janatabad,44,1650000000.0,1285699619.2215323,1485013674.925022,1739850370.634413
D21-03000,Southern Program Organization,58,2500000000.0,1972091122.7250082,2184852872.251902,2193475970.303086
D21-03001,Shahrake Gharb,117,7200000000.0,8448778249.128621,11044334251.453959,8160708383.126935
D21-03002,Shahr-e-Ziba,96,3000000000.0,3180941202.249906,3461526384.976587,3164682201.0577035
D21-03003,Shahr-e-Ziba,108,5100000000.0,3620052064.669879,3905190928.9833465,3559846546.0754805
D21-03004,Mehran,134,940000000.0,6072483402.887283,8064371544.392481,5879226139.55273
D21-03005,East Ferdows Boulevard,70,2160000000.0,2530235430.560325,2649462544.8862114,2575141850.8593826
D21-03006,Punak,64,2240000000.0,2605483644.0954943,2414333931.198666,2612701955.8756423
D21-03007,Atabak,56,900000000.0,1289648120.770043,1227335474.8922453,1514388456.56986
D21-03008,Amir Bahador,57,9800000000.0,1197650309.2184947,1255670990.1897595,1800744924.426898
D21-03009,Southern Janatabad,68,2200000000.0,2555857528.5428514,2576097417.8919644,2569681490.736326
D21-03010,West Ferdows Boulevard,55,2250000000.0,1749398917.3521633,2163562372.7496653,1948679535.2736492
D21-03011,Jeyhoon,43,900000000.0,737696806.7394904,984661711.3697746,1008931287.3200579
D21-03012,Shahran,105,3800000000.0,3819356519.418395,4068849180.7341113,3752631184.6274533
D21-03013,Salsabil,41,790000000.0,695105908.9635222,692925324.4275904,899372136.0742937
D21-03014,Si Metri Ji,78,1350000000.0,1653543269.8767881,1699243174.140824,1697057112.8966982
D21-03015,Zafar,110,5700000000.0,5015374947.431915,5565062657.4558,4923686989.336474
D21-03016,Punak,92,4100000000.0,3867105515.598585,3909734812.314417,3820851114.663632
D21-03017,Gheitarieh,96,6175000000.0,7684640039.476679,7255448214.562753,7419555419.224134
D21-03018,Persian Gulf Martyrs Lake,108,3500000000.0,3259565114.1375093,3110159198.3306723,3218883270.338871
D21-03019,Si Metri Ji,76,1350000000.0,1378401199.0103564,1616618816.0491455,1653542827.9506335
D21-03020,Heravi,80,4300000000.0,4233972377.895856,3859577028.337862,4169679747.206025
D21-03021,West Ferdows Boulevard,105,3150000000.0,3013192112.2841206,3196183666.7880573,3776470783.996384
D21-03022,Golestan,75,750000000.0,796577427.3694658,622183896.7829857,1206569437.2671576
D21-03023,Andisheh,56,515000000.0,683397722.3368855,587203287.1308815,772577018.2725557
D21-03024,Azarbaijan,50,1200000000.0,935977952.1692352,734689478.9472706,1354263017.587551
D21-03025,Jeyhoon,40,830000000.0,733441206.1499367,813691112.3769649,937748170.4773782
D21-03026,Jeyhoon,46,940000000.0,801753393.2775786,1018352729.589817,1080599455.3275383
D21-03027,Jeyhoon,93,2600000000.0,2153003863.3006234,2112374711.077774,2184690203.162194
D21-03028,Dorous,530,79500000000.0,39495518904.59316,36055149219.47316,29409373325.45197
D21-03029,Si Metri Ji,98,1950000000.0,2061634247.51132,1630407548.942831,2083002111.0664957
D21-03030,Narmak,62,2100000000.0,1831396752.9966905,2008508110.1440477,2252887451.9814105
D21-03031,Shahr-e-Ziba,100,3800000000.0,3071917448.3553457,3455015423.741378,3285450732.4979115
D21-03032,Persian Gulf Martyrs Lake,150,765000000.0,4877391603.3800535,5668866232.313011,4347985195.821381
D21-03033,Jordan,270,13000000000.0,15314862247.688326,16929624323.031767,13089597688.302286
D21-03034,Khavaran,50,710000000.0,1012154046.5020541,1179972711.13463,1444863657.3582597
D21-03035,Pasdaran,130,9500000000.0,8134900584.460077,10135079984.091745,7787613425.882078
D21-03036,Salsabil,69,1400000000.0,1231310491.8526375,1287500791.3987317,1587585878.2134485
D21-03037,Qarchak,66,600000000.0,1022898084.9353179,1061710220.0454371,1546248995.5889754
D21-03038,Northern Chitgar,90,690000000.0,1582926841.1435182,960649286.2572501,1626430085.5132105
D21-03039,Heravi,75,4590000000.0,3909068675.821468,3607757082.3687506,3897155292.311278
D21-03040,East Ferdows Boulevard,58,2200000000.0,1880443681.1594105,2141119698.4728136,2108816292.204061
D21-03041,Argentina,300,17000000000.0,13285776871.143494,26589876632.79692,12548751137.301426
D21-03042,Si Metri Ji,97,1900000000.0,2096699302.7937202,1750188305.358429,2031360213.143803
D21-03043,Parand,98,750000000.0,402118778.54054767,723173028.2017462,570127853.771544
D21-03044,Parand,73,375000000.0,361550944.61307234,492216219.17680347,419483361.79568577
D21-03045,Qasr-od-Dasht,35,990000000.0,634334189.8719882,789873663.039619,796713015.01731
D21-03046,Ostad Moein,85,2000000000.0,2014471627.219118,1923018318.7004292,2252267625.197369
D21-03047,West Ferdows Boulevard,105,3500000000.0,3857524772.807251,4053011659.3435674,3806027330.4704485
D21-03048,Southern Program Organization,55,2050000000.0,1685095132.5019178,1928123038.8003395,2080020316.6667242
D21-03049,Komeil,40,810000000.0,693994575.7085073,929089532.436131,976988136.3909801
D21-03050,Southern Janatabad,90,3750000000.0,3427280642.5846114,3756114284.6878395,3401049031.8569045
D21-03051,Ostad Moein,68,1500000000.0,1298684479.4944851,1084676697.60343,1762243556.891562
D21-03052,Khavaran,44,649000000.0,1108644975.9722917,962380028.1434226,1271480018.4752662
D21-03053,Velenjak,130,18200000000.0,10059143131.334677,10582722168.310038,9580189615.89788
D21-03054,Ostad Moein,68,1320000000.0,1541835602.6733205,1424316561.6541312,1797259522.7866516
D21-03055,North Program Organization,90,4750000000.0,3586449111.6303334,3871412575.091391,3557889240.5798945
D21-03056,Shahrake Gharb,73,7500000000.0,4363545766.359316,3552606008.478733,5054471321.928597
D21-03057,Shahran,64,1900000000.0,1720000290.3752735,1642256592.9742763,2287318055.3919754
D21-03058,Boloorsazi,82,1600000000.0,2815973066.0756736,1827491108.4068487,2828293015.10829
D21-03059,Salsabil,51,850000000.0,734974296.5949717,764526506.9101768,1088270476.8897908
D21-03060,Beryanak,43,725000000.0,635888453.2370434,868177340.9230903,859218674.9443609
D21-03061,Punak,65,2340000000.0,2428405951.252521,2578513547.7435226,2700189741.28456
D21-03062,Heravi,68,4115000000.0,2744459068.753816,3791705855.980016,3642082793.2597356
D21-03063,Air force,65,1750000000.0,2163372978.863108,1684959907.0004492,2078711442.7582211
D21-03064,West Ferdows Boulevard,59,2000000000.0,1888501324.6668303,2163562372.7496653,2090401683.2935474
D21-03065,Gheitarieh,155,13000000000.0,14231070565.606955,11616978299.596455,12066797469.889732
D21-03066,Punak,58,2350000000.0,2043951389.3710673,2352914425.107349,2284514231.798469
D21-03067,Parand,72,380000000.0,306393667.08833295,367471109.96292907,418869443.5872563
D21-03068,Khavaran,56,668000000.0,1035372146.64248,1204983600.5403123,1510945879.786487
D21-03069,Central Janatabad,90,3550000000.0,3662195800.019187,3739001930.5524926,3629985255.9068503
D21-03070,Shahran,93,2880000000.0,3346176031.3877387,3474064803.2032886,3323759049.2414637
D21-03071,Shahran,84,2400000000.0,3000942261.8631682,3079397131.6475997,2982319479.2023745
D21-03072,Parand,107,550000000.0,585910256.0511868,950947711.3264793,622486534.2199501
D21-03073,Tajrish,150,12750000000.0,7153439481.841211,6697615350.596729,6244241383.094525
D21-03074,Mehrabad River River,120,2600000000.0,3604935374.4085774,2359955773.406043,4190476190.476191
D21-03075,Gheitarieh,165,12300000000.0,14946085818.912735,12540107207.120295,12752360876.791468
D21-03076,Parand,87,550000000.0,492702368.90223897,538401531.7123414,499932225.701706
D21-03077,Shahran,76,1990000000.0,2427484159.928959,2247413962.03887,2672058951.030987
D21-03078,Shahran,83,2980000000.0,2949219401.1969576,3064318263.330556,2956469631.7616615
D21-03079,Central Janatabad,115,3900000000.0,4741017141.199521,5277725445.193063,4656314826.078814
D21-03080,Jordan,115,6200000000.0,5702403128.7620735,7007435835.598721,5539320009.922755
D21-03081,Abuzar,85,2715000000.0,2583604917.381534,1774821727.3460364,2465502585.461771
D21-03082,Komeil,50,730000000.0,885029127.9122887,771902791.3519783,1221235170.488724
D21-03083,Yousef Abad,123,7630000000.0,6517909811.650671,6715498858.615302,6289512162.443868
D21-03084,Tajrish,630,75600000000.0,20709580238.126945,14564303650.73049,28870226878.22186
D21-03085,Shahrake Qods,115,950000000.0,1148682471.757629,1074682225.5777786,1130991583.8970592
D21-03086,Qasr-od-Dasht,47,800000000.0,758882849.470556,739160421.3226105,1122032694.7636628
D21-03087,Salsabil,40,750000000.0,579726185.8686198,663516947.8287766,877436230.3163843
D21-03088,Velenjak,250,40000000000.0,23972592912.86495,36113043599.492004,19976627853.314034
D21-03089,Shahrake Qods,85,850000000.0,677573512.711328,617029434.5596913,835950301.141304
D21-03090,Jeyhoon,80,2220000000.0,1858470703.2710311,1881611742.2890952,1874970886.2303536
D21-03091,Gheitarieh,125,12500000000.0,10402369506.189135,7653783294.93068,9839550021.605001
D21-03092,Varamin - Beheshti,750,3500000000.0,35534230898.25245,30057188392.474903,25868533674.770985
D21-03093,Jeyhoon,85,1885000000.0,1713250020.5353875,1228065229.0565064,2000682007.5387602
D21-03094,Mirdamad,170,11800000000.0,10696693899.066301,11251759775.315214,9253392831.31247
D21-03095,Shahrake Qods,71,525000000.0,627155509.8403012,647197588.248623,773954027.0272114
D21-03096,Shahrake Qods,105,920000000.0,1099498604.6597674,1168123983.0283449,1144579899.124749
D21-03097,Shahrake Qods,80,580000000.0,645348258.1848778,694632856.1233858,872060875.5236189
D21-03098,Shahrake Qods,95,930000000.0,930351337.8787918,1017121768.8791717,971333381.4724357
D21-03099,Water Organization,78,2500000000.0,2458141436.792732,1509768353.852253,2704078412.3323007
D21-03100,Shahran,110,4070000000.0,3946545721.5625687,3995327820.3220987,3905418365.622156
D21-03101,East Ferdows Boulevard,71,2950000000.0,2564379255.092729,2496313792.981167,2573532281.363922
D21-03102,Saadat Abad,65,3490000000.0,3613006558.7647243,3581355293.7018633,3916490514.820564
D21-03103,Saadat Abad,88,5200000000.0,5697170750.966067,6048481726.247406,5560642697.00058
D21-03104,Saadat Abad,135,7500000000.0,9817385056.3656,9449627237.677767,8530531410.171334
D21-03105,Si Metri Ji,50,810000000.0,847902533.9644281,989611994.5217812,1077669095.8656642
D21-03106,Shoosh,42,920000000.0,914764009.9924829,1066480413.3983335,1312144094.9542243
D21-03107,Elahieh,171,11500000000.0,12770142687.914165,11606877880.582047,14975024483.202103
D21-03108,Persian Gulf Martyrs Lake,120,1750000000.0,3855951685.9762297,2599908392.343463,3480504176.7010813
D21-03109,Shahr-e-Ziba,60,18000000000.0,1389346404.522213,1462315236.0948753,1976943377.3656998
D21-03110,Jeyhoon,45,800000000.0,711599526.622092,794488240.9725696,1054966691.787051
D21-03111,Salsabil,55,1100000000.0,812958154.6948411,749673903.6607349,1196511237.3325415
D21-03112,Salsabil,72,1350000000.0,1135696206.9795337,960422738.5638363,1548697538.5211873
D21-03113,Ostad Moein,72,1860000000.0,1832416441.3715773,1839731694.1316254,1865904942.5910685
D21-03114,Southern Janatabad,100,5600000000.0,3826854543.103584,4252977554.5723143,3778943368.729889
D21-03115,Ostad Moein,63,1380000000.0,1511558295.7398622,1519436710.7079377,1709461815.9274788
D21-03116,Ostad Moein,61,1180000000.0,1230642194.2431564,1146963179.1487122,1612247513.0880256
D21-03117,Jordan,253,11385000000.0,16131799520.991663,16513038032.124117,12492013604.115335
D21-03118,Northern Chitgar,90,690000000.0,1691349754.286506,943893159.0098952,1725501436.2219262
D21-03119,Jeyhoon,72,1850000000.0,1650553436.356074,1665124508.2246482,1687946706.85928
D21-03120,Shahran,98,4080000000.0,3475703239.793505,3817053554.9067745,3445549700.0136423
D21-03121,Vanak,145,7900000000.0,5667559182.802043,5387097232.914411,5063492063.492068
D21-03122,Saadat Abad,93,4950000000.0,6115484575.856565,5772378782.361288,5929207853.583424
D21-03123,Salsabil,125,3500000000.0,2928187093.5010076,2333252587.6429605,2667329600.220078
D21-03124,Azarbaijan,60,1620000000.0,1427630431.9432366,1318145478.0580232,1636081637.2993698
D21-03125,Yousef Abad,120,7200000000.0,6352117428.328275,6940122357.190235,6136109426.774507
D21-03126,Northern Chitgar,118,320000000.0,2141385092.7363322,1553923932.381491,2141876458.2484317
D21-03127,Punak,89,3000000000.0,3738160388.107152,3954447740.22293,3697182876.5281005
D21-03128,Komeil,62,1670000000.0,1318880617.1747837,1227513022.7847316,1497353491.6370301
D21-03129,North Program Organization,80,2950000000.0,3154399383.4268346,3292124410.2969913,3162568213.848794
D21-03130,Azarbaijan,77,1800000000.0,1699356770.388037,1106431591.690583,2085565047.0848289
D21-03131,Andisheh,72,950000000.0,701464275.1397625,599345599.8893129,928343282.7069043
D21-03132,East Ferdows Boulevard,80,2980000000.0,2891225417.724051,3007442317.3867717,2890202401.9268513
D21-03133,Northern Chitgar,62,875000000.0,1033567371.7907145,723861869.1679417,1188678767.175106
D21-03134,Saadat Abad,115,6000000000.0,7511764762.466274,9527557391.163658,7218562123.437852
D21-03135,Fatemi,94,3100000000.0,2613545907.3559413,2187510684.7454085,3357682508.657144
D21-03136,Parand,91,465000000.0,496186953.2321807,595258227.898464,532651115.5374414
D21-03137,Amirieh,74,1700000000.0,1926180935.837457,1761818889.1926901,1976886434.869667
D21-03138,Shahran,92,3200000000.0,3306982218.092698,3444305904.789997,3288019704.6259637
D21-03139,Shahran,71,2300000000.0,2254769529.850894,2430976762.6011667,2520770035.9924817
D21-03140,Shahr-e-Ziba,92,3300000000.0,3039645199.297252,3248619612.572263,3032461872.5828166
D21-03141,Shahran,42,1760000000.0,1389749844.1417136,1744297182.9054832,1496044873.9034905
D21-03142,Taslihat,63,1800000000.0,1767674165.0324826,2069902435.1547515,2101127192.2871437
D21-03143,Sadeghieh,90,3300000000.0,3140683485.9318814,2288658240.7868624,3120350496.6063104
D21-03144,Kook,140,1792000000.0,7369443167.433487,8582552571.586274,6415605972.938188
D21-03145,Thirteen November,63,800000000.0,2054098999.3835986,1468113257.7238374,2172956828.680763
D21-03146,West Ferdows Boulevard,81,3400000000.0,2931094753.3298483,3139220312.2188807,2913277461.940075
D21-03147,West Ferdows Boulevard,55,2150000000.0,1783598601.186589,2171115203.181012,2009236889.842166
D21-03148,Zargandeh,98,5800000000.0,4062923899.0996823,5416809225.3184595,4017934417.681088
D21-03149,Shahran,84,2410000000.0,2957825335.374273,3183616708.7868385,2953328314.2974005
D21-03150,Shahran,92,2900000000.0,3291462928.456723,3441936134.104932,3266349905.7930784
D21-03151,Shahedshahr,86,421000000.0,1286497595.4773471,1090083499.5791833,1332674852.994984
D21-03152,Shahran,56,1890000000.0,1774292155.4847116,2177227388.577751,1994726498.5379853
D21-03153,Northern Chitgar,90,1315000000.0,1593994096.1923392,886671546.0458342,1633634586.7996492
D21-03154,Hashemi,48,950000000.0,858360056.9705051,749851504.7288553,1246465089.4866369
D21-03155,Punak,80,2800000000.0,3343472868.8434787,3236259905.1623507,3323310450.811769
D21-03156,Railway,120,1536000000.0,4988271670.7809305,5051771220.175343,4868656286.740756
D21-03157,Ostad Moein,39,1170000000.0,986444449.6295811,1039873784.7396904,1058876671.9664297
D21-03158,Jeyhoon,80,2100000000.0,1831819987.2626054,1779031621.1920383,1877081464.781503
D21-03159,Niavaran,190,15200000000.0,20717042482.943985,21504766289.24883,17366352604.23439
D21-03160,Kamranieh,210,34560000000.0,16965972661.30265,24668213265.202774,14477682290.163286
D21-03161,Central Janatabad,90,3590000000.0,3662195800.019187,3739001930.5524926,3629985255.9068503
D21-03162,Parand,75,398000000.0,366970551.8511759,355963280.1957349,439211308.0080264
D21-03163,Punak,67,2150000000.0,2333927970.4879146,2514914601.371498,2782576355.244163
D21-03164,Darakeh,72,2900000000.0,2471310251.9515233,1429165673.98425,2514285714.2857194
D21-03165,Persian Gulf Martyrs Lake,93,2300000000.0,2674000339.849603,1911072191.3609173,2678971093.848783
D21-03166,West Ferdows Boulevard,119,4950000000.0,4300898832.994843,4549264816.234836,4240004525.1997995
D21-03167,Punak,62,2200000000.0,2520582699.6804256,2377226503.564476,2531055019.75453
D21-03168,Shahran,65,1880000000.0,2073725144.0570898,2201217880.718063,2315307542.945872
D21-03169,Sattarkhan,320,28000000000.0,13888535987.840292,26999749545.07096,12068346793.276539
D21-03170,Jeyhoon,145,5000000000.0,3867990813.0997944,4693843462.807978,3406237413.5324507
D21-03171,Parand,75,395000000.0,321125660.4249019,386060326.0627995,430976056.6394024
D21-03172,Aliabad South,73,850000000.0,2307045790.2066216,1262129707.9348328,2516630324.226861
D21-03173,Punak,62,2300000000.0,1953264710.7735498,1957803261.3554204,2531055019.75453
D21-03174,Parand,149,2100000000.0,911115974.6376758,1460042988.340914,872566465.2426152
D21-03175,Punak,68,2050000000.0,2328667806.06974,2647875527.17993,2824813883.1900034
D21-03176,West Ferdows Boulevard,75,2480000000.0,2391736212.404241,2271995151.112457,2657290275.373154
D21-03177,Jeyhoon,133,4700000000.0,3392190864.741833,3711833261.919306,3130478905.9135942
D21-03178,Punak,63,1880000000.0,2314817241.595388,2223860852.5076413,2571878487.8150864
D21-03179,Pirouzi,58,500000000.0,1432470447.9785497,1496649033.2983875,1604573692.777722
D21-03180,Jordan,67,6700000000.0,2957358864.683158,3915604881.31814,3233422677.697313
D21-03181,Shahran,70,2270000000.0,2222515208.3423686,2430976762.6011667,2485266232.668645
D21-03182,Niavaran,135,9000000000.0,13979317667.322643,10569785110.639036,12084456370.393103
D21-03183,Amirabad,122,2400000000.0,5896732977.188166,4742602567.707705,4608206018.267032
D21-03184,Shahran,80,2590000000.0,2810571561.8002706,3004602969.4962325,2812693632.6641903
D21-03185,Punak,55,2750000000.0,1933463278.5037155,2374040591.304627,2166349702.5675187
D21-03186,Shahran,86,3100000000.0,2769069729.3375697,2681078411.8169007,3054185901.3660936
D21-03187,Ostad Moein,30,500000000.0,449314119.82033443,754803993.4074246,777460392.7462769
D21-03188,Southern Janatabad,88,4500000000.0,3258090329.672761,3431834644.5364184,3237228119.684681
D21-03189,Jordan,220,13500000000.0,12388465826.307085,18220510650.040718,10617208792.438965
D21-03190,ShahrAra,102,2950000000.0,3763689520.4201813,3868232449.618435,4097933668.8259597
D21-03191,Gheitarieh,97,6000000000.0,7864803414.720502,7370489178.961127,7551479706.963238
D21-03192,Yousef Abad,150,11000000000.0,8775530304.501928,10184298705.290424,7584651052.343364
D21-03193,Alborz Complex,64,645000000.0,1798991347.7435796,940948525.9348378,2206360832.1988893
D21-03194,Punak,62,2300000000.0,1962794179.7540615,1839528042.0598645,2572503727.9173193
D21-03195,Shahran,100,4200000000.0,3584104064.9612675,3727863061.5834384,3562011604.53211
D21-03196,Shahran,97,3300000000.0,3471675059.80483,3727863061.5834384,3455151256.3961515
D21-03197,Shahran,80,3950000000.0,2810571561.8002706,3004602969.4962325,2812693632.6641903
D21-03198,Narmak,53,2300000000.0,1354829138.0301125,1191079997.214069,1854999999.999999
D21-03199,Ostad Moein,68,1680000000.0,1784251209.154442,1675111891.5664332,1797259522.7866516
D21-03200,Fatemi,105,4300000000.0,3480576041.279358,3767720418.5709076,3750602802.223405
D21-03201,Punak,70,2300000000.0,2649584131.0403686,2390939520.948989,2907896644.4602976
D21-03202,Central Janatabad,86,4300000000.0,3486630848.648433,3660098817.797665,3449205238.922263
D21-03203,Beryanak,62,682000000.0,835824471.4111376,566600443.0207267,1273950419.8406668
D21-03204,Salsabil,40,830000000.0,645871016.9025806,637814663.7356842,860387521.40066
D21-03205,Karoon,57,1700000000.0,1177269539.1157703,1395140792.2937882,1283485924.3533556
D21-03206,Jordan,140,7700000000.0,7761873369.846948,8738333460.403336,6743520012.079866
D21-03207,Qasr-od-Dasht,40,790000000.0,615189227.2272098,718901083.6347115,951339830.4668221
D21-03208,Salsabil,35,780000000.0,578323029.9581486,755216457.963108,746852288.0616218
D21-03209,Gheitarieh,112,8610000000.0,9142133640.398026,8948024017.494219,8719234300.82352
D21-03210,Saadat Abad,140,8000000000.0,10198171955.192753,9679882349.666426,8846477017.955475
D21-03211,Eskandari,48,1280000000.0,1267758929.3357954,883051878.7135627,1652075564.7877243
D21-03212,Punak,70,2800000000.0,2871000774.531885,2751026483.450604,2907169326.3745008
D21-03213,Kamranieh,175,17000000000.0,13821227981.304708,14751771361.66399,11724681062.957724
D21-03214,Ekhtiarieh,135,8100000000.0,8187142674.785044,9097848842.607794,7711747906.373831
D21-03215,Karoon,45,880000000.0,734692057.1513108,789903328.4889108,1087716968.9840858
D21-03216,Azarbaijan,50,1250000000.0,1094464947.8844879,967265477.8953112,1363401364.4161413
D21-03217,Central Janatabad,61,2000000000.0,2192312521.5100493,2432548594.229968,2446529297.375097
D21-03218,Salsabil,47,1050000000.0,794527658.5303854,887090571.1854118,1010955337.645775
D21-03219,Farmanieh,210,33600000000.0,22290972181.52082,22329020876.588936,18705548234.9588
D21-03220,Parand,82,455000000.0,402779765.9799518,451092461.277752,480204363.42211044
D21-03221,Pirouzi,72,2376000000.0,1546581806.4411643,1049151168.3066168,1984362859.5172057
D21-03222,Feiz Garden,65,1900000000.0,1831288811.7018661,1960832227.515251,2324399989.9126325
D21-03223,Jeyhoon,44,945000000.0,695107121.3932891,753463943.5197136,1031522987.5251132
D21-03224,Azarbaijan,58,1270000000.0,1088266861.4627163,1114374163.519205,1584822243.9771032
D21-03225,Shahryar,127,2500000000.0,2292999895.8495555,2086097852.150068,2279501355.897573
D21-03226,Gheitarieh,124,7700000000.0,11266947300.284771,8034506523.813916,9653437975.91176
D21-03227,Shahran,65,2350000000.0,2264660142.688383,2404652967.130021,2323057400.007471
D21-03228,Gheitarieh,110,8660000000.0,8408799330.502032,7709901107.284414,7987061641.306764
D21-03229,Niavaran,200,15000000000.0,24189608875.63384,20382237807.96992,18179487510.300873
D21-03230,Elahieh,240,34560000000.0,21218078289.633232,29422281726.25264,19069429942.878765
D21-03231,Parand,75,330000000.0,368473174.53086597,370800373.823707,438998172.14624363
D21-03232,Ostad Moein,130,1280000000.0,3385314179.371284,4054421556.8161826,3529588906.5547657
D21-03233,Pishva,72,300000000.0,1472390987.2576878,1318094220.5936368,1784597260.0251281
D21-03234,Jordan,101,5200000000.0,5072569855.5617895,5931956761.961637,4970300025.370502
D21-03235,Punak,82,3300000000.0,3431010018.9374566,3578885382.644024,3406393212.0820627
D21-03236,Elahieh,150,11760000000.0,14673395741.111189,11889524451.238312,13757534929.42159
D21-03237,Beryanak,48,740000000.0,672736064.7346996,348090495.1952793,986284196.005678
D21-03238,Farmanieh,106,4450000000.0,10180695615.596533,7394705156.24636,9636944734.416086
D21-03239,Farmanieh,205,20000000000.0,22301639810.215084,27401592463.217022,18637487458.06884
D21-03240,Gheitarieh,125,1125000000.0,10068424703.16613,9031585156.099825,9590295977.31322
D21-03241,Shahr-e-Ziba,85,2900000000.0,2788472320.9498525,3028804002.042183,2801731077.9297714
D21-03242,Azarbaijan,220,15000000000.0,6726960981.376242,7649905868.621921,5998966003.431027
D21-03243,Shahran,104,4080000000.0,2928066431.265075,3353850828.3723893,3656501722.4634547
D21-03244,Shahran,99,3900000000.0,3545996940.474647,3843559148.5669847,3514876529.059945
D21-03245,Shahrake Gharb,165,18150000000.0,13622222967.660366,12998755170.536287,11679505909.566944
D21-03246,Pardis,98,650000000.0,727389137.5397402,732741343.2988088,770637174.9287428
D21-03247,Shahr-e-Ziba,71,2150000000.0,1980267913.3515878,2282277576.0837913,2326648607.0591683
D21-03248,Persian Gulf Martyrs Lake,104,3500000000.0,3024283962.125604,2786109727.205378,3016337871.8730516
D21-03249,Shahran,102,4000000000.0,3663451524.114472,3895986017.2678986,3622406534.178393
D21-03250,Shahran,112,5400000000.0,4097670043.015324,4442112088.710879,4002806596.9359503
D21-03251,Shahrake Qods,80,550000000.0,527836993.5513076,616918913.5807654,817964952.8188922
D21-03252,Jeyhoon,69,1700000000.0,1599197754.021702,1678565914.0558162,1617162389.3736825
D21-03253,Saadat Abad,135,9000000000.0,9817385056.3656,9449627237.677767,8530531410.171334
D21-03254,Qasr-od-Dasht,44,1000000000.0,708410342.2290453,735367749.5597416,1050413586.5872566
D21-03255,Shahr-e-Ziba,80,2480000000.0,2360899499.6316557,2394147684.5191007,2621575895.2779374
D21-03256,Persian Gulf Martyrs Lake,80,750000000.0,2290906200.312509,1522953381.9266546,2320336117.8007226
D21-03257,Parand,60,300000000.0,228167550.72230962,365877487.4603734,344780845.31152225
D21-03258,Parand,60,300000000.0,247013493.89310205,380365461.96674335,353119412.9499064
D21-03259,Saadat Abad,108,8600000000.0,7015073785.218569,6794914061.876148,6808109422.753113
D21-03260,Mirdamad,150,8200000000.0,8268873674.392767,9461710352.578814,8028556343.950769
D21-03261,Parand,78,780000000.0,357944594.53449816,399341004.73568106,459055236.8348792
D21-03262,Firoozkooh,77,470000000.0,2458314877.3645644,1301149168.390459,2655836123.943153
D21-03263,Yousef Abad,160,18000000000.0,9856349799.30344,13876677852.733246,8236365079.705945
D21-03264,Golestan,106,2340000000.0,1470137409.837338,1510482943.9374099,1500244394.9148583
D21-03265,West Pars,135,5600000000.0,5039187458.807192,4945383195.548517,4485427929.563832
D21-03266,Amirabad,102,4300000000.0,3750082446.3662577,3901073766.453661,3824944461.7357693
D21-03267,Punak,68,2150000000.0,2781718588.8135486,2652837716.114112,2824107345.620943
D21-03268,Saadat Abad,136,11000000000.0,9947387517.138943,8530628181.432101,8573174828.652077
D21-03269,Jeyhoon,77,1680000000.0,1767060193.5826116,1974936405.6503146,1808829523.0482678
D21-03270,Vahidiyeh,84,588000000.0,1844361726.3876832,1757030294.1771848,2173974284.9239016
D21-03271,Shadabad,69,890000000.0,2206298047.7245846,1508347243.251953,2409523809.523815
D21-03272,Andisheh,55,797500000.0,654345815.3837715,531877455.899208,758781000.0891178
D21-03273,West Ferdows Boulevard,94,4100000000.0,3354937829.1043057,3490618993.385764,3330470478.4676847
D21-03274,Persian Gulf Martyrs Lake,120,295000000.0,3924041780.2496285,2073784422.6295233,3480389852.1612043
D21-03275,Persian Gulf Martyrs Lake,90,290000000.0,2583786574.4169407,1812180190.8648088,2592552671.466563
D21-03276,Persian Gulf Martyrs Lake,60,295000000.0,1539596930.332045,1115769638.1052427,1740252088.3505437
D21-03277,Beryanak,54,760000000.0,712295481.4538066,550367054.9715365,1076533381.3768313
D21-03278,Gheitarieh,144,7250000000.0,13271493821.518133,9599907001.76372,11335161624.888937
D21-03279,Parand,80,380000000.0,367553827.61026883,467621757.14350307,470825883.93320805
D21-03280,Ozgol,110,6550000000.0,6150054672.9925995,5885110288.879031,5399468937.70121
D21-03281,Yousef Abad,55,2150000000.0,2407297364.352037,2642312303.081614,3024292293.002721
D21-03282,Punak,65,1900000000.0,2024301552.5525825,2254754991.8316827,2700189741.28456
D21-03283,Salsabil,60,1520000000.0,1236872044.2090814,1238178574.33663,1280318208.1056366
D21-03284,Andisheh,69,980000000.0,793294481.4431459,837129714.6025584,922745318.4839929
D21-03285,Persian Gulf Martyrs Lake,180,2720000000.0,6503951817.75873,7087372524.00784,5364805450.5647745
D21-03286,Parand,180,2100000000.0,904268881.819552,2004317210.4300885,1034342535.9345679
D21-03287,Ozgol,110,6550000000.0,5531747960.96127,5748142279.784652,4842983274.841034
D21-03288,Narmak,130,6300000000.0,3687644467.504928,3361633363.6201124,4537209171.766806
D21-03289,Gheitarieh,82,7000000000.0,6105112217.994665,4522051216.501157,5953991405.337769
D21-03290,Gheitarieh,128,9200000000.0,11647637181.316786,8143838859.110327,9964839200.941168
D21-03291,Farmanieh,85,6100000000.0,7423029935.36403,6626088263.476541,7170811774.743145
D21-03292,Ahang,68,1400000000.0,2014733704.0146115,1752995321.6524885,2122446747.2959173
D21-03293,West Pars,110,6550000000.0,4069629252.753345,3812519049.8374424,3654793127.792753
D21-03294,Parand,94,680000000.0,444426634.2094544,634519209.8946261,546857329.1278077
D21-03295,Naziabad,42,640000000.0,1018328273.7609116,728328601.5040371,1470000000.000003
D21-03296,Punak,63,2200000000.0,2328556973.382014,2432411148.7828183,2571878487.8150864
D21-03297,Parand,62,350000000.0,259500985.92754304,322738863.80330324,360693131.97791517
D21-03298,Jordan,155,13950000000.0,8793342667.329546,10176221233.759893,7627688157.746802
D21-03299,Afsarieh,65,1550000000.0,1803308065.8297307,1650276429.762722,1838477631.085021
D21-03300,Jordan,138,9500000000.0,7558178078.810511,8078606810.500859,6690238818.465601
D21-03301,Azarbaijan,135,3440000000.0,4050120508.838409,3351925446.99339,3646703910.3840694
D21-03302,Azarbaijan,135,3440000000.0,4108215622.0667396,3540913559.0472302,3688810395.4639487
D21-03303,Pardis,71,540000000.0,404422005.68598557,524915472.0820642,553686546.295907
D21-03304,Kook,175,10500000000.0,9640999604.435862,11932486450.91223,8349396689.075814
D21-03305,Shahrake Gharb,145,10500000000.0,11637025349.94274,10032203911.201324,10039703310.680073
D21-03306,Shahrake Gharb,285,28500000000.0,26273318610.15904,31612853294.307793,19878648625.565613
D21-03307,Shahrake Gharb,125,11250000000.0,10138047974.04373,9566684794.54051,8718705537.52877
D21-03308,Shahrake Gharb,115,12000000000.0,8291543806.070455,8930838805.917404,7962523315.366949
D21-03309,Andisheh,59,708000000.0,709781746.72442,763284327.5521865,817149177.315636
D21-03310,Parand,89,430000000.0,535300913.7185718,683367553.2148075,517769173.32313657
D21-03311,Jeyhoon,78,2250000000.0,1896580720.5603888,1863235857.9974954,1835919959.8590987
D21-03312,Parand,65,340000000.0,313363109.2561957,409352909.8969928,373512582.42081505
D21-03313,Parand,78,480000000.0,423117283.6730054,419871864.01443994,448215098.9049782
D21-03314,Central Janatabad,82,3000000000.0,3327958086.0200777,3560348802.3335094,3320154919.464894
D21-03315,Gheitarieh,125,1550000000.0,7716596540.644771,8356871443.799435,9731288282.169132
D21-03316,Vahidieh,60,1280000000.0,1640927575.3748567,2147136429.3612368,1943128130.9219809
D21-03317,Salsabil,57,1200000000.0,889346644.3305719,910345055.607809,1226052217.995938
D21-03318,Afsarieh,66,1120000000.0,1506476213.687807,1629003153.899423,1927059764.651427
D21-03319,West Ferdows Boulevard,80,3000000000.0,2838618139.180065,3034951849.9138002,2850423210.218348
D21-03320,Shahran,46,1700000000.0,1444223166.7524514,1842199157.7633197,1638525338.0847702
D21-03321,East Ferdows Boulevard,80,3000000000.0,2904464235.448438,3176638393.388779,2899754683.226956
D21-03322,Southern Janatabad,73,3060000000.0,2680876628.0872006,2633282549.2645063,2685427872.0111494
D21-03323,Northern Janatabad,115,5175000000.0,3429183745.2335644,3553781914.038229,4286410925.386461
D21-03324,West Pars,65,1950000000.0,2091689833.8201587,2123983223.5485277,2351929162.4762883
D21-03325,Southern Janatabad,72,2550000000.0,2703040752.3472147,2686289832.728179,2720861411.4961586
D21-03326,Southern Janatabad,80,3000000000.0,3029776871.9667993,3109107390.837852,3023154694.983914
D21-03327,Central Janatabad,80,3000000000.0,3239682137.892367,3168843624.6515265,3208563012.950948
D21-03328,Narmak,97,4000000000.0,3426295173.1100354,2579779972.3369503,3393518178.42792
D21-03329,Niavaran,150,11000000000.0,16157286040.857054,14920399220.855791,13634615632.72562
D21-03330,ShahrAra,175,7800000000.0,7224210588.937783,9622175623.86596,6336499067.637554
D21-03331,Parand,74,480000000.0,296404234.6776661,360149887.7426722,425229709.2175436
D21-03332,Marzdaran,157,10200000000.0,9581854782.688438,10325650074.196674,8289874450.9202385
D21-03333,Feiz Garden,92,3350000000.0,3503310008.289609,3916202597.3539095,3475165240.160828
D21-03334,Pasdaran,190,12350000000.0,14740892727.142696,14968880172.520428,12582592600.887718
D21-03335,Pasdaran,110,8800000000.0,6829938005.201164,7490679872.239099,6589519052.669442
D21-03336,Pirouzi,50,1100000000.0,962134567.8510681,980703761.5160927,1376260281.476499
D21-03337,Marzdaran,197,15563000000.0,12782482511.696102,15119191102.535322,10898176739.99587
D21-03338,Chidz,107,8600000000.0,3722209322.669341,2878377262.657349,3688759516.332518
D21-03339,Farmanieh,78,7200000000.0,7084996199.209531,4489559627.535398,6839036074.671841
D21-03340,Central Janatabad,46,1950000000.0,1647976992.0978036,2099567407.671376,1855325797.4635048
D21-03341,Mahmoudieh,112,8400000000.0,4501263407.518748,4913375688.67923,4412307156.3439455
D21-03342,Tehran Now,60,1500000000.0,1291146917.5290318,1180590402.7577653,1916783088.2944121
D21-03343,Marzdaran,128,6700000000.0,7786850830.105513,7729664072.617996,6758623756.164266
D21-03344,Kook,193,13000000000.0,10622084501.916447,15070514155.884169,9192545198.405622
D21-03345,Niavaran,120,9000000000.0,11546340826.00516,9691689081.720207,10907692506.180506
D21-03346,Ghoba,115,8150000000.0,4042288845.3972716,4490050889.993823,3980769230.769224
D21-03347,Southern Janatabad,95,3300000000.0,3626822193.3838882,3996052461.67968,3589996200.293402
D21-03348,Central Janatabad,92,3400000000.0,3731328375.16059,3892188093.1986904,3690000111.613038
D21-03349,West Ferdows Boulevard,71,2000000000.0,2316109322.84773,2196433903.337552,2573599432.9847803
D21-03350,Damavand,95,1750000000.0,1112380747.413363,1243656709.94529,1153752510.6240063
D21-03351,Salsabil,40,630000000.0,570397267.8336147,624293889.6560075,853545472.0704249
D21-03352,Punak,52,2360000000.0,1823254350.181633,2690024532.9557915,2048185173.33656
D21-03353,Salsabil,84,1900000000.0,1757123261.5360672,1297997714.3096962,1792445491.3478897
D21-03354,Amirieh,80,1800000000.0,2096993706.1459088,1951236758.040011,2137174524.1834238
D21-03355,Salsabil,58,715000000.0,861401553.4483287,752662134.8266056,1261775486.6415863
D21-03356,Shahran,68,2270000000.0,2378806027.360337,2482334217.7602363,2430275433.8539715
D21-03357,Southern Janatabad,90,3350000000.0,3335393157.3021226,3440018399.078631,3310801486.0411496
D21-03358,Republic,65,1400000000.0,1405733922.337596,1463507389.2824113,2008441380.1093342
D21-03359,Rudhen,200,2850000000.0,3791224280.4198046,2718335091.3912024,4404297517.937609
D21-03360,Amirieh,72,1670000000.0,1906748564.5633068,1671088172.47148,1937962895.00423
D21-03361,Qasr-od-Dasht,80,1800000000.0,1835011776.9198213,1974936405.6503146,1875232086.3890176
D21-03362,Amirieh,71,1650000088.0,1879123622.9660249,1683709271.7458775,1911046743.6847234
D21-03363,Amirieh,86,1980000000.0,2235730536.610542,1867698092.2090724,2244677819.3934994
D21-03364,Parand,75,345000000.0,333497416.52616256,358250870.12446356,436322337.07005966
D21-03365,West Ferdows Boulevard,54,22500000003.0,1751055183.0767808,2124946403.5936615,1957385484.241951
D21-03366,Shahr-e-Ziba,60,1960000000.0,1759115904.5145378,1602659630.6201046,1976943377.3656998
D21-03367,East Ferdows Boulevard,105,5830000000.0,4257786404.6929293,4288456634.2005816,3793390652.5289893
D21-03368,Abazar,72,3350000000.0,3164547559.564294,3495497784.130271,3187772686.477915
D21-03369,Pasdaran,186,9300000000.0,13112110713.326323,14815507679.479532,11142277670.87745
D21-03370,Heravi,110,6050000000.0,6100174816.915625,6264976582.301668,5949763501.497021
D21-03371,Southern Janatabad,90,3350000000.0,3413936604.7042985,3705824523.0642285,3401076764.370195
D21-03372,Islamshahr,84,855000000.0,1135849202.3635879,1057465549.8095341,1165888055.0478659
D21-03373,Kahrizak,53,450000000.0,600558733.1264458,416974663.2440139,883896617.5564235
D21-03374,Javadiyeh,63,1450000000.0,1764852250.059346,977435904.9625822,2200000000.0000043
D21-03375,Shahran,53,1470000000.0,1309625444.175086,1593709682.6158178,1894185264.6214764
D21-03376,Southern Janatabad,105,3500000000.0,4027354249.3020706,4357666352.826882,3967890537.1663837
D21-03377,Saadat Abad,100,4550000000.0,6618801773.51193,6256881961.296439,6375492315.68109
D21-03378,Saadat Abad,93,3900000000.0,6115484575.856565,5772378782.361288,5929207853.583424
D21-03379,Atabak,83,1286500000.0,2254286285.8185234,2467994287.3656993,2546765446.6467624
D21-03380,Saadat Abad,135,7500000000.0,9384500738.214214,8481361909.277443,8134249530.781175
D21-03381,Saadat Abad,65,3490000000.0,3225852020.5258603,3024252667.2685404,4097473263.6939974
D21-03382,Saadat Abad,100,4480000000.0,6512539989.585633,6923436451.496502,6318912155.682488
D21-03383,Damavand,80,750000000.0,830982411.7816325,701126195.1834725,1081772566.715338
D21-03384,Saadat Abad,90,5250000000.0,5584749307.977897,5011497589.722458,5422833020.520787
D21-03385,Central Janatabad,73,1900000000.0,2951946017.839023,2945199537.973726,2927813749.3177357
D21-03386,Shahran,82,3600000000.0,2917330035.2700324,3185787869.8809147,2912130743.163024
D21-03387,Yousef Abad,148,8140000000.0,8702046684.289595,9631172384.373457,7567868293.021911
D21-03388,Shahran,90,3150000000.0,3354631702.679061,3360170869.133589,3195342299.145402
D21-03389,Darabad,112,7000000000.0,4379847586.270647,5096068208.695848,4267026684.924926
D21-03390,Si Metri Ji,45,8900000000.0,720797495.0972337,848433104.763494,964299459.3393867
D21-03391,Narmak,70,1850000000.0,2189418943.356152,1056889838.5872403,2448930644.2263327
D21-03392,Mirdamad,107,7597000000.0,5768938314.581086,6683231310.30754,5603684518.092249
D21-03393,Tehransar,37,1180000000.0,922765055.4461827,870354777.0017153,1066929053.6466714
D21-03394,Jeyhoon,65,1725000000.0,1343982473.9431021,1334634270.6002672,1526934012.9628212
D21-03395,Shahr-e-Ziba,76,2850000000.0,2477811192.0358305,2470740062.6039715,2490497100.514046
D21-03396,Yakhchiabad,66,1000000000.0,1736231463.551482,845421122.7688037,2304761904.761911
D21-03397,Persian Gulf Martyrs Lake,130,865000000.0,4192811097.563699,3505858524.3178444,3770546191.426178
D21-03398,Shoosh,63,1200000000.0,1921236197.1153862,1231675714.6891224,2035473324.0059144
D21-03399,Shahrake Quds,75,500000000.0,1335473059.2492864,1181010369.9897878,1715660566.7583272
D21-03400,Jeyhoon,52,1200000000.0,1019919072.7038522,921510718.3651305,1219072621.6205897
D21-03401,Parand,86,275000000.0,440564799.6608321,457085973.0156832,503628966.51587117
D21-03402,Parand,58,246000000.0,255691310.47392392,351688953.2171887,341348765.8515768
D21-03403,West Ferdows Boulevard,76,2600000000.0,2661195807.890023,2681798674.2406073,2692720812.3781257
D21-03404,Shahrake Qods,54,470000000.0,332210123.6237242,397443137.35198814,552126343.1527535
D21-03405,Daryan No,140,6300000000.0,5701250226.409213,6082267888.905705,5100621278.925225
D21-03406,Parand,74,313000000.0,363324020.4621063,402265996.8703319,435513942.63821894
D21-03407,Velenjak,186,15000000000.0,17607903660.4493,17699033550.519295,14862611122.865627
D21-03408,Mehran,140,8400000000.0,7290929714.097516,6963858926.042529,6388377144.074335
D21-03409,Persian Gulf Martyrs Lake,114,4000000000.0,3457405080.69517,3397377265.941315,3397710118.6910334
D21-03410,Ostad Moein,51,1100000000.0,1079056751.9922411,1077689364.8271396,1351360575.1184194
D21-03411,Kamranieh,180,14000000000.0,14234816746.881468,14932616241.266054,12059671950.470776
D21-03412,Punak,70,3500000000.0,2488438517.362794,2897262086.689057,2757172348.7222915
D21-03413,Sattarkhan,120,5400000000.0,4628500008.545692,4380737288.341012,4082710188.1433635
D21-03414,Punak,137,6850000000.0,6092672777.721567,6035126390.238606,5396180168.213627
D21-03415,Shahran,92,3220000000.0,3284653826.6391244,3430275994.2644095,3277050676.169546
D21-03416,West Ferdows Boulevard,45,1650000000.0,1307504039.5058546,1706436396.060857,1631154570.2016196
D21-03417,Waterfall,68,1000000000.0,1976608111.1451821,1495999969.5549946,2322419181.5833983
D21-03418,Punak,80,3760000000.0,3151205137.6102614,3205263747.218619,3151054112.8254766
D21-03419,Central Janatabad,85,3200000000.0,2980228727.0276575,2874850819.1731577,3441599406.007719
D21-03420,Central Janatabad,88,4000000000.0,3583179007.444536,3723589650.1475496,3563093084.303792
D21-03421,Mehran,118,7080000000.0,5483938253.729495,6047501623.525173,5374508985.209203
D21-03422,Marzdaran,180,10800000000.0,10563453755.2396,10029786801.353573,9957724940.097778
D21-03423,West Ferdows Boulevard,60,1860000000.0,1765267384.099719,1996629567.3080966,2174872760.2688317
D21-03424,Shahryar,80,410000000.0,1051272783.0880575,724848043.857297,1314418710.473844
D21-03425,Vahidiyeh,86,520000000.0,1792117958.0186214,1461412623.9805334,2273911623.9565
D21-03426,Velenjak,123,12500000000.0,12204249370.061789,8492763835.709215,10653274018.702663
D21-03427,Daryan No,148,6000000000.0,6024084866.795905,6324391664.235292,5336083188.323457
D21-03428,Ostad Moein,80,2250000000.0,2132661865.5657456,1951236758.040011,2172054711.726007
D21-03429,Parand,58,325000000.0,242004826.27122825,282950586.2264954,337422607.33417916
D21-03430,Punak,55,2300000000.0,2020907136.8130293,2269037115.98484,2245290743.3306317
D21-03431,West Ferdows Boulevard,60,1950000000.0,1926008068.5998006,2246818392.051188,2157983305.1407948
D21-03432,Shahrake Gharb,133,10000000000.0,12061465068.71206,10052812183.233961,9811680512.524912
D21-03433,Damavand,94,595000000.0,1027656682.5272812,986342019.8462977,1271082765.8905213
D21-03434,Beryanak,68,1258000000.0,1129106204.6184995,1057097001.2093465,1358764416.191082
D21-03435,Andisheh,61,460000000.0,628867703.3629014,670028354.2803594,833462585.5003579
D21-03436,West Ferdows Boulevard,75,2650000000.0,2715384091.5851655,2577816697.0380554,2718590950.336037
D21-03437,West Ferdows Boulevard,81,4455000000.0,2931094753.3298483,3139220312.2188807,2913277461.940075
D21-03438,Mehran,74,4070000000.0,3537978434.200678,3761473513.654322,3543541341.008161
D21-03439,Shahran,97,2700000000.0,3471675059.80483,3727863061.5834384,3455151256.3961515
D21-03440,Niavaran,94,8450000000.0,9054167584.882055,7035006447.287408,8671733556.214502
D21-03441,Ostad Moein,113,3170000000.0,3353404447.988284,3046452382.2324715,2986622442.277821
D21-03442,Feiz Garden,63,1890000000.0,1977169830.9962015,2249237055.4551935,2379732718.805786
D21-03443,Southern Janatabad,86,3500000000.0,3180863809.2001467,3213786501.4853325,3163654753.3282027
D21-03444,Niavaran,83,6800000000.0,7693646381.119746,6282499354.179745,7429702805.500966
D21-03445,Parand,75,365000000.0,319768500.0032976,384507295.4778706,436322337.07005966
D21-03446,Dorous,105,5600000000.0,6026574384.912978,6038985255.324158,5833857911.3323765
D21-03447,Parand,82,360000000.0,375243213.8906886,389695174.66958296,479971334.8798929
